occurrence_id,content_id,eligibility,confidence,attack_surfaces,attack_surface_evidence,recovery_requirement,evidence_refs,last_state
ANARCHI-TEST-OCC-000FED281DAE67A0,ANARCHI-TEST-CONTENT-C86EA6911247A531,UNADJUDICATED,NONE,,,,,DISCOVERED
ANARCHI-TEST-OCC-00180FD38565D36A,ANARCHI-TEST-CONTENT-44DEC0221309E44A,UNADJUDICATED,NONE,,,,,DISCOVERED
ANARCHI-TEST-OCC-001C37BA211C1453,ANARCHI-TEST-CONTENT-08BF31272525EE99,UNADJUDICATED,NONE,,,,,DISCOVERED
ANARCHI-TEST-OCC-00259BE66F14EA62,ANARCHI-TEST-CONTENT-6BE140C9DCC31F66,UNADJUDICATED,NONE,,,,,DISCOVERED
ANARCHI-TEST-OCC-00538FF6BC3FA56A,ANARCHI-TEST-CONTENT-E3B0C44298FC1C14,UNADJUDICATED,NONE,,,,,DISCOVERED
ANARCHI-TEST-OCC-0069F8DF6593FFE5,ANARCHI-TEST-CONTENT-3EF82C52144CBC12,UNADJUDICATED,NONE,,,,,DISCOVERED
ANARCHI-TEST-OCC-0073B7FC77A1E2B9,ANARCHI-TEST-CONTENT-B7DF75BD815F402E,UNADJUDICATED,NONE,,,,,DISCOVERED
ANARCHI-TEST-OCC-007918A06434AC43,ANARCHI-TEST-CONTENT-4C611B77BFA836B5,UNADJUDICATED,NONE,,,,,DISCOVERED
ANARCHI-TEST-OCC-009350ABCACD19C6,ANARCHI-TEST-CONTENT-37A1D4050811CD4D,UNADJUDICATED,NONE,,,,,DISCOVERED
ANARCHI-TEST-OCC-0098555AE5B53C87,ANARCHI-TEST-CONTENT-3C40EC45D7E4F155,UNADJUDICATED,NONE,,,,,DISCOVERED
ANARCHI-TEST-OCC-00BD17B3C6635251,ANARCHI-TEST-CONTENT-59A27AE868572780,UNADJUDICATED,NONE,,,,,DISCOVERED
ANARCHI-TEST-OCC-00E6C8BC7AEC4D46,ANARCHI-TEST-CONTENT-000FDA8E2BFCC029,UNADJUDICATED,NONE,,,,,DISCOVERED
ANARCHI-TEST-OCC-00E93BCBF11D0727,ANARCHI-TEST-CONTENT-1AC64A6818C0954D,UNADJUDICATED,NONE,,,,,DISCOVERED
ANARCHI-TEST-OCC-00F8C36D080320F7,ANARCHI-TEST-CONTENT-33BF1AD230778589,UNADJUDICATED,NONE,,,,,DISCOVERED
ANARCHI-TEST-OCC-00FC453A9C8AFC0F,ANARCHI-TEST-CONTENT-7349C09C56BA9A32,UNADJUDICATED,NONE,,,,,DISCOVERED
ANARCHI-TEST-OCC-00FC5BB382A04AD8,ANARCHI-TEST-CONTENT-45D0BDFF787DBA6C,UNADJUDICATED,NONE,,,,,DISCOVERED
ANARCHI-TEST-OCC-00FE24FCCC4CE79F,ANARCHI-TEST-CONTENT-0FAB29DCC3AF5875,UNADJUDICATED,NONE,,,,,DISCOVERED
ANARCHI-TEST-OCC-0118C38DDF2FC38C,ANARCHI-TEST-CONTENT-609A9BE54B71AE5D,UNADJUDICATED,NONE,,,,,DISCOVERED
ANARCHI-TEST-OCC-0133E4F40E3EF61F,ANARCHI-TEST-CONTENT-29EC545AF73F370A,UNADJUDICATED,NONE,,,,,DISCOVERED
ANARCHI-TEST-OCC-013FB736E0D045E1,ANARCHI-TEST-CONTENT-40171C91EF7FB79D,UNADJUDICATED,NONE,,,,,DISCOVERED
ANARCHI-TEST-OCC-018D15E54A1C1E89,ANARCHI-TEST-CONTENT-F514883BAD06A84C,UNADJUDICATED,NONE,,,,,DISCOVERED
ANARCHI-TEST-OCC-019E52214A368ABA,ANARCHI-TEST-CONTENT-87FCAD3F436167CB,UNADJUDICATED,NONE,,,,,DISCOVERED
ANARCHI-TEST-OCC-01A440EFA038D29D,ANARCHI-TEST-CONTENT-3350B8C5288D066D,UNADJUDICATED,NONE,,,,,DISCOVERED
ANARCHI-TEST-OCC-01A6C68A8EA8B5BC,ANARCHI-TEST-CONTENT-F514883BAD06A84C,UNADJUDICATED,NONE,,,,,DISCOVERED
ANARCHI-TEST-OCC-01ABA5944A3C80AF,ANARCHI-TEST-CONTENT-F514883BAD06A84C,UNADJUDICATED,NONE,,,,,DISCOVERED
ANARCHI-TEST-OCC-01B9B20323D26897,ANARCHI-TEST-CONTENT-BB397E6A0C8BA193,UNADJUDICATED,NONE,,,,,DISCOVERED
ANARCHI-TEST-OCC-01C127B08FAEA430,ANARCHI-TEST-CONTENT-3E0DBA2D1A6FD324,UNADJUDICATED,NONE,,,,,DISCOVERED
ANARCHI-TEST-OCC-01DE23E01D8CAE91,ANARCHI-TEST-CONTENT-9D9CAECCC6B30BF1,UNADJUDICATED,NONE,,,,,DISCOVERED
ANARCHI-TEST-OCC-01FAE78E8EE89CDD,ANARCHI-TEST-CONTENT-77B10C50542C121D,UNADJUDICATED,NONE,,,,,DISCOVERED
ANARCHI-TEST-OCC-01FD6DC45A01715F,ANARCHI-TEST-CONTENT-D1DEEF6D5B8A8B71,UNADJUDICATED,NONE,,,,,DISCOVERED
ANARCHI-TEST-OCC-0227B2B70B19E2A9,ANARCHI-TEST-CONTENT-92FF01AB4E142C25,UNADJUDICATED,NONE,,,,,DISCOVERED
ANARCHI-TEST-OCC-022A5C7FF24D1FED,ANARCHI-TEST-CONTENT-24DD33CA06709BC4,UNADJUDICATED,NONE,,,,,DISCOVERED
ANARCHI-TEST-OCC-022FB46B3924CF39,ANARCHI-TEST-CONTENT-81EC50A14AC23B01,UNADJUDICATED,NONE,,,,,DISCOVERED
ANARCHI-TEST-OCC-02301384122D631A,ANARCHI-TEST-CONTENT-CEFFDA1ED4D1E63B,UNADJUDICATED,NONE,,,,,DISCOVERED
ANARCHI-TEST-OCC-0235D3AEAFB78AC1,ANARCHI-TEST-CONTENT-B5CBCAFD5D895ED8,UNADJUDICATED,NONE,,,,,DISCOVERED
ANARCHI-TEST-OCC-023C7E6DE01F3363,ANARCHI-TEST-CONTENT-15F3B00A1BC049C6,UNADJUDICATED,NONE,,,,,DISCOVERED
ANARCHI-TEST-OCC-024C5A175AF6FA8F,ANARCHI-TEST-CONTENT-32183BD6F9E38DBE,UNADJUDICATED,NONE,,,,,DISCOVERED
ANARCHI-TEST-OCC-0262F10473685F3F,ANARCHI-TEST-CONTENT-A4A49C27C96C6067,UNADJUDICATED,NONE,,,,,DISCOVERED
ANARCHI-TEST-OCC-026B4BDAC569216C,ANARCHI-TEST-CONTENT-BCF72DBB14E83E46,UNADJUDICATED,NONE,,,,,DISCOVERED
ANARCHI-TEST-OCC-028D65E602D92334,ANARCHI-TEST-CONTENT-79D977968F538799,UNADJUDICATED,NONE,,,,,DISCOVERED
ANARCHI-TEST-OCC-02942CEC90D63063,ANARCHI-TEST-CONTENT-948547B6DB811911,UNADJUDICATED,NONE,,,,,DISCOVERED
ANARCHI-TEST-OCC-0297B01A5DAAD1FC,ANARCHI-TEST-CONTENT-E52CBF48644BFCD9,UNADJUDICATED,NONE,,,,,DISCOVERED
ANARCHI-TEST-OCC-029E1E804DFA2CA2,ANARCHI-TEST-CONTENT-4CA41F8FA6F44D6B,UNADJUDICATED,NONE,,,,,DISCOVERED
ANARCHI-TEST-OCC-02A2EE90A9ABBCBA,ANARCHI-TEST-CONTENT-18D5F482ABFB954D,UNADJUDICATED,NONE,,,,,DISCOVERED
ANARCHI-TEST-OCC-02B2F1E58E27391D,ANARCHI-TEST-CONTENT-194E35EBA8FF84C9,UNADJUDICATED,NONE,,,,,DISCOVERED
ANARCHI-TEST-OCC-02BB154B0E896908,ANARCHI-TEST-CONTENT-A17419B0106C8C47,UNADJUDICATED,NONE,,,,,DISCOVERED
ANARCHI-TEST-OCC-02C64B2254387D02,ANARCHI-TEST-CONTENT-FBD00F487173D330,UNADJUDICATED,NONE,,,,,DISCOVERED
ANARCHI-TEST-OCC-02EA904B0EA4C182,ANARCHI-TEST-CONTENT-D4FAAD928531F96B,UNADJUDICATED,NONE,,,,,DISCOVERED
ANARCHI-TEST-OCC-02F67067E35B19E9,ANARCHI-TEST-CONTENT-D679113D699F59FC,UNADJUDICATED,NONE,,,,,DISCOVERED
ANARCHI-TEST-OCC-02F9627D0CA59E36,ANARCHI-TEST-CONTENT-9664DC1AEECF1DC7,UNADJUDICATED,NONE,,,,,DISCOVERED
ANARCHI-TEST-OCC-030FAD1693EC1FBD,ANARCHI-TEST-CONTENT-2C7F71266674109D,UNADJUDICATED,NONE,,,,,DISCOVERED
ANARCHI-TEST-OCC-0316390E9E48D344,ANARCHI-TEST-CONTENT-A4A2C126E7F89460,UNADJUDICATED,NONE,,,,,DISCOVERED
ANARCHI-TEST-OCC-03449058994EEB29,ANARCHI-TEST-CONTENT-254E3C7C6D5A5A96,UNADJUDICATED,NONE,,,,,DISCOVERED
ANARCHI-TEST-OCC-034E5AB422329BF0,ANARCHI-TEST-CONTENT-3B3677AC4BDE005A,UNADJUDICATED,NONE,,,,,DISCOVERED
ANARCHI-TEST-OCC-0364E11D58F79EFD,ANARCHI-TEST-CONTENT-2973B56CFC48F62B,UNADJUDICATED,NONE,,,,,DISCOVERED
ANARCHI-TEST-OCC-036B56BC266807B6,ANARCHI-TEST-CONTENT-5FF6111DC4BA17BB,UNADJUDICATED,NONE,,,,,DISCOVERED
ANARCHI-TEST-OCC-037482C9F9BA9893,ANARCHI-TEST-CONTENT-69C390CDD09B6B0E,UNADJUDICATED,NONE,,,,,DISCOVERED
ANARCHI-TEST-OCC-03900DF89EBE2E64,ANARCHI-TEST-CONTENT-E3B0C44298FC1C14,UNADJUDICATED,NONE,,,,,DISCOVERED
ANARCHI-TEST-OCC-03BCD6240522385E,ANARCHI-TEST-CONTENT-5BA5CF5C2665263D,UNADJUDICATED,NONE,,,,,DISCOVERED
ANARCHI-TEST-OCC-03BE93E0CDBF5541,ANARCHI-TEST-CONTENT-C4A024C371795C9E,UNADJUDICATED,NONE,,,,,DISCOVERED
ANARCHI-TEST-OCC-03C9660F58E71738,ANARCHI-TEST-CONTENT-65AE8909356F4466,UNADJUDICATED,NONE,,,,,DISCOVERED
ANARCHI-TEST-OCC-03CD9E7299996563,ANARCHI-TEST-CONTENT-3BDE564B10AFA367,UNADJUDICATED,NONE,,,,,DISCOVERED
ANARCHI-TEST-OCC-03F11B83BF2167FB,ANARCHI-TEST-CONTENT-E170B53B69AFECD6,UNADJUDICATED,NONE,,,,,DISCOVERED
ANARCHI-TEST-OCC-041C5374F79C13CF,ANARCHI-TEST-CONTENT-4F86D0283D02E924,UNADJUDICATED,NONE,,,,,DISCOVERED
ANARCHI-TEST-OCC-042064F2424875EB,ANARCHI-TEST-CONTENT-757F922891DFC7D9,UNADJUDICATED,NONE,,,,,DISCOVERED
ANARCHI-TEST-OCC-04411F0F4C89CC66,ANARCHI-TEST-CONTENT-05D877E5930EE678,UNADJUDICATED,NONE,,,,,DISCOVERED
ANARCHI-TEST-OCC-0441A7F6E84161A1,ANARCHI-TEST-CONTENT-F5D4D3F848D97411,UNADJUDICATED,NONE,,,,,DISCOVERED
ANARCHI-TEST-OCC-0448B695C8BC7C70,ANARCHI-TEST-CONTENT-E57C0B0D5C6591E3,UNADJUDICATED,NONE,,,,,DISCOVERED
ANARCHI-TEST-OCC-0449A9AD0D342526,ANARCHI-TEST-CONTENT-FC7C822C71CD8986,UNADJUDICATED,NONE,,,,,DISCOVERED
ANARCHI-TEST-OCC-04841D909357DCB7,ANARCHI-TEST-CONTENT-D1AF34AF6777D72C,UNADJUDICATED,NONE,,,,,DISCOVERED
ANARCHI-TEST-OCC-048D8DDA94388B5F,ANARCHI-TEST-CONTENT-220207D94FB32F20,UNADJUDICATED,NONE,,,,,DISCOVERED
ANARCHI-TEST-OCC-048F4D0AA285484A,ANARCHI-TEST-CONTENT-E1D9B9885A0D065F,UNADJUDICATED,NONE,,,,,DISCOVERED
ANARCHI-TEST-OCC-04966A6A21C81513,ANARCHI-TEST-CONTENT-19EFF9B92BF47F1A,UNADJUDICATED,NONE,,,,,DISCOVERED
ANARCHI-TEST-OCC-049C4EAD4AF1B281,ANARCHI-TEST-CONTENT-D1033A5FDB86DB63,UNADJUDICATED,NONE,,,,,DISCOVERED
ANARCHI-TEST-OCC-04AF096CFC6ED676,ANARCHI-TEST-CONTENT-4AA595DB4477924E,UNADJUDICATED,NONE,,,,,DISCOVERED
ANARCHI-TEST-OCC-04D43A57B18B03E4,ANARCHI-TEST-CONTENT-B679599F7F7D9AB5,UNADJUDICATED,NONE,,,,,DISCOVERED
ANARCHI-TEST-OCC-04D83997AC7544B6,ANARCHI-TEST-CONTENT-ADB5095497C92627,UNADJUDICATED,NONE,,,,,DISCOVERED
ANARCHI-TEST-OCC-04DAA968C58789E6,ANARCHI-TEST-CONTENT-C62EC67B76E3DAB2,UNADJUDICATED,NONE,,,,,DISCOVERED
ANARCHI-TEST-OCC-04EC0257D9A8BFD4,ANARCHI-TEST-CONTENT-EA3E1593D502351B,UNADJUDICATED,NONE,,,,,DISCOVERED
ANARCHI-TEST-OCC-0520F1043E90BD72,ANARCHI-TEST-CONTENT-3522CA0E5064C951,UNADJUDICATED,NONE,,,,,DISCOVERED
ANARCHI-TEST-OCC-0559946F42F9B50F,ANARCHI-TEST-CONTENT-03CF6BE4B387CBEA,UNADJUDICATED,NONE,,,,,DISCOVERED
ANARCHI-TEST-OCC-055A5A261B3DE035,ANARCHI-TEST-CONTENT-50AD84DB083D10CC,UNADJUDICATED,NONE,,,,,DISCOVERED
ANARCHI-TEST-OCC-0583CE04673749B2,ANARCHI-TEST-CONTENT-04261F5B3DDCE0C3,UNADJUDICATED,NONE,,,,,DISCOVERED
ANARCHI-TEST-OCC-059DA6D92A07F6C3,ANARCHI-TEST-CONTENT-AA85853C48F29B98,UNADJUDICATED,NONE,,,,,DISCOVERED
ANARCHI-TEST-OCC-05B6E489E740BADD,ANARCHI-TEST-CONTENT-39F29AA45F40FE0F,UNADJUDICATED,NONE,,,,,DISCOVERED
ANARCHI-TEST-OCC-05BCF9F441B21DAA,ANARCHI-TEST-CONTENT-BA08DA99203AAF52,UNADJUDICATED,NONE,,,,,DISCOVERED
ANARCHI-TEST-OCC-05C695A933C9CBDD,ANARCHI-TEST-CONTENT-8FFF589CB0949DF3,UNADJUDICATED,NONE,,,,,DISCOVERED
ANARCHI-TEST-OCC-05C70015182B494D,ANARCHI-TEST-CONTENT-B0E60C587C656CCD,UNADJUDICATED,NONE,,,,,DISCOVERED
ANARCHI-TEST-OCC-05DA94E9EE310503,ANARCHI-TEST-CONTENT-73A38A863E0C0A3B,UNADJUDICATED,NONE,,,,,DISCOVERED
ANARCHI-TEST-OCC-05EE8F283C7B91EF,ANARCHI-TEST-CONTENT-E3B0C44298FC1C14,UNADJUDICATED,NONE,,,,,DISCOVERED
ANARCHI-TEST-OCC-0603645121A17B41,ANARCHI-TEST-CONTENT-91F26B656B58BA5C,UNADJUDICATED,NONE,,,,,DISCOVERED
ANARCHI-TEST-OCC-060C6ED682CA2DF2,ANARCHI-TEST-CONTENT-9AD60364ADB9A190,UNADJUDICATED,NONE,,,,,DISCOVERED
ANARCHI-TEST-OCC-061176D12D32D993,ANARCHI-TEST-CONTENT-AE18602A93A4E765,UNADJUDICATED,NONE,,,,,DISCOVERED
ANARCHI-TEST-OCC-062D8987D77C10BB,ANARCHI-TEST-CONTENT-E3B0C44298FC1C14,UNADJUDICATED,NONE,,,,,DISCOVERED
ANARCHI-TEST-OCC-062F25A0DC08AB4A,ANARCHI-TEST-CONTENT-11C29FCEDC934FB3,UNADJUDICATED,NONE,,,,,DISCOVERED
ANARCHI-TEST-OCC-063E4EB5994A6735,ANARCHI-TEST-CONTENT-79521F05E476B7A1,UNADJUDICATED,NONE,,,,,DISCOVERED
ANARCHI-TEST-OCC-064182206FF30CE7,ANARCHI-TEST-CONTENT-1443AC45DB985F71,UNADJUDICATED,NONE,,,,,DISCOVERED
ANARCHI-TEST-OCC-06450867B8F51867,ANARCHI-TEST-CONTENT-6F2ABB3C5234A3F7,UNADJUDICATED,NONE,,,,,DISCOVERED
ANARCHI-TEST-OCC-06535E4423346626,ANARCHI-TEST-CONTENT-EBEE35872CC33B9A,UNADJUDICATED,NONE,,,,,DISCOVERED
ANARCHI-TEST-OCC-065BD83671C828D8,ANARCHI-TEST-CONTENT-DFA1EB735D058566,UNADJUDICATED,NONE,,,,,DISCOVERED
ANARCHI-TEST-OCC-067DD56B08ED0FC4,ANARCHI-TEST-CONTENT-83301ECBBF4DE89C,UNADJUDICATED,NONE,,,,,DISCOVERED
ANARCHI-TEST-OCC-067E57D6F3E168C0,ANARCHI-TEST-CONTENT-CDC3C9DA7EC362DF,UNADJUDICATED,NONE,,,,,DISCOVERED
ANARCHI-TEST-OCC-069F7A1FD42D0A63,ANARCHI-TEST-CONTENT-15E5620EB5083486,UNADJUDICATED,NONE,,,,,DISCOVERED
ANARCHI-TEST-OCC-06D7903EA9D4DEAD,ANARCHI-TEST-CONTENT-3436BE6DA05833F1,UNADJUDICATED,NONE,,,,,DISCOVERED
ANARCHI-TEST-OCC-06DAC7A551FD3712,ANARCHI-TEST-CONTENT-81995DA7CA72F66E,UNADJUDICATED,NONE,,,,,DISCOVERED
ANARCHI-TEST-OCC-06E86E3A54048525,ANARCHI-TEST-CONTENT-2F1D2BAD01532BBC,UNADJUDICATED,NONE,,,,,DISCOVERED
ANARCHI-TEST-OCC-07300575CCCE8457,ANARCHI-TEST-CONTENT-1ACC89AF632FE4BF,UNADJUDICATED,NONE,,,,,DISCOVERED
ANARCHI-TEST-OCC-073B3A0CFB1E3063,ANARCHI-TEST-CONTENT-099458DE8ABFB443,UNADJUDICATED,NONE,,,,,DISCOVERED
ANARCHI-TEST-OCC-0763C527E74107A6,ANARCHI-TEST-CONTENT-F9F2167E4363536A,UNADJUDICATED,NONE,,,,,DISCOVERED
ANARCHI-TEST-OCC-077B1AC26BE5EB92,ANARCHI-TEST-CONTENT-6478997D81827824,UNADJUDICATED,NONE,,,,,DISCOVERED
ANARCHI-TEST-OCC-078DFAE1E981DF2D,ANARCHI-TEST-CONTENT-AE0D1C4B388F3609,UNADJUDICATED,NONE,,,,,DISCOVERED
ANARCHI-TEST-OCC-079EE5700E1DC39A,ANARCHI-TEST-CONTENT-6BC3219045EE5FB7,UNADJUDICATED,NONE,,,,,DISCOVERED
ANARCHI-TEST-OCC-07C51F8048EA4424,ANARCHI-TEST-CONTENT-3BD587FF74064862,UNADJUDICATED,NONE,,,,,DISCOVERED
ANARCHI-TEST-OCC-07C9637C2E55C114,ANARCHI-TEST-CONTENT-C4D67B0E7E15BD24,UNADJUDICATED,NONE,,,,,DISCOVERED
ANARCHI-TEST-OCC-07F7CD8A0E6EF881,ANARCHI-TEST-CONTENT-C94409ECBCD37A6B,UNADJUDICATED,NONE,,,,,DISCOVERED
ANARCHI-TEST-OCC-080B0D79AE0DD8ED,ANARCHI-TEST-CONTENT-7248B483612584E8,UNADJUDICATED,NONE,,,,,DISCOVERED
ANARCHI-TEST-OCC-080DFCC669DF08DF,ANARCHI-TEST-CONTENT-6FBEA84BA1248C31,UNADJUDICATED,NONE,,,,,DISCOVERED
ANARCHI-TEST-OCC-08351421A5D3B926,ANARCHI-TEST-CONTENT-52451094B027BACB,UNADJUDICATED,NONE,,,,,DISCOVERED
ANARCHI-TEST-OCC-08352B7591888CD2,ANARCHI-TEST-CONTENT-38653F007E7BD6FD,UNADJUDICATED,NONE,,,,,DISCOVERED
ANARCHI-TEST-OCC-083F361415617752,ANARCHI-TEST-CONTENT-03CF608A97B7ADF7,UNADJUDICATED,NONE,,,,,DISCOVERED
ANARCHI-TEST-OCC-083F8A4C068AEC4C,ANARCHI-TEST-CONTENT-3EF82C52144CBC12,UNADJUDICATED,NONE,,,,,DISCOVERED
ANARCHI-TEST-OCC-085F104285EB0375,ANARCHI-TEST-CONTENT-834A58AEB9C726A9,UNADJUDICATED,NONE,,,,,DISCOVERED
ANARCHI-TEST-OCC-086473371658D6F0,ANARCHI-TEST-CONTENT-7DD6F016E8074FF6,UNADJUDICATED,NONE,,,,,DISCOVERED
ANARCHI-TEST-OCC-087A958BF0486E3D,ANARCHI-TEST-CONTENT-5CAE2190F5945B74,UNADJUDICATED,NONE,,,,,DISCOVERED
ANARCHI-TEST-OCC-087E247EAA2D2814,ANARCHI-TEST-CONTENT-32480F004CC641DF,UNADJUDICATED,NONE,,,,,DISCOVERED
ANARCHI-TEST-OCC-08A00332E1C6B231,ANARCHI-TEST-CONTENT-1B683913497E1400,UNADJUDICATED,NONE,,,,,DISCOVERED
ANARCHI-TEST-OCC-08B4ABE78F4622D1,ANARCHI-TEST-CONTENT-26A077B0113A32E4,UNADJUDICATED,NONE,,,,,DISCOVERED
ANARCHI-TEST-OCC-08CDF6811CA96B57,ANARCHI-TEST-CONTENT-6FBEA84BA1248C31,UNADJUDICATED,NONE,,,,,DISCOVERED
ANARCHI-TEST-OCC-08D4A6EF354C681F,ANARCHI-TEST-CONTENT-1CE38555EA5F82F8,UNADJUDICATED,NONE,,,,,DISCOVERED
ANARCHI-TEST-OCC-08EB2679195E6E66,ANARCHI-TEST-CONTENT-252829B4BCFD28D0,UNADJUDICATED,NONE,,,,,DISCOVERED
ANARCHI-TEST-OCC-08F554FDC1308FB1,ANARCHI-TEST-CONTENT-E3B0C44298FC1C14,UNADJUDICATED,NONE,,,,,DISCOVERED
ANARCHI-TEST-OCC-08F940F944BC7B11,ANARCHI-TEST-CONTENT-E88C5BDD14D608EB,UNADJUDICATED,NONE,,,,,DISCOVERED
ANARCHI-TEST-OCC-0910DA7AEC89EBB4,ANARCHI-TEST-CONTENT-705E752930E676CC,UNADJUDICATED,NONE,,,,,DISCOVERED
ANARCHI-TEST-OCC-0910F9762395D028,ANARCHI-TEST-CONTENT-953F08748D7F95A9,UNADJUDICATED,NONE,,,,,DISCOVERED
ANARCHI-TEST-OCC-091179B076F88888,ANARCHI-TEST-CONTENT-8D6B9985812DF85D,UNADJUDICATED,NONE,,,,,DISCOVERED
ANARCHI-TEST-OCC-091443CE572E1137,ANARCHI-TEST-CONTENT-32480F004CC641DF,UNADJUDICATED,NONE,,,,,DISCOVERED
ANARCHI-TEST-OCC-0926760F674AFAC2,ANARCHI-TEST-CONTENT-819E4BA893501104,UNADJUDICATED,NONE,,,,,DISCOVERED
ANARCHI-TEST-OCC-097E5C3F6378FFFD,ANARCHI-TEST-CONTENT-6ABC1968E58B7352,UNADJUDICATED,NONE,,,,,DISCOVERED
ANARCHI-TEST-OCC-0989851533035F28,ANARCHI-TEST-CONTENT-55B802802444D3A7,UNADJUDICATED,NONE,,,,,DISCOVERED
ANARCHI-TEST-OCC-099BF2FD98918A1C,ANARCHI-TEST-CONTENT-4587C95F7F7E98D8,UNADJUDICATED,NONE,,,,,DISCOVERED
ANARCHI-TEST-OCC-09E2175C5B143F74,ANARCHI-TEST-CONTENT-60F3FAF47612A9DF,UNADJUDICATED,NONE,,,,,DISCOVERED
ANARCHI-TEST-OCC-09E9EBE6507B6317,ANARCHI-TEST-CONTENT-BAD0C58415F29D05,UNADJUDICATED,NONE,,,,,DISCOVERED
ANARCHI-TEST-OCC-09EEC883F1B2B90F,ANARCHI-TEST-CONTENT-E3B0C44298FC1C14,UNADJUDICATED,NONE,,,,,DISCOVERED
ANARCHI-TEST-OCC-09F7B4541CBCAC81,ANARCHI-TEST-CONTENT-6DD25BB60A5B2D72,UNADJUDICATED,NONE,,,,,DISCOVERED
ANARCHI-TEST-OCC-0A1FFE4553E76B91,ANARCHI-TEST-CONTENT-1B6D9DA694063055,UNADJUDICATED,NONE,,,,,DISCOVERED
ANARCHI-TEST-OCC-0A4DFE3D756AEF85,ANARCHI-TEST-CONTENT-113DD57572B58C19,UNADJUDICATED,NONE,,,,,DISCOVERED
ANARCHI-TEST-OCC-0A5120D7AB565DCC,ANARCHI-TEST-CONTENT-7CDB611FF1F681F1,UNADJUDICATED,NONE,,,,,DISCOVERED
ANARCHI-TEST-OCC-0AD7391E5EDE3D7B,ANARCHI-TEST-CONTENT-E3B0C44298FC1C14,UNADJUDICATED,NONE,,,,,DISCOVERED
ANARCHI-TEST-OCC-0AE87773D611D274,ANARCHI-TEST-CONTENT-06003CCE6773F4DC,UNADJUDICATED,NONE,,,,,DISCOVERED
ANARCHI-TEST-OCC-0AEBE4D1E3834853,ANARCHI-TEST-CONTENT-C2D96EA70E4CA1A3,UNADJUDICATED,NONE,,,,,DISCOVERED
ANARCHI-TEST-OCC-0AF56CD6BB46C936,ANARCHI-TEST-CONTENT-32139FEE5DAF1745,UNADJUDICATED,NONE,,,,,DISCOVERED
ANARCHI-TEST-OCC-0AF79735ABCB49C6,ANARCHI-TEST-CONTENT-03A71995E10B63C7,UNADJUDICATED,NONE,,,,,DISCOVERED
ANARCHI-TEST-OCC-0AFE652D2BCAB4B4,ANARCHI-TEST-CONTENT-8373F5C622506DBE,UNADJUDICATED,NONE,,,,,DISCOVERED
ANARCHI-TEST-OCC-0B03FFB5597E0AA9,ANARCHI-TEST-CONTENT-6DE09E82AFECB4E7,UNADJUDICATED,NONE,,,,,DISCOVERED
ANARCHI-TEST-OCC-0B07A112375FB1D2,ANARCHI-TEST-CONTENT-417B0182D5BCE5B2,UNADJUDICATED,NONE,,,,,DISCOVERED
ANARCHI-TEST-OCC-0B117E1DCBEB1908,ANARCHI-TEST-CONTENT-E3B0C44298FC1C14,UNADJUDICATED,NONE,,,,,DISCOVERED
ANARCHI-TEST-OCC-0B18A15FB05549A7,ANARCHI-TEST-CONTENT-996817F0C1FF6BE9,UNADJUDICATED,NONE,,,,,DISCOVERED
ANARCHI-TEST-OCC-0B18BE1296195A8A,ANARCHI-TEST-CONTENT-04DF19EC86044ACA,UNADJUDICATED,NONE,,,,,DISCOVERED
ANARCHI-TEST-OCC-0B229DB1C4A70CF2,ANARCHI-TEST-CONTENT-6ECCCF261816B3CA,UNADJUDICATED,NONE,,,,,DISCOVERED
ANARCHI-TEST-OCC-0B2F2CBD45EC9D77,ANARCHI-TEST-CONTENT-4C4734C965195B65,UNADJUDICATED,NONE,,,,,DISCOVERED
ANARCHI-TEST-OCC-0B4207F4CDDDC792,ANARCHI-TEST-CONTENT-F770AA8E3DA4DDAA,UNADJUDICATED,NONE,,,,,DISCOVERED
ANARCHI-TEST-OCC-0B439E0F873490E3,ANARCHI-TEST-CONTENT-704505D0E1FA48D8,UNADJUDICATED,NONE,,,,,DISCOVERED
ANARCHI-TEST-OCC-0B6F0FACDA59F08C,ANARCHI-TEST-CONTENT-3FEAD7E3081AB937,UNADJUDICATED,NONE,,,,,DISCOVERED
ANARCHI-TEST-OCC-0B8E631A7151BB6F,ANARCHI-TEST-CONTENT-178F14ECC4BE8555,UNADJUDICATED,NONE,,,,,DISCOVERED
ANARCHI-TEST-OCC-0B9013A04333D18C,ANARCHI-TEST-CONTENT-AA85853C48F29B98,UNADJUDICATED,NONE,,,,,DISCOVERED
ANARCHI-TEST-OCC-0B923E1A8DB8EE86,ANARCHI-TEST-CONTENT-9E8876C83EA45C60,UNADJUDICATED,NONE,,,,,DISCOVERED
ANARCHI-TEST-OCC-0BA51857E709062E,ANARCHI-TEST-CONTENT-6EECCBBAB6ADE132,UNADJUDICATED,NONE,,,,,DISCOVERED
ANARCHI-TEST-OCC-0BB6BA9A2C6E944E,ANARCHI-TEST-CONTENT-08D721209E4714C3,UNADJUDICATED,NONE,,,,,DISCOVERED
ANARCHI-TEST-OCC-0BC3EF70BA60C7B5,ANARCHI-TEST-CONTENT-7B449E05C31A4269,UNADJUDICATED,NONE,,,,,DISCOVERED
ANARCHI-TEST-OCC-0BCFC50D7E5F7638,ANARCHI-TEST-CONTENT-FD84511930ED852F,UNADJUDICATED,NONE,,,,,DISCOVERED
ANARCHI-TEST-OCC-0BDBE3E6ECF53DDF,ANARCHI-TEST-CONTENT-BF69C8DCA91AE25F,UNADJUDICATED,NONE,,,,,DISCOVERED
ANARCHI-TEST-OCC-0BE3EBD7F1246240,ANARCHI-TEST-CONTENT-0BD30C491716B948,UNADJUDICATED,NONE,,,,,DISCOVERED
ANARCHI-TEST-OCC-0BF49EFD52CAED73,ANARCHI-TEST-CONTENT-05B3F2F977F21F02,UNADJUDICATED,NONE,,,,,DISCOVERED
ANARCHI-TEST-OCC-0BF556652432A867,ANARCHI-TEST-CONTENT-41B7B2D99BD4C0E2,UNADJUDICATED,NONE,,,,,DISCOVERED
ANARCHI-TEST-OCC-0C059B99F7AA3E0E,ANARCHI-TEST-CONTENT-FB28E82874103817,UNADJUDICATED,NONE,,,,,DISCOVERED
ANARCHI-TEST-OCC-0C18236DBD1033E7,ANARCHI-TEST-CONTENT-121E97368E6EF2E2,UNADJUDICATED,NONE,,,,,DISCOVERED
ANARCHI-TEST-OCC-0C1C0332E24FEA8C,ANARCHI-TEST-CONTENT-4B561AD75CF1A49B,UNADJUDICATED,NONE,,,,,DISCOVERED
ANARCHI-TEST-OCC-0C3AF26606ED651E,ANARCHI-TEST-CONTENT-D362DD67FBF230E1,UNADJUDICATED,NONE,,,,,DISCOVERED
ANARCHI-TEST-OCC-0C45CFA55767CEE4,ANARCHI-TEST-CONTENT-541C4C5BE2AE7623,UNADJUDICATED,NONE,,,,,DISCOVERED
ANARCHI-TEST-OCC-0C6A078B17911606,ANARCHI-TEST-CONTENT-EC5D092766B3A94D,UNADJUDICATED,NONE,,,,,DISCOVERED
ANARCHI-TEST-OCC-0C6AD9B902D633F3,ANARCHI-TEST-CONTENT-BE4EB000ED5BAB31,UNADJUDICATED,NONE,,,,,DISCOVERED
ANARCHI-TEST-OCC-0C9A15EA9E0598AD,ANARCHI-TEST-CONTENT-4CF30101B12752C5,UNADJUDICATED,NONE,,,,,DISCOVERED
ANARCHI-TEST-OCC-0CCA7F309591C457,ANARCHI-TEST-CONTENT-5F9053191C274C74,UNADJUDICATED,NONE,,,,,DISCOVERED
ANARCHI-TEST-OCC-0CD72104D23AAA9E,ANARCHI-TEST-CONTENT-E3B0C44298FC1C14,UNADJUDICATED,NONE,,,,,DISCOVERED
ANARCHI-TEST-OCC-0CDD9FF2A8AB750C,ANARCHI-TEST-CONTENT-F514883BAD06A84C,UNADJUDICATED,NONE,,,,,DISCOVERED
ANARCHI-TEST-OCC-0CF94CBFA75C75A3,ANARCHI-TEST-CONTENT-6F5A20958D8FC14C,UNADJUDICATED,NONE,,,,,DISCOVERED
ANARCHI-TEST-OCC-0D0AD6A2E9206037,ANARCHI-TEST-CONTENT-E3B0C44298FC1C14,UNADJUDICATED,NONE,,,,,DISCOVERED
ANARCHI-TEST-OCC-0D14A214FADDB4B9,ANARCHI-TEST-CONTENT-519AEBE0E3298E46,UNADJUDICATED,NONE,,,,,DISCOVERED
ANARCHI-TEST-OCC-0D150768C374A458,ANARCHI-TEST-CONTENT-30EF738E57068C05,UNADJUDICATED,NONE,,,,,DISCOVERED
ANARCHI-TEST-OCC-0D23DB507A61DA2B,ANARCHI-TEST-CONTENT-98A16555489559E0,UNADJUDICATED,NONE,,,,,DISCOVERED
ANARCHI-TEST-OCC-0D5C1432C77FDA17,ANARCHI-TEST-CONTENT-948547B6DB811911,UNADJUDICATED,NONE,,,,,DISCOVERED
ANARCHI-TEST-OCC-0D65F7CFF339CCEF,ANARCHI-TEST-CONTENT-D834483954BAA7E6,UNADJUDICATED,NONE,,,,,DISCOVERED
ANARCHI-TEST-OCC-0DA109D7E9054EAF,ANARCHI-TEST-CONTENT-417B0182D5BCE5B2,UNADJUDICATED,NONE,,,,,DISCOVERED
ANARCHI-TEST-OCC-0DA680CF92D312FE,ANARCHI-TEST-CONTENT-B3F1357901A78FA2,UNADJUDICATED,NONE,,,,,DISCOVERED
ANARCHI-TEST-OCC-0DAE8A6A6AC1B3B6,ANARCHI-TEST-CONTENT-AC2B287F231294E2,UNADJUDICATED,NONE,,,,,DISCOVERED
ANARCHI-TEST-OCC-0DB832AE72714FD9,ANARCHI-TEST-CONTENT-871E05C8B94303F9,UNADJUDICATED,NONE,,,,,DISCOVERED
ANARCHI-TEST-OCC-0DBC44B22E9A381A,ANARCHI-TEST-CONTENT-09774BBD0B14DA20,UNADJUDICATED,NONE,,,,,DISCOVERED
ANARCHI-TEST-OCC-0DDA814ADAA03750,ANARCHI-TEST-CONTENT-6336F50802001933,UNADJUDICATED,NONE,,,,,DISCOVERED
ANARCHI-TEST-OCC-0DE05E9625B42396,ANARCHI-TEST-CONTENT-A89229860129119C,UNADJUDICATED,NONE,,,,,DISCOVERED
ANARCHI-TEST-OCC-0DE1E07006AC8D98,ANARCHI-TEST-CONTENT-D3BD83E7A82E059D,UNADJUDICATED,NONE,,,,,DISCOVERED
ANARCHI-TEST-OCC-0DFAE11442F97990,ANARCHI-TEST-CONTENT-495AD2FBE3D2C036,UNADJUDICATED,NONE,,,,,DISCOVERED
ANARCHI-TEST-OCC-0E62CABB78CA7016,ANARCHI-TEST-CONTENT-549DE0BB0CE8EE99,UNADJUDICATED,NONE,,,,,DISCOVERED
ANARCHI-TEST-OCC-0E6D4A14F87E6200,ANARCHI-TEST-CONTENT-646FCE3E7321F187,UNADJUDICATED,NONE,,,,,DISCOVERED
ANARCHI-TEST-OCC-0E79B5836095F47B,ANARCHI-TEST-CONTENT-3F4BEBB1DB2B6877,UNADJUDICATED,NONE,,,,,DISCOVERED
ANARCHI-TEST-OCC-0E93F096003EF493,ANARCHI-TEST-CONTENT-118B21757039B401,UNADJUDICATED,NONE,,,,,DISCOVERED
ANARCHI-TEST-OCC-0E96638BAF434EBF,ANARCHI-TEST-CONTENT-44DEC0221309E44A,UNADJUDICATED,NONE,,,,,DISCOVERED
ANARCHI-TEST-OCC-0EAFDCFE299816D8,ANARCHI-TEST-CONTENT-E3B0C44298FC1C14,UNADJUDICATED,NONE,,,,,DISCOVERED
ANARCHI-TEST-OCC-0EB7CB35A1F04508,ANARCHI-TEST-CONTENT-FAAE0EC9919AE026,UNADJUDICATED,NONE,,,,,DISCOVERED
ANARCHI-TEST-OCC-0EBAF857DA0AA1D4,ANARCHI-TEST-CONTENT-6D4786194C5E0434,UNADJUDICATED,NONE,,,,,DISCOVERED
ANARCHI-TEST-OCC-0ED0665182AB4FAE,ANARCHI-TEST-CONTENT-9CDE37FE153ACBC5,UNADJUDICATED,NONE,,,,,DISCOVERED
ANARCHI-TEST-OCC-0EE06EE31988B922,ANARCHI-TEST-CONTENT-24E5CB074A5F53AA,UNADJUDICATED,NONE,,,,,DISCOVERED
ANARCHI-TEST-OCC-0EF0B6F02134BA87,ANARCHI-TEST-CONTENT-2D2E480AA89E44B9,UNADJUDICATED,NONE,,,,,DISCOVERED
ANARCHI-TEST-OCC-0F0CCA41B57E7AB2,ANARCHI-TEST-CONTENT-8A94FE4391E4615B,UNADJUDICATED,NONE,,,,,DISCOVERED
ANARCHI-TEST-OCC-0F182655859DAB7F,ANARCHI-TEST-CONTENT-EA076A56BC96A244,UNADJUDICATED,NONE,,,,,DISCOVERED
ANARCHI-TEST-OCC-0F1FF13C2618806F,ANARCHI-TEST-CONTENT-04261F5B3DDCE0C3,UNADJUDICATED,NONE,,,,,DISCOVERED
ANARCHI-TEST-OCC-0F7D2ABA37A21A9D,ANARCHI-TEST-CONTENT-2503EEDAA2D2989A,UNADJUDICATED,NONE,,,,,DISCOVERED
ANARCHI-TEST-OCC-0F9B6EBC7336F582,ANARCHI-TEST-CONTENT-8D2C60816FBFAA58,UNADJUDICATED,NONE,,,,,DISCOVERED
ANARCHI-TEST-OCC-0FB9D3C80397E35A,ANARCHI-TEST-CONTENT-939B6B49C322C128,UNADJUDICATED,NONE,,,,,DISCOVERED
ANARCHI-TEST-OCC-0FC120AF6DD7A5FB,ANARCHI-TEST-CONTENT-1159B9F84B4E105A,UNADJUDICATED,NONE,,,,,DISCOVERED
ANARCHI-TEST-OCC-0FC1699735385B6B,ANARCHI-TEST-CONTENT-F27AB0FA3F296E35,UNADJUDICATED,NONE,,,,,DISCOVERED
ANARCHI-TEST-OCC-0FCD16153D28154E,ANARCHI-TEST-CONTENT-E2324CEDD08B3DB7,UNADJUDICATED,NONE,,,,,DISCOVERED
ANARCHI-TEST-OCC-0FCFFD79BB309EDD,ANARCHI-TEST-CONTENT-C512C875E9334F28,UNADJUDICATED,NONE,,,,,DISCOVERED
ANARCHI-TEST-OCC-0FF5462E2FC1ADA3,ANARCHI-TEST-CONTENT-950645CCF328746C,UNADJUDICATED,NONE,,,,,DISCOVERED
ANARCHI-TEST-OCC-0FF994906A95FF14,ANARCHI-TEST-CONTENT-E109E35163803009,UNADJUDICATED,NONE,,,,,DISCOVERED
ANARCHI-TEST-OCC-100C94EFF889E927,ANARCHI-TEST-CONTENT-F0850EEE7B4B3ECC,UNADJUDICATED,NONE,,,,,DISCOVERED
ANARCHI-TEST-OCC-102CA963368D3FDA,ANARCHI-TEST-CONTENT-88531DA9C937EA09,UNADJUDICATED,NONE,,,,,DISCOVERED
ANARCHI-TEST-OCC-10609B514ED61708,ANARCHI-TEST-CONTENT-6E727EBA4B4D7F32,UNADJUDICATED,NONE,,,,,DISCOVERED
ANARCHI-TEST-OCC-107BEFD374BA1CAD,ANARCHI-TEST-CONTENT-AD58A68104DD25C8,UNADJUDICATED,NONE,,,,,DISCOVERED
ANARCHI-TEST-OCC-107E20E83FA51CC1,ANARCHI-TEST-CONTENT-DA4D17F7537B74E1,UNADJUDICATED,NONE,,,,,DISCOVERED
ANARCHI-TEST-OCC-109047F2DB60374A,ANARCHI-TEST-CONTENT-CF0C4688731C29ED,UNADJUDICATED,NONE,,,,,DISCOVERED
ANARCHI-TEST-OCC-10917EC93552EE04,ANARCHI-TEST-CONTENT-E3B0C44298FC1C14,UNADJUDICATED,NONE,,,,,DISCOVERED
ANARCHI-TEST-OCC-10A0505D93515B90,ANARCHI-TEST-CONTENT-CFA1E3DFD1F93173,UNADJUDICATED,NONE,,,,,DISCOVERED
ANARCHI-TEST-OCC-10AA3594BF851851,ANARCHI-TEST-CONTENT-B3E9AB183381A563,UNADJUDICATED,NONE,,,,,DISCOVERED
ANARCHI-TEST-OCC-10D4073E7AE28EC5,ANARCHI-TEST-CONTENT-25774DFC14BB0694,UNADJUDICATED,NONE,,,,,DISCOVERED
ANARCHI-TEST-OCC-10DD7A51B071B419,ANARCHI-TEST-CONTENT-A060B19543AF8B23,UNADJUDICATED,NONE,,,,,DISCOVERED
ANARCHI-TEST-OCC-10ECEA4EDFFC9D64,ANARCHI-TEST-CONTENT-BEA3E78BCF28551F,UNADJUDICATED,NONE,,,,,DISCOVERED
ANARCHI-TEST-OCC-110284E6F2221CE5,ANARCHI-TEST-CONTENT-DFCCE7AF8C13119C,UNADJUDICATED,NONE,,,,,DISCOVERED
ANARCHI-TEST-OCC-111C290ACD530A07,ANARCHI-TEST-CONTENT-7B9D5C1E1F2E7EB2,UNADJUDICATED,NONE,,,,,DISCOVERED
ANARCHI-TEST-OCC-1128F290ED80E235,ANARCHI-TEST-CONTENT-E3B0C44298FC1C14,UNADJUDICATED,NONE,,,,,DISCOVERED
ANARCHI-TEST-OCC-11295E31AB5613C9,ANARCHI-TEST-CONTENT-ADB16381E2FEC1FB,UNADJUDICATED,NONE,,,,,DISCOVERED
ANARCHI-TEST-OCC-113978188EC4EAAF,ANARCHI-TEST-CONTENT-2D98F857A6BDE462,UNADJUDICATED,NONE,,,,,DISCOVERED
ANARCHI-TEST-OCC-11527623C0492A8F,ANARCHI-TEST-CONTENT-BB1CE68376353498,UNADJUDICATED,NONE,,,,,DISCOVERED
ANARCHI-TEST-OCC-116E063A07C182D4,ANARCHI-TEST-CONTENT-E3B0C44298FC1C14,UNADJUDICATED,NONE,,,,,DISCOVERED
ANARCHI-TEST-OCC-119F2DD5F9997A9F,ANARCHI-TEST-CONTENT-94E438846EC383AC,UNADJUDICATED,NONE,,,,,DISCOVERED
ANARCHI-TEST-OCC-11A74313EDF63E73,ANARCHI-TEST-CONTENT-EA6C0CCF7CB89047,UNADJUDICATED,NONE,,,,,DISCOVERED
ANARCHI-TEST-OCC-11BF1024CC14CA9D,ANARCHI-TEST-CONTENT-E5F3EC5AA5290D53,UNADJUDICATED,NONE,,,,,DISCOVERED
ANARCHI-TEST-OCC-11CC4B1BA81A875E,ANARCHI-TEST-CONTENT-8B83A8374C792921,UNADJUDICATED,NONE,,,,,DISCOVERED
ANARCHI-TEST-OCC-11D293EF0775E93A,ANARCHI-TEST-CONTENT-B1AA3BE28D4FC983,UNADJUDICATED,NONE,,,,,DISCOVERED
ANARCHI-TEST-OCC-11DDF3176EF7DE7A,ANARCHI-TEST-CONTENT-7F547E04BFFADD50,UNADJUDICATED,NONE,,,,,DISCOVERED
ANARCHI-TEST-OCC-11DFF6110A9B7D00,ANARCHI-TEST-CONTENT-6F3165321FAC5B0D,UNADJUDICATED,NONE,,,,,DISCOVERED
ANARCHI-TEST-OCC-11F12358BF9EF059,ANARCHI-TEST-CONTENT-52451094B027BACB,UNADJUDICATED,NONE,,,,,DISCOVERED
ANARCHI-TEST-OCC-11F7AEF7A19C1080,ANARCHI-TEST-CONTENT-888C27166D25603D,UNADJUDICATED,NONE,,,,,DISCOVERED
ANARCHI-TEST-OCC-1206060A3DBFC1FB,ANARCHI-TEST-CONTENT-2B65EDFBEA6D7715,UNADJUDICATED,NONE,,,,,DISCOVERED
ANARCHI-TEST-OCC-122D6BCC0F41C974,ANARCHI-TEST-CONTENT-04261F5B3DDCE0C3,UNADJUDICATED,NONE,,,,,DISCOVERED
ANARCHI-TEST-OCC-124B62E5178A8F1A,ANARCHI-TEST-CONTENT-FBACF53116041F87,UNADJUDICATED,NONE,,,,,DISCOVERED
ANARCHI-TEST-OCC-1257B3AF12EC9334,ANARCHI-TEST-CONTENT-2D0E8A45B89190E2,UNADJUDICATED,NONE,,,,,DISCOVERED
ANARCHI-TEST-OCC-126E45D77AE8379B,ANARCHI-TEST-CONTENT-98A16555489559E0,UNADJUDICATED,NONE,,,,,DISCOVERED
ANARCHI-TEST-OCC-1280917AE0AC3DBD,ANARCHI-TEST-CONTENT-5DB17C64C778C0DE,UNADJUDICATED,NONE,,,,,DISCOVERED
ANARCHI-TEST-OCC-1281CA7ACBEB82C7,ANARCHI-TEST-CONTENT-16035D348A794B64,UNADJUDICATED,NONE,,,,,DISCOVERED
ANARCHI-TEST-OCC-1294FEB961FBB8EB,ANARCHI-TEST-CONTENT-5862D6E603113A4F,UNADJUDICATED,NONE,,,,,DISCOVERED
ANARCHI-TEST-OCC-12953DB523F39531,ANARCHI-TEST-CONTENT-0DB6D6742E8ABD2D,UNADJUDICATED,NONE,,,,,DISCOVERED
ANARCHI-TEST-OCC-12BB50DC76AE60D7,ANARCHI-TEST-CONTENT-F034A6B8FF44F506,UNADJUDICATED,NONE,,,,,DISCOVERED
ANARCHI-TEST-OCC-12C72AA3B6679AA6,ANARCHI-TEST-CONTENT-B8BDA3A6996D7979,UNADJUDICATED,NONE,,,,,DISCOVERED
ANARCHI-TEST-OCC-12CA92700707C844,ANARCHI-TEST-CONTENT-A6AA056E70BCE0D0,UNADJUDICATED,NONE,,,,,DISCOVERED
ANARCHI-TEST-OCC-12ECA63AB381F444,ANARCHI-TEST-CONTENT-2BBD41D5D5843FC1,UNADJUDICATED,NONE,,,,,DISCOVERED
ANARCHI-TEST-OCC-12EE9C455BB37C4B,ANARCHI-TEST-CONTENT-BF9F0F81C54F3278,UNADJUDICATED,NONE,,,,,DISCOVERED
ANARCHI-TEST-OCC-12F84F46434D5E09,ANARCHI-TEST-CONTENT-19CB1F0A6E46E0F3,UNADJUDICATED,NONE,,,,,DISCOVERED
ANARCHI-TEST-OCC-1305BAAA917BFB74,ANARCHI-TEST-CONTENT-8A94FE4391E4615B,UNADJUDICATED,NONE,,,,,DISCOVERED
ANARCHI-TEST-OCC-13161BD29BEABC5B,ANARCHI-TEST-CONTENT-9A8318AFF3EB73B8,UNADJUDICATED,NONE,,,,,DISCOVERED
ANARCHI-TEST-OCC-13241334E10F2712,ANARCHI-TEST-CONTENT-2819983C8178F52A,UNADJUDICATED,NONE,,,,,DISCOVERED
ANARCHI-TEST-OCC-133124BB4B9E66BB,ANARCHI-TEST-CONTENT-BB397E6A0C8BA193,UNADJUDICATED,NONE,,,,,DISCOVERED
ANARCHI-TEST-OCC-133A94C142E35931,ANARCHI-TEST-CONTENT-6CBA8CB4AA47E5F0,UNADJUDICATED,NONE,,,,,DISCOVERED
ANARCHI-TEST-OCC-13474FF7C0A73151,ANARCHI-TEST-CONTENT-FCD5341122A3EABC,UNADJUDICATED,NONE,,,,,DISCOVERED
ANARCHI-TEST-OCC-13700B2776FBB065,ANARCHI-TEST-CONTENT-24F7037132485A1E,UNADJUDICATED,NONE,,,,,DISCOVERED
ANARCHI-TEST-OCC-13738BC058C73ABB,ANARCHI-TEST-CONTENT-F5D4D3F848D97411,UNADJUDICATED,NONE,,,,,DISCOVERED
ANARCHI-TEST-OCC-1381435185778D62,ANARCHI-TEST-CONTENT-F5D4D3F848D97411,UNADJUDICATED,NONE,,,,,DISCOVERED
ANARCHI-TEST-OCC-13BB9D87C1EBC084,ANARCHI-TEST-CONTENT-32480F004CC641DF,UNADJUDICATED,NONE,,,,,DISCOVERED
ANARCHI-TEST-OCC-13C37A728A0FF073,ANARCHI-TEST-CONTENT-FF6C2CC3C9191A1B,UNADJUDICATED,NONE,,,,,DISCOVERED
ANARCHI-TEST-OCC-13CB3E65E0420F60,ANARCHI-TEST-CONTENT-6C4030DE43087D22,UNADJUDICATED,NONE,,,,,DISCOVERED
ANARCHI-TEST-OCC-13CEB1F235E3CF4C,ANARCHI-TEST-CONTENT-E17602561C0ABAF3,UNADJUDICATED,NONE,,,,,DISCOVERED
ANARCHI-TEST-OCC-13F95C4DB396A474,ANARCHI-TEST-CONTENT-BA08DA99203AAF52,UNADJUDICATED,NONE,,,,,DISCOVERED
ANARCHI-TEST-OCC-140D471469C9FDDC,ANARCHI-TEST-CONTENT-8A9DD7AA15AC6A2E,UNADJUDICATED,NONE,,,,,DISCOVERED
ANARCHI-TEST-OCC-1420937376B99D8A,ANARCHI-TEST-CONTENT-208AAA231CE42DF0,UNADJUDICATED,NONE,,,,,DISCOVERED
ANARCHI-TEST-OCC-1445EECDF485B79C,ANARCHI-TEST-CONTENT-BF456298289C214D,UNADJUDICATED,NONE,,,,,DISCOVERED
ANARCHI-TEST-OCC-144BC5BD561A4213,ANARCHI-TEST-CONTENT-F27767CF222C8C5E,UNADJUDICATED,NONE,,,,,DISCOVERED
ANARCHI-TEST-OCC-1450C46F6ABFEC97,ANARCHI-TEST-CONTENT-E3B0C44298FC1C14,UNADJUDICATED,NONE,,,,,DISCOVERED
ANARCHI-TEST-OCC-1456C633AC842610,ANARCHI-TEST-CONTENT-AFA3A2740773B6E4,UNADJUDICATED,NONE,,,,,DISCOVERED
ANARCHI-TEST-OCC-14942354C7558D6F,ANARCHI-TEST-CONTENT-13933790E35A80AF,UNADJUDICATED,NONE,,,,,DISCOVERED
ANARCHI-TEST-OCC-14D8D85F87A16FAE,ANARCHI-TEST-CONTENT-79A3CE663311BB9B,UNADJUDICATED,NONE,,,,,DISCOVERED
ANARCHI-TEST-OCC-14DB682CE54DF938,ANARCHI-TEST-CONTENT-CAF0566F6B2DFC69,UNADJUDICATED,NONE,,,,,DISCOVERED
ANARCHI-TEST-OCC-14ED593916F74DBB,ANARCHI-TEST-CONTENT-C63E2F372BCC41EC,UNADJUDICATED,NONE,,,,,DISCOVERED
ANARCHI-TEST-OCC-14EF66242AC7BF9F,ANARCHI-TEST-CONTENT-47BB9ECB37B7BF15,UNADJUDICATED,NONE,,,,,DISCOVERED
ANARCHI-TEST-OCC-14FE3340F2D475E7,ANARCHI-TEST-CONTENT-A0D3531D9CC7BE23,UNADJUDICATED,NONE,,,,,DISCOVERED
ANARCHI-TEST-OCC-152D6E22E7A56D89,ANARCHI-TEST-CONTENT-D4F0070210D0620F,UNADJUDICATED,NONE,,,,,DISCOVERED
ANARCHI-TEST-OCC-154FDB198F3E1A8B,ANARCHI-TEST-CONTENT-85A012AF5F175C1B,UNADJUDICATED,NONE,,,,,DISCOVERED
ANARCHI-TEST-OCC-156B9CD00857E604,ANARCHI-TEST-CONTENT-5B37B425855D38D2,UNADJUDICATED,NONE,,,,,DISCOVERED
ANARCHI-TEST-OCC-157F684398F1FCDC,ANARCHI-TEST-CONTENT-FA95D3F0DE0BA4BC,UNADJUDICATED,NONE,,,,,DISCOVERED
ANARCHI-TEST-OCC-15B408B37FE5FDC5,ANARCHI-TEST-CONTENT-DEC7DBF6D41B81A3,UNADJUDICATED,NONE,,,,,DISCOVERED
ANARCHI-TEST-OCC-15BACE4744EECEF2,ANARCHI-TEST-CONTENT-32BB631A293F02A3,UNADJUDICATED,NONE,,,,,DISCOVERED
ANARCHI-TEST-OCC-161ABC623F43814B,ANARCHI-TEST-CONTENT-E3B0C44298FC1C14,UNADJUDICATED,NONE,,,,,DISCOVERED
ANARCHI-TEST-OCC-1623921955388AD6,ANARCHI-TEST-CONTENT-761733D9BA9AA41F,UNADJUDICATED,NONE,,,,,DISCOVERED
ANARCHI-TEST-OCC-162A8A16C305DA71,ANARCHI-TEST-CONTENT-A46EE3ECAC57AE52,UNADJUDICATED,NONE,,,,,DISCOVERED
ANARCHI-TEST-OCC-162CF7452B8EAF2D,ANARCHI-TEST-CONTENT-E3B0C44298FC1C14,UNADJUDICATED,NONE,,,,,DISCOVERED
ANARCHI-TEST-OCC-163F2AB1F7028246,ANARCHI-TEST-CONTENT-F514883BAD06A84C,UNADJUDICATED,NONE,,,,,DISCOVERED
ANARCHI-TEST-OCC-166D8CB287D7F7EF,ANARCHI-TEST-CONTENT-3EF7DA6E9518705E,UNADJUDICATED,NONE,,,,,DISCOVERED
ANARCHI-TEST-OCC-167CA2B3128EBB6E,ANARCHI-TEST-CONTENT-A43CF4C66428270E,UNADJUDICATED,NONE,,,,,DISCOVERED
ANARCHI-TEST-OCC-16A0BF5EBDE54FFC,ANARCHI-TEST-CONTENT-3DE15FAE5ECC0645,UNADJUDICATED,NONE,,,,,DISCOVERED
ANARCHI-TEST-OCC-16CB26EACD079C78,ANARCHI-TEST-CONTENT-AA85853C48F29B98,UNADJUDICATED,NONE,,,,,DISCOVERED
ANARCHI-TEST-OCC-16E8609EF826DD41,ANARCHI-TEST-CONTENT-1F8AD7D399CE6D24,UNADJUDICATED,NONE,,,,,DISCOVERED
ANARCHI-TEST-OCC-16EB2496C923FB0B,ANARCHI-TEST-CONTENT-4BDEE246B69DD3AB,UNADJUDICATED,NONE,,,,,DISCOVERED
ANARCHI-TEST-OCC-170BC2FB916210E4,ANARCHI-TEST-CONTENT-12098571044671C2,UNADJUDICATED,NONE,,,,,DISCOVERED
ANARCHI-TEST-OCC-1716DBF33D7D12CE,ANARCHI-TEST-CONTENT-EB949C23E246BBFB,UNADJUDICATED,NONE,,,,,DISCOVERED
ANARCHI-TEST-OCC-171DE361CA81DA4D,ANARCHI-TEST-CONTENT-6E727EBA4B4D7F32,UNADJUDICATED,NONE,,,,,DISCOVERED
ANARCHI-TEST-OCC-174E9E0314E38E73,ANARCHI-TEST-CONTENT-C8EB41E329750E36,UNADJUDICATED,NONE,,,,,DISCOVERED
ANARCHI-TEST-OCC-1754A8996075F25A,ANARCHI-TEST-CONTENT-E93EB0907C935B9B,UNADJUDICATED,NONE,,,,,DISCOVERED
ANARCHI-TEST-OCC-1757B7A9A3844C62,ANARCHI-TEST-CONTENT-F514883BAD06A84C,UNADJUDICATED,NONE,,,,,DISCOVERED
ANARCHI-TEST-OCC-17606765A4726245,ANARCHI-TEST-CONTENT-3E0DBA2D1A6FD324,UNADJUDICATED,NONE,,,,,DISCOVERED
ANARCHI-TEST-OCC-177E9D7D2BD2A20F,ANARCHI-TEST-CONTENT-81EC50A14AC23B01,UNADJUDICATED,NONE,,,,,DISCOVERED
ANARCHI-TEST-OCC-17980DF0C56122BF,ANARCHI-TEST-CONTENT-D48211CA51B7F73E,UNADJUDICATED,NONE,,,,,DISCOVERED
ANARCHI-TEST-OCC-179976706258DAF7,ANARCHI-TEST-CONTENT-2E7E4E4309C46185,UNADJUDICATED,NONE,,,,,DISCOVERED
ANARCHI-TEST-OCC-17A1D9D730E8EFFC,ANARCHI-TEST-CONTENT-BE5C3645684BD684,UNADJUDICATED,NONE,,,,,DISCOVERED
ANARCHI-TEST-OCC-17DB4073F5D7D3F9,ANARCHI-TEST-CONTENT-CC168BFD8B0FA533,UNADJUDICATED,NONE,,,,,DISCOVERED
ANARCHI-TEST-OCC-17E071F1F75094B2,ANARCHI-TEST-CONTENT-E3B0C44298FC1C14,UNADJUDICATED,NONE,,,,,DISCOVERED
ANARCHI-TEST-OCC-1804E923A80B96CB,ANARCHI-TEST-CONTENT-1F9F0D7C7E4161E4,UNADJUDICATED,NONE,,,,,DISCOVERED
ANARCHI-TEST-OCC-180B9F72E8F1FBBF,ANARCHI-TEST-CONTENT-91DD11539B0639C7,UNADJUDICATED,NONE,,,,,DISCOVERED
ANARCHI-TEST-OCC-181739CD69D1A342,ANARCHI-TEST-CONTENT-7B449E05C31A4269,UNADJUDICATED,NONE,,,,,DISCOVERED
ANARCHI-TEST-OCC-1819332BF0870F00,ANARCHI-TEST-CONTENT-371EF5DD5EBCBB3E,UNADJUDICATED,NONE,,,,,DISCOVERED
ANARCHI-TEST-OCC-1825D91B561D593C,ANARCHI-TEST-CONTENT-18E95B5101C89735,UNADJUDICATED,NONE,,,,,DISCOVERED
ANARCHI-TEST-OCC-1848182D77F4B847,ANARCHI-TEST-CONTENT-8FCF0719F889F592,UNADJUDICATED,NONE,,,,,DISCOVERED
ANARCHI-TEST-OCC-184E15009D2BAAE2,ANARCHI-TEST-CONTENT-0208C94DCCC90C4D,UNADJUDICATED,NONE,,,,,DISCOVERED
ANARCHI-TEST-OCC-1862321FA738690B,ANARCHI-TEST-CONTENT-1B0D063F6E303F6A,UNADJUDICATED,NONE,,,,,DISCOVERED
ANARCHI-TEST-OCC-1878739049678769,ANARCHI-TEST-CONTENT-EC49FFEF941E99DB,UNADJUDICATED,NONE,,,,,DISCOVERED
ANARCHI-TEST-OCC-188593FBC52D6CC2,ANARCHI-TEST-CONTENT-C82DC065CB7F62D2,UNADJUDICATED,NONE,,,,,DISCOVERED
ANARCHI-TEST-OCC-188B7AA866D43440,ANARCHI-TEST-CONTENT-420DF8B0750080A7,UNADJUDICATED,NONE,,,,,DISCOVERED
ANARCHI-TEST-OCC-189EEDD1A7CB9739,ANARCHI-TEST-CONTENT-EE2ABE1DEA18EA73,UNADJUDICATED,NONE,,,,,DISCOVERED
ANARCHI-TEST-OCC-18B6D5EBE13229E8,ANARCHI-TEST-CONTENT-E3B0C44298FC1C14,UNADJUDICATED,NONE,,,,,DISCOVERED
ANARCHI-TEST-OCC-18B7E5D0C532809D,ANARCHI-TEST-CONTENT-5218CFADE9961E53,UNADJUDICATED,NONE,,,,,DISCOVERED
ANARCHI-TEST-OCC-18BAE28ED3712F1C,ANARCHI-TEST-CONTENT-2FB0A7B2F6D00BE5,UNADJUDICATED,NONE,,,,,DISCOVERED
ANARCHI-TEST-OCC-18BD4BD5E85E9572,ANARCHI-TEST-CONTENT-5C49C921DAB1CD5A,UNADJUDICATED,NONE,,,,,DISCOVERED
ANARCHI-TEST-OCC-18C26169A428D47C,ANARCHI-TEST-CONTENT-E1233F17AFF431B4,UNADJUDICATED,NONE,,,,,DISCOVERED
ANARCHI-TEST-OCC-18CD86931619398E,ANARCHI-TEST-CONTENT-8B098C5FB8710BFE,UNADJUDICATED,NONE,,,,,DISCOVERED
ANARCHI-TEST-OCC-18CDC7852F505B7D,ANARCHI-TEST-CONTENT-3A6A3E7394DEBE9E,UNADJUDICATED,NONE,,,,,DISCOVERED
ANARCHI-TEST-OCC-18D4FF42E530C752,ANARCHI-TEST-CONTENT-131B35A03A44B99D,UNADJUDICATED,NONE,,,,,DISCOVERED
ANARCHI-TEST-OCC-18DCE7F85940AE1F,ANARCHI-TEST-CONTENT-252E2017A13D805F,UNADJUDICATED,NONE,,,,,DISCOVERED
ANARCHI-TEST-OCC-18E4502BDC1EADF0,ANARCHI-TEST-CONTENT-F5D68952248668BA,UNADJUDICATED,NONE,,,,,DISCOVERED
ANARCHI-TEST-OCC-18EF3D88C50ACC32,ANARCHI-TEST-CONTENT-32480F004CC641DF,UNADJUDICATED,NONE,,,,,DISCOVERED
ANARCHI-TEST-OCC-1919316DAEBDFB41,ANARCHI-TEST-CONTENT-8B9D001143979A10,UNADJUDICATED,NONE,,,,,DISCOVERED
ANARCHI-TEST-OCC-191F811CB821607E,ANARCHI-TEST-CONTENT-D1740F41DB430A01,UNADJUDICATED,NONE,,,,,DISCOVERED
ANARCHI-TEST-OCC-19283C9182635A85,ANARCHI-TEST-CONTENT-6B6FE95F30856FD5,UNADJUDICATED,NONE,,,,,DISCOVERED
ANARCHI-TEST-OCC-192B8647DBD404FC,ANARCHI-TEST-CONTENT-F366EE2C0628B039,UNADJUDICATED,NONE,,,,,DISCOVERED
ANARCHI-TEST-OCC-1968AB186E71E35A,ANARCHI-TEST-CONTENT-CF947DA4C7EAE186,UNADJUDICATED,NONE,,,,,DISCOVERED
ANARCHI-TEST-OCC-196A30E5F559D583,ANARCHI-TEST-CONTENT-E3B0C44298FC1C14,UNADJUDICATED,NONE,,,,,DISCOVERED
ANARCHI-TEST-OCC-197B406AA9C9363F,ANARCHI-TEST-CONTENT-D48211CA51B7F73E,UNADJUDICATED,NONE,,,,,DISCOVERED
ANARCHI-TEST-OCC-1985BEA961FB65A2,ANARCHI-TEST-CONTENT-C4F72ED7644B038B,UNADJUDICATED,NONE,,,,,DISCOVERED
ANARCHI-TEST-OCC-198925F11BD66767,ANARCHI-TEST-CONTENT-FB9E8BE48758B336,UNADJUDICATED,NONE,,,,,DISCOVERED
ANARCHI-TEST-OCC-19BBBD3359F71883,ANARCHI-TEST-CONTENT-12098571044671C2,UNADJUDICATED,NONE,,,,,DISCOVERED
ANARCHI-TEST-OCC-19C9A2A499B3DA9C,ANARCHI-TEST-CONTENT-E3B0C44298FC1C14,UNADJUDICATED,NONE,,,,,DISCOVERED
ANARCHI-TEST-OCC-1A13A3216933F821,ANARCHI-TEST-CONTENT-8776B15B67B762F9,UNADJUDICATED,NONE,,,,,DISCOVERED
ANARCHI-TEST-OCC-1A1A5406460C356E,ANARCHI-TEST-CONTENT-E3B0C44298FC1C14,UNADJUDICATED,NONE,,,,,DISCOVERED
ANARCHI-TEST-OCC-1A5D1832614FE816,ANARCHI-TEST-CONTENT-E3B0C44298FC1C14,UNADJUDICATED,NONE,,,,,DISCOVERED
ANARCHI-TEST-OCC-1A830E0FF5AC059B,ANARCHI-TEST-CONTENT-B1AA3BE28D4FC983,UNADJUDICATED,NONE,,,,,DISCOVERED
ANARCHI-TEST-OCC-1A884E2423C517F2,ANARCHI-TEST-CONTENT-E10B6D151E4F6098,UNADJUDICATED,NONE,,,,,DISCOVERED
ANARCHI-TEST-OCC-1A97CC40BE0D93CC,ANARCHI-TEST-CONTENT-F5D4D3F848D97411,UNADJUDICATED,NONE,,,,,DISCOVERED
ANARCHI-TEST-OCC-1A9ED56D2DCD6622,ANARCHI-TEST-CONTENT-ABC03F09E7ABAF31,UNADJUDICATED,NONE,,,,,DISCOVERED
ANARCHI-TEST-OCC-1AB253D3A2B87E87,ANARCHI-TEST-CONTENT-6805A4FB201554D0,UNADJUDICATED,NONE,,,,,DISCOVERED
ANARCHI-TEST-OCC-1AB6BD7E53244B05,ANARCHI-TEST-CONTENT-3BD587FF74064862,UNADJUDICATED,NONE,,,,,DISCOVERED
ANARCHI-TEST-OCC-1ABE642D971EC38E,ANARCHI-TEST-CONTENT-1210C01446A63429,UNADJUDICATED,NONE,,,,,DISCOVERED
ANARCHI-TEST-OCC-1AE004C25FE69DED,ANARCHI-TEST-CONTENT-014951918282508B,UNADJUDICATED,NONE,,,,,DISCOVERED
ANARCHI-TEST-OCC-1AECAF8752D526DB,ANARCHI-TEST-CONTENT-5F450B468BE57A65,UNADJUDICATED,NONE,,,,,DISCOVERED
ANARCHI-TEST-OCC-1B05D85058BAB66F,ANARCHI-TEST-CONTENT-87B3E05337924E0E,UNADJUDICATED,NONE,,,,,DISCOVERED
ANARCHI-TEST-OCC-1B13123D10084A33,ANARCHI-TEST-CONTENT-948547B6DB811911,UNADJUDICATED,NONE,,,,,DISCOVERED
ANARCHI-TEST-OCC-1B45A6DE34708835,ANARCHI-TEST-CONTENT-E3B0C44298FC1C14,UNADJUDICATED,NONE,,,,,DISCOVERED
ANARCHI-TEST-OCC-1B492182DDC4FDAB,ANARCHI-TEST-CONTENT-59CCD9A21EE2D5B8,UNADJUDICATED,NONE,,,,,DISCOVERED
ANARCHI-TEST-OCC-1B9374B19F94006F,ANARCHI-TEST-CONTENT-658FDACED0D2790E,UNADJUDICATED,NONE,,,,,DISCOVERED
ANARCHI-TEST-OCC-1BA8A1CF3B323076,ANARCHI-TEST-CONTENT-B1B87542F9101B53,UNADJUDICATED,NONE,,,,,DISCOVERED
ANARCHI-TEST-OCC-1BAFEE6FBC70BA93,ANARCHI-TEST-CONTENT-6B706C1B7CCE633C,UNADJUDICATED,NONE,,,,,DISCOVERED
ANARCHI-TEST-OCC-1BE0A1A98B1877D6,ANARCHI-TEST-CONTENT-5E6B06CF42D24D0E,UNADJUDICATED,NONE,,,,,DISCOVERED
ANARCHI-TEST-OCC-1BF1489B8442E6DD,ANARCHI-TEST-CONTENT-0FEA1E2F8E4285DE,UNADJUDICATED,NONE,,,,,DISCOVERED
ANARCHI-TEST-OCC-1BF51F8503791BFF,ANARCHI-TEST-CONTENT-E8B637E9206927B7,UNADJUDICATED,NONE,,,,,DISCOVERED
ANARCHI-TEST-OCC-1C0CA42E258ECF71,ANARCHI-TEST-CONTENT-2E9E1E9409E70436,UNADJUDICATED,NONE,,,,,DISCOVERED
ANARCHI-TEST-OCC-1C2E4364ECDC2D42,ANARCHI-TEST-CONTENT-5E29ED7BD202A857,UNADJUDICATED,NONE,,,,,DISCOVERED
ANARCHI-TEST-OCC-1C2F53A052750EB7,ANARCHI-TEST-CONTENT-B246931FECC58D65,UNADJUDICATED,NONE,,,,,DISCOVERED
ANARCHI-TEST-OCC-1C3D86A6766F6F05,ANARCHI-TEST-CONTENT-32480F004CC641DF,UNADJUDICATED,NONE,,,,,DISCOVERED
ANARCHI-TEST-OCC-1C40FD2AD044E3D9,ANARCHI-TEST-CONTENT-94A8D7005DAFC4F4,UNADJUDICATED,NONE,,,,,DISCOVERED
ANARCHI-TEST-OCC-1C46C75181A05F8B,ANARCHI-TEST-CONTENT-6C71755A959A2365,UNADJUDICATED,NONE,,,,,DISCOVERED
ANARCHI-TEST-OCC-1C6B388A714687B5,ANARCHI-TEST-CONTENT-FEB112288BFA83C3,UNADJUDICATED,NONE,,,,,DISCOVERED
ANARCHI-TEST-OCC-1C6D4DEF44D6FF96,ANARCHI-TEST-CONTENT-C0D24363A1EE4144,UNADJUDICATED,NONE,,,,,DISCOVERED
ANARCHI-TEST-OCC-1CA8BBE5C7C0E228,ANARCHI-TEST-CONTENT-016D9C51EB4F657D,UNADJUDICATED,NONE,,,,,DISCOVERED
ANARCHI-TEST-OCC-1CD2CC0307CC6EBD,ANARCHI-TEST-CONTENT-AA85853C48F29B98,UNADJUDICATED,NONE,,,,,DISCOVERED
ANARCHI-TEST-OCC-1CE24B68964C3716,ANARCHI-TEST-CONTENT-3E0DBA2D1A6FD324,UNADJUDICATED,NONE,,,,,DISCOVERED
ANARCHI-TEST-OCC-1CF59761B2830480,ANARCHI-TEST-CONTENT-470CFEC0FE294F95,UNADJUDICATED,NONE,,,,,DISCOVERED
ANARCHI-TEST-OCC-1D0231DF70E77A78,ANARCHI-TEST-CONTENT-05B3F2F977F21F02,UNADJUDICATED,NONE,,,,,DISCOVERED
ANARCHI-TEST-OCC-1D0D61CB97DB3D80,ANARCHI-TEST-CONTENT-7C179D1EDF37F7E9,UNADJUDICATED,NONE,,,,,DISCOVERED
ANARCHI-TEST-OCC-1D4B626B29892E93,ANARCHI-TEST-CONTENT-0C4F6C1BD2BED392,UNADJUDICATED,NONE,,,,,DISCOVERED
ANARCHI-TEST-OCC-1D4DABE695A1AB3F,ANARCHI-TEST-CONTENT-6DD25BB60A5B2D72,UNADJUDICATED,NONE,,,,,DISCOVERED
ANARCHI-TEST-OCC-1D4EF468A6BFAB09,ANARCHI-TEST-CONTENT-8B83A8374C792921,UNADJUDICATED,NONE,,,,,DISCOVERED
ANARCHI-TEST-OCC-1D6511202FEE2D58,ANARCHI-TEST-CONTENT-013EDC4F722CEFD8,UNADJUDICATED,NONE,,,,,DISCOVERED
ANARCHI-TEST-OCC-1D67FFCC5DA3B54C,ANARCHI-TEST-CONTENT-0A20F5855DB93061,UNADJUDICATED,NONE,,,,,DISCOVERED
ANARCHI-TEST-OCC-1D7068DEA94E7B7F,ANARCHI-TEST-CONTENT-15623F2BC9E8CF06,UNADJUDICATED,NONE,,,,,DISCOVERED
ANARCHI-TEST-OCC-1D771E736B60DA8F,ANARCHI-TEST-CONTENT-5A46D8456E80E85A,UNADJUDICATED,NONE,,,,,DISCOVERED
ANARCHI-TEST-OCC-1D801188FBC9B7AE,ANARCHI-TEST-CONTENT-B28ACD9F8D358B33,UNADJUDICATED,NONE,,,,,DISCOVERED
ANARCHI-TEST-OCC-1D883ADEAD3C3FB8,ANARCHI-TEST-CONTENT-29198D5F9D68BD52,UNADJUDICATED,NONE,,,,,DISCOVERED
ANARCHI-TEST-OCC-1DB6647DE6969543,ANARCHI-TEST-CONTENT-0C6E31BF6DFEA7EB,UNADJUDICATED,NONE,,,,,DISCOVERED
ANARCHI-TEST-OCC-1DE1759A31901132,ANARCHI-TEST-CONTENT-7579A3868CD7E58C,UNADJUDICATED,NONE,,,,,DISCOVERED
ANARCHI-TEST-OCC-1DE27B07771E06BB,ANARCHI-TEST-CONTENT-19C8C57F869D2342,UNADJUDICATED,NONE,,,,,DISCOVERED
ANARCHI-TEST-OCC-1E0FCA1C21C51DF0,ANARCHI-TEST-CONTENT-A0D8080CEA16F86A,UNADJUDICATED,NONE,,,,,DISCOVERED
ANARCHI-TEST-OCC-1E15CDF0B875825E,ANARCHI-TEST-CONTENT-DA4D17F7537B74E1,UNADJUDICATED,NONE,,,,,DISCOVERED
ANARCHI-TEST-OCC-1E2633832F50E3E5,ANARCHI-TEST-CONTENT-AF8EE943E77CFE59,UNADJUDICATED,NONE,,,,,DISCOVERED
ANARCHI-TEST-OCC-1E30676B2091A2E6,ANARCHI-TEST-CONTENT-6807D721A1465828,UNADJUDICATED,NONE,,,,,DISCOVERED
ANARCHI-TEST-OCC-1E3106D47B787512,ANARCHI-TEST-CONTENT-12098571044671C2,UNADJUDICATED,NONE,,,,,DISCOVERED
ANARCHI-TEST-OCC-1E341620ED420373,ANARCHI-TEST-CONTENT-83900C3786B376C5,UNADJUDICATED,NONE,,,,,DISCOVERED
ANARCHI-TEST-OCC-1E37AA1715691D07,ANARCHI-TEST-CONTENT-5C4734BFB6F0112F,UNADJUDICATED,NONE,,,,,DISCOVERED
ANARCHI-TEST-OCC-1E42600315672359,ANARCHI-TEST-CONTENT-4A24DAB89ED26A13,UNADJUDICATED,NONE,,,,,DISCOVERED
ANARCHI-TEST-OCC-1E45F58107C6E419,ANARCHI-TEST-CONTENT-A5D33270B2E3B6E7,UNADJUDICATED,NONE,,,,,DISCOVERED
ANARCHI-TEST-OCC-1E504AB8CAD4E85E,ANARCHI-TEST-CONTENT-9C5BC31A58407F4C,UNADJUDICATED,NONE,,,,,DISCOVERED
ANARCHI-TEST-OCC-1E55FAED8EEBF829,ANARCHI-TEST-CONTENT-E3B0C44298FC1C14,UNADJUDICATED,NONE,,,,,DISCOVERED
ANARCHI-TEST-OCC-1E58CF110BAAC272,ANARCHI-TEST-CONTENT-41DFD72C1E6DA619,UNADJUDICATED,NONE,,,,,DISCOVERED
ANARCHI-TEST-OCC-1E5A9CC12692182F,ANARCHI-TEST-CONTENT-04261F5B3DDCE0C3,UNADJUDICATED,NONE,,,,,DISCOVERED
ANARCHI-TEST-OCC-1E7F1B41CE02E943,ANARCHI-TEST-CONTENT-82B5B8BBD2971801,UNADJUDICATED,NONE,,,,,DISCOVERED
ANARCHI-TEST-OCC-1E84D58A8CCF978A,ANARCHI-TEST-CONTENT-C21837BC65C46317,UNADJUDICATED,NONE,,,,,DISCOVERED
ANARCHI-TEST-OCC-1EA0D7230AF83FDE,ANARCHI-TEST-CONTENT-172FEFD2CA27EFE8,UNADJUDICATED,NONE,,,,,DISCOVERED
ANARCHI-TEST-OCC-1EB47A8052BAC455,ANARCHI-TEST-CONTENT-8438240BEEC36E37,UNADJUDICATED,NONE,,,,,DISCOVERED
ANARCHI-TEST-OCC-1EC6C4CCE97B5843,ANARCHI-TEST-CONTENT-05B3F2F977F21F02,UNADJUDICATED,NONE,,,,,DISCOVERED
ANARCHI-TEST-OCC-1ED69CDA24566C8F,ANARCHI-TEST-CONTENT-84CDEEB29CD53954,UNADJUDICATED,NONE,,,,,DISCOVERED
ANARCHI-TEST-OCC-1EDA29ADAF0F66E2,ANARCHI-TEST-CONTENT-000F34BC5E29D40A,UNADJUDICATED,NONE,,,,,DISCOVERED
ANARCHI-TEST-OCC-1EE5F2DF1684370C,ANARCHI-TEST-CONTENT-DF670F466B46FBF3,UNADJUDICATED,NONE,,,,,DISCOVERED
ANARCHI-TEST-OCC-1EE8572076AC8586,ANARCHI-TEST-CONTENT-E3B0C44298FC1C14,UNADJUDICATED,NONE,,,,,DISCOVERED
ANARCHI-TEST-OCC-1EF16C09F9C6E6D2,ANARCHI-TEST-CONTENT-15E5620EB5083486,UNADJUDICATED,NONE,,,,,DISCOVERED
ANARCHI-TEST-OCC-1EFC6B9047550D8B,ANARCHI-TEST-CONTENT-56EAD319E32351F0,UNADJUDICATED,NONE,,,,,DISCOVERED
ANARCHI-TEST-OCC-1F4D9F6EE0D41C35,ANARCHI-TEST-CONTENT-20922182E751F5DC,UNADJUDICATED,NONE,,,,,DISCOVERED
ANARCHI-TEST-OCC-1F50802752AF965B,ANARCHI-TEST-CONTENT-BF69C8DCA91AE25F,UNADJUDICATED,NONE,,,,,DISCOVERED
ANARCHI-TEST-OCC-1F6A1D9A1064C95B,ANARCHI-TEST-CONTENT-0C6E31BF6DFEA7EB,UNADJUDICATED,NONE,,,,,DISCOVERED
ANARCHI-TEST-OCC-1F8DC45388EE7A01,ANARCHI-TEST-CONTENT-BC4CA3E3C7888E6E,UNADJUDICATED,NONE,,,,,DISCOVERED
ANARCHI-TEST-OCC-1F90D4BF920A8E80,ANARCHI-TEST-CONTENT-38CE13274E8297B8,UNADJUDICATED,NONE,,,,,DISCOVERED
ANARCHI-TEST-OCC-1F920FD65E6595C1,ANARCHI-TEST-CONTENT-52451094B027BACB,UNADJUDICATED,NONE,,,,,DISCOVERED
ANARCHI-TEST-OCC-1F9BA1FFC6FB713C,ANARCHI-TEST-CONTENT-22DA3EC31421A255,UNADJUDICATED,NONE,,,,,DISCOVERED
ANARCHI-TEST-OCC-1FAC86A7FE2AC6F1,ANARCHI-TEST-CONTENT-C79DC39563510869,UNADJUDICATED,NONE,,,,,DISCOVERED
ANARCHI-TEST-OCC-1FACA811638A2888,ANARCHI-TEST-CONTENT-BDA9B91EE8BD1B8F,UNADJUDICATED,NONE,,,,,DISCOVERED
ANARCHI-TEST-OCC-1FB195B28DF02483,ANARCHI-TEST-CONTENT-E3B0C44298FC1C14,UNADJUDICATED,NONE,,,,,DISCOVERED
ANARCHI-TEST-OCC-1FB49C9462A7E260,ANARCHI-TEST-CONTENT-9B9652FE8276B557,UNADJUDICATED,NONE,,,,,DISCOVERED
ANARCHI-TEST-OCC-1FCF14DE44E043F4,ANARCHI-TEST-CONTENT-1134E4D24C84BDD2,UNADJUDICATED,NONE,,,,,DISCOVERED
ANARCHI-TEST-OCC-1FD869746B19501A,ANARCHI-TEST-CONTENT-9A8D3B771F822209,UNADJUDICATED,NONE,,,,,DISCOVERED
ANARCHI-TEST-OCC-1FDFE61AA90FE6A1,ANARCHI-TEST-CONTENT-4F595865E5BED0DC,UNADJUDICATED,NONE,,,,,DISCOVERED
ANARCHI-TEST-OCC-203C75330253A126,ANARCHI-TEST-CONTENT-60E0E18716070DE5,UNADJUDICATED,NONE,,,,,DISCOVERED
ANARCHI-TEST-OCC-20519F35149DD641,ANARCHI-TEST-CONTENT-C156BAA9C0076DDA,UNADJUDICATED,NONE,,,,,DISCOVERED
ANARCHI-TEST-OCC-2056DFA6F6355501,ANARCHI-TEST-CONTENT-3E407E486677B35F,UNADJUDICATED,NONE,,,,,DISCOVERED
ANARCHI-TEST-OCC-210A2F641429804C,ANARCHI-TEST-CONTENT-7966853648E8FC83,UNADJUDICATED,NONE,,,,,DISCOVERED
ANARCHI-TEST-OCC-2114CC008FE825BC,ANARCHI-TEST-CONTENT-4A33572B4B5F1588,UNADJUDICATED,NONE,,,,,DISCOVERED
ANARCHI-TEST-OCC-2116388F670D2BC5,ANARCHI-TEST-CONTENT-80B48B700FA2A257,UNADJUDICATED,NONE,,,,,DISCOVERED
ANARCHI-TEST-OCC-2172B850F28D4088,ANARCHI-TEST-CONTENT-31EFECFB0D3AC898,UNADJUDICATED,NONE,,,,,DISCOVERED
ANARCHI-TEST-OCC-21992EEAF754D1DE,ANARCHI-TEST-CONTENT-083161ABDA938EC9,UNADJUDICATED,NONE,,,,,DISCOVERED
ANARCHI-TEST-OCC-21A3D63DAD1922DF,ANARCHI-TEST-CONTENT-1A542F941943F708,UNADJUDICATED,NONE,,,,,DISCOVERED
ANARCHI-TEST-OCC-21BC1C13042C64EF,ANARCHI-TEST-CONTENT-5A0531A48C576F3A,UNADJUDICATED,NONE,,,,,DISCOVERED
ANARCHI-TEST-OCC-21DDAD922256A5BF,ANARCHI-TEST-CONTENT-C471BF812944B03F,UNADJUDICATED,NONE,,,,,DISCOVERED
ANARCHI-TEST-OCC-21F2C0571B32E001,ANARCHI-TEST-CONTENT-423105F7DB18103A,UNADJUDICATED,NONE,,,,,DISCOVERED
ANARCHI-TEST-OCC-21FAB4AA44F922E1,ANARCHI-TEST-CONTENT-F29E2961CD794E55,UNADJUDICATED,NONE,,,,,DISCOVERED
ANARCHI-TEST-OCC-21FD1263A84797DF,ANARCHI-TEST-CONTENT-9DEDCE19187856F6,UNADJUDICATED,NONE,,,,,DISCOVERED
ANARCHI-TEST-OCC-21FF21424FDF42F6,ANARCHI-TEST-CONTENT-CA652B4DB1DCA584,UNADJUDICATED,NONE,,,,,DISCOVERED
ANARCHI-TEST-OCC-2222B44F803A709E,ANARCHI-TEST-CONTENT-D30484C1820CFFDB,UNADJUDICATED,NONE,,,,,DISCOVERED
ANARCHI-TEST-OCC-223A7D1A261ACC7A,ANARCHI-TEST-CONTENT-5B37B425855D38D2,UNADJUDICATED,NONE,,,,,DISCOVERED
ANARCHI-TEST-OCC-223A871B78E7070C,ANARCHI-TEST-CONTENT-12098571044671C2,UNADJUDICATED,NONE,,,,,DISCOVERED
ANARCHI-TEST-OCC-22C3B8C330CEFC5C,ANARCHI-TEST-CONTENT-32480F004CC641DF,UNADJUDICATED,NONE,,,,,DISCOVERED
ANARCHI-TEST-OCC-22CD20F8B1F65EE4,ANARCHI-TEST-CONTENT-C6F842C62E7B8B81,UNADJUDICATED,NONE,,,,,DISCOVERED
ANARCHI-TEST-OCC-22D09A6FB49DFBC4,ANARCHI-TEST-CONTENT-3177B1C997D96ABF,UNADJUDICATED,NONE,,,,,DISCOVERED
ANARCHI-TEST-OCC-22D16C9F459B1D75,ANARCHI-TEST-CONTENT-F5D4D3F848D97411,UNADJUDICATED,NONE,,,,,DISCOVERED
ANARCHI-TEST-OCC-22D34462EF741915,ANARCHI-TEST-CONTENT-ECAAF9BD5914B710,UNADJUDICATED,NONE,,,,,DISCOVERED
ANARCHI-TEST-OCC-22E010C28C5C1895,ANARCHI-TEST-CONTENT-440F63511B2286FC,UNADJUDICATED,NONE,,,,,DISCOVERED
ANARCHI-TEST-OCC-230233E3B568E287,ANARCHI-TEST-CONTENT-17DAA96FFBA4A3F0,UNADJUDICATED,NONE,,,,,DISCOVERED
ANARCHI-TEST-OCC-23701BB9109A17D9,ANARCHI-TEST-CONTENT-5E2E31F7F049A425,UNADJUDICATED,NONE,,,,,DISCOVERED
ANARCHI-TEST-OCC-237466169656AF2F,ANARCHI-TEST-CONTENT-28CF420EC3FAB350,UNADJUDICATED,NONE,,,,,DISCOVERED
ANARCHI-TEST-OCC-23755C3F566ABB29,ANARCHI-TEST-CONTENT-24657B6C497EACBF,UNADJUDICATED,NONE,,,,,DISCOVERED
ANARCHI-TEST-OCC-23A1A6BB94069747,ANARCHI-TEST-CONTENT-3C50586BD78CA2F1,UNADJUDICATED,NONE,,,,,DISCOVERED
ANARCHI-TEST-OCC-23A415DD2486A2EC,ANARCHI-TEST-CONTENT-AA3885F0DC50F2FB,UNADJUDICATED,NONE,,,,,DISCOVERED
ANARCHI-TEST-OCC-23C9F5C2F4BE0644,ANARCHI-TEST-CONTENT-015DA0DA11284800,UNADJUDICATED,NONE,,,,,DISCOVERED
ANARCHI-TEST-OCC-23F11E0B48F66210,ANARCHI-TEST-CONTENT-4ED90C03F29F23EF,UNADJUDICATED,NONE,,,,,DISCOVERED
ANARCHI-TEST-OCC-23F3136EFB94B7E5,ANARCHI-TEST-CONTENT-531F7E1255232359,UNADJUDICATED,NONE,,,,,DISCOVERED
ANARCHI-TEST-OCC-23F4BD3A2EA2DF60,ANARCHI-TEST-CONTENT-884DF68FCDEBADEA,UNADJUDICATED,NONE,,,,,DISCOVERED
ANARCHI-TEST-OCC-23FF18FB4BEDCAFB,ANARCHI-TEST-CONTENT-8450B35AC2238549,UNADJUDICATED,NONE,,,,,DISCOVERED
ANARCHI-TEST-OCC-240F8A64328F3B53,ANARCHI-TEST-CONTENT-FB28E82874103817,UNADJUDICATED,NONE,,,,,DISCOVERED
ANARCHI-TEST-OCC-242736CA37D9CE26,ANARCHI-TEST-CONTENT-15E5620EB5083486,UNADJUDICATED,NONE,,,,,DISCOVERED
ANARCHI-TEST-OCC-242F5B6DC9654BBD,ANARCHI-TEST-CONTENT-71CB37C0AD81259F,UNADJUDICATED,NONE,,,,,DISCOVERED
ANARCHI-TEST-OCC-24745F1C461150D8,ANARCHI-TEST-CONTENT-48EC838522D1977C,UNADJUDICATED,NONE,,,,,DISCOVERED
ANARCHI-TEST-OCC-247527BAEF088A8C,ANARCHI-TEST-CONTENT-678077DC2D1B9617,UNADJUDICATED,NONE,,,,,DISCOVERED
ANARCHI-TEST-OCC-24917BDF68DD04C0,ANARCHI-TEST-CONTENT-4BE5D08B68FDD410,UNADJUDICATED,NONE,,,,,DISCOVERED
ANARCHI-TEST-OCC-24A009E9D26FF465,ANARCHI-TEST-CONTENT-FFC1A13B9E5A22DE,UNADJUDICATED,NONE,,,,,DISCOVERED
ANARCHI-TEST-OCC-24A0D05373C697D1,ANARCHI-TEST-CONTENT-11C29FCEDC934FB3,UNADJUDICATED,NONE,,,,,DISCOVERED
ANARCHI-TEST-OCC-25078147133CB44B,ANARCHI-TEST-CONTENT-32480F004CC641DF,UNADJUDICATED,NONE,,,,,DISCOVERED
ANARCHI-TEST-OCC-25090E988DE9E464,ANARCHI-TEST-CONTENT-FF1CBF93EFE5F7A1,UNADJUDICATED,NONE,,,,,DISCOVERED
ANARCHI-TEST-OCC-253164C9A8DA20E1,ANARCHI-TEST-CONTENT-93F5300EFC2019CD,UNADJUDICATED,NONE,,,,,DISCOVERED
ANARCHI-TEST-OCC-2536F603A85E4F68,ANARCHI-TEST-CONTENT-57943843BB9415F4,UNADJUDICATED,NONE,,,,,DISCOVERED
ANARCHI-TEST-OCC-2575BC1881DFD185,ANARCHI-TEST-CONTENT-F638BFD78B339FEA,UNADJUDICATED,NONE,,,,,DISCOVERED
ANARCHI-TEST-OCC-258077726B8A6AD5,ANARCHI-TEST-CONTENT-77A14C3BCA5F4581,UNADJUDICATED,NONE,,,,,DISCOVERED
ANARCHI-TEST-OCC-25A5FDB5ECAE9A3A,ANARCHI-TEST-CONTENT-E3B0C44298FC1C14,UNADJUDICATED,NONE,,,,,DISCOVERED
ANARCHI-TEST-OCC-25ED9CEF419E7A5B,ANARCHI-TEST-CONTENT-32480F004CC641DF,UNADJUDICATED,NONE,,,,,DISCOVERED
ANARCHI-TEST-OCC-25F772362CD67F10,ANARCHI-TEST-CONTENT-FBD31B5CB7D85038,UNADJUDICATED,NONE,,,,,DISCOVERED
ANARCHI-TEST-OCC-262CAEE25704D275,ANARCHI-TEST-CONTENT-476132CFB10763E7,UNADJUDICATED,NONE,,,,,DISCOVERED
ANARCHI-TEST-OCC-2648D6CEC4F92643,ANARCHI-TEST-CONTENT-C1F38958B20315C8,UNADJUDICATED,NONE,,,,,DISCOVERED
ANARCHI-TEST-OCC-264B0E2B846EA807,ANARCHI-TEST-CONTENT-4A24DAB89ED26A13,UNADJUDICATED,NONE,,,,,DISCOVERED
ANARCHI-TEST-OCC-265021F3A3C82980,ANARCHI-TEST-CONTENT-D867472ACB57B81C,UNADJUDICATED,NONE,,,,,DISCOVERED
ANARCHI-TEST-OCC-265C835E9B33676E,ANARCHI-TEST-CONTENT-1063DE462B0CEB4F,UNADJUDICATED,NONE,,,,,DISCOVERED
ANARCHI-TEST-OCC-268475DD3C925170,ANARCHI-TEST-CONTENT-44DEC0221309E44A,UNADJUDICATED,NONE,,,,,DISCOVERED
ANARCHI-TEST-OCC-26987F7A4C07863E,ANARCHI-TEST-CONTENT-24BE90000E93DCF3,UNADJUDICATED,NONE,,,,,DISCOVERED
ANARCHI-TEST-OCC-26A8EDE09DFCC946,ANARCHI-TEST-CONTENT-6CFD211106184093,UNADJUDICATED,NONE,,,,,DISCOVERED
ANARCHI-TEST-OCC-26E93CC27B28E2BD,ANARCHI-TEST-CONTENT-53721570F0D4EBF2,UNADJUDICATED,NONE,,,,,DISCOVERED
ANARCHI-TEST-OCC-26EE34AE2D63509B,ANARCHI-TEST-CONTENT-E3B0C44298FC1C14,UNADJUDICATED,NONE,,,,,DISCOVERED
ANARCHI-TEST-OCC-26FC1637C2DE5E2B,ANARCHI-TEST-CONTENT-08D7DE8251276C42,UNADJUDICATED,NONE,,,,,DISCOVERED
ANARCHI-TEST-OCC-270040990C27AA0B,ANARCHI-TEST-CONTENT-D0770C758F2BD4BB,UNADJUDICATED,NONE,,,,,DISCOVERED
ANARCHI-TEST-OCC-2745670D71721FAB,ANARCHI-TEST-CONTENT-3BE4A6B95270905A,UNADJUDICATED,NONE,,,,,DISCOVERED
ANARCHI-TEST-OCC-274A923A89F04480,ANARCHI-TEST-CONTENT-7959B948C6961769,UNADJUDICATED,NONE,,,,,DISCOVERED
ANARCHI-TEST-OCC-274C78F947295D86,ANARCHI-TEST-CONTENT-7BC32C59BBF09ABF,UNADJUDICATED,NONE,,,,,DISCOVERED
ANARCHI-TEST-OCC-2762268328A04A2B,ANARCHI-TEST-CONTENT-2C5D8F91B6865653,UNADJUDICATED,NONE,,,,,DISCOVERED
ANARCHI-TEST-OCC-2775A03E60E4561C,ANARCHI-TEST-CONTENT-169406BA0048A9C1,UNADJUDICATED,NONE,,,,,DISCOVERED
ANARCHI-TEST-OCC-27804B8299231575,ANARCHI-TEST-CONTENT-23F771D78C7EDE17,UNADJUDICATED,NONE,,,,,DISCOVERED
ANARCHI-TEST-OCC-278D231113913E89,ANARCHI-TEST-CONTENT-88E3ED332A7376BF,UNADJUDICATED,NONE,,,,,DISCOVERED
ANARCHI-TEST-OCC-27C44783A5B1758C,ANARCHI-TEST-CONTENT-E3B0C44298FC1C14,UNADJUDICATED,NONE,,,,,DISCOVERED
ANARCHI-TEST-OCC-27EF1246A9DB4CC5,ANARCHI-TEST-CONTENT-92E3C932A2FCF16D,UNADJUDICATED,NONE,,,,,DISCOVERED
ANARCHI-TEST-OCC-27FCD9F004A105B5,ANARCHI-TEST-CONTENT-F514883BAD06A84C,UNADJUDICATED,NONE,,,,,DISCOVERED
ANARCHI-TEST-OCC-2800C053E8639DFF,ANARCHI-TEST-CONTENT-32480F004CC641DF,UNADJUDICATED,NONE,,,,,DISCOVERED
ANARCHI-TEST-OCC-28026A742007F7E6,ANARCHI-TEST-CONTENT-F5D4D3F848D97411,UNADJUDICATED,NONE,,,,,DISCOVERED
ANARCHI-TEST-OCC-28027FAF4B4484EE,ANARCHI-TEST-CONTENT-82C1FE3F3E2A2056,UNADJUDICATED,NONE,,,,,DISCOVERED
ANARCHI-TEST-OCC-282988A2D07B3A4A,ANARCHI-TEST-CONTENT-15F3B00A1BC049C6,UNADJUDICATED,NONE,,,,,DISCOVERED
ANARCHI-TEST-OCC-2839C502FCDA2CC7,ANARCHI-TEST-CONTENT-BB1CE68376353498,UNADJUDICATED,NONE,,,,,DISCOVERED
ANARCHI-TEST-OCC-284DDBDFFC73DF8A,ANARCHI-TEST-CONTENT-B7D6AE688544F3CF,UNADJUDICATED,NONE,,,,,DISCOVERED
ANARCHI-TEST-OCC-285ECC1B63042560,ANARCHI-TEST-CONTENT-4E486420A8AE4594,UNADJUDICATED,NONE,,,,,DISCOVERED
ANARCHI-TEST-OCC-286677F41459E596,ANARCHI-TEST-CONTENT-660882795F7BD467,UNADJUDICATED,NONE,,,,,DISCOVERED
ANARCHI-TEST-OCC-288CB86FBF344670,ANARCHI-TEST-CONTENT-E3B0C44298FC1C14,UNADJUDICATED,NONE,,,,,DISCOVERED
ANARCHI-TEST-OCC-2897B7BF0134F0DF,ANARCHI-TEST-CONTENT-F99CC569B39F3163,UNADJUDICATED,NONE,,,,,DISCOVERED
ANARCHI-TEST-OCC-28C8F408D84C61DE,ANARCHI-TEST-CONTENT-FAEA11C90C6DFD9D,UNADJUDICATED,NONE,,,,,DISCOVERED
ANARCHI-TEST-OCC-28D50315F77CEEF7,ANARCHI-TEST-CONTENT-E34D3EECAFED12A9,UNADJUDICATED,NONE,,,,,DISCOVERED
ANARCHI-TEST-OCC-28FB75D8F3A617B7,ANARCHI-TEST-CONTENT-E3B0C44298FC1C14,UNADJUDICATED,NONE,,,,,DISCOVERED
ANARCHI-TEST-OCC-28FC63D035EEEB7C,ANARCHI-TEST-CONTENT-F457AE82C83D8C3D,UNADJUDICATED,NONE,,,,,DISCOVERED
ANARCHI-TEST-OCC-2902B05F76834C76,ANARCHI-TEST-CONTENT-0247370919204E0F,UNADJUDICATED,NONE,,,,,DISCOVERED
ANARCHI-TEST-OCC-290EA16A959546AB,ANARCHI-TEST-CONTENT-D500D34E0ED3A30A,UNADJUDICATED,NONE,,,,,DISCOVERED
ANARCHI-TEST-OCC-2910E3F556D5C7DB,ANARCHI-TEST-CONTENT-E3B0C44298FC1C14,UNADJUDICATED,NONE,,,,,DISCOVERED
ANARCHI-TEST-OCC-293BAEA1E516D845,ANARCHI-TEST-CONTENT-63F90A8085A9AE2F,UNADJUDICATED,NONE,,,,,DISCOVERED
ANARCHI-TEST-OCC-2944B3A85079968D,ANARCHI-TEST-CONTENT-885E66EC4B8897B8,UNADJUDICATED,NONE,,,,,DISCOVERED
ANARCHI-TEST-OCC-294B17B4D745E54B,ANARCHI-TEST-CONTENT-680359549C5F8A14,UNADJUDICATED,NONE,,,,,DISCOVERED
ANARCHI-TEST-OCC-295C760EE90EF253,ANARCHI-TEST-CONTENT-37517E5F3DC66819,UNADJUDICATED,NONE,,,,,DISCOVERED
ANARCHI-TEST-OCC-29864B862F78E6D2,ANARCHI-TEST-CONTENT-67786A8C7105688A,UNADJUDICATED,NONE,,,,,DISCOVERED
ANARCHI-TEST-OCC-29B6FB5C178DA6F1,ANARCHI-TEST-CONTENT-67299D2FB23BAC6E,UNADJUDICATED,NONE,,,,,DISCOVERED
ANARCHI-TEST-OCC-29E0B62CAFAD863C,ANARCHI-TEST-CONTENT-2042CFA5A7669D0C,UNADJUDICATED,NONE,,,,,DISCOVERED
ANARCHI-TEST-OCC-29E74F28AD22295B,ANARCHI-TEST-CONTENT-CD884F5AC772429E,UNADJUDICATED,NONE,,,,,DISCOVERED
ANARCHI-TEST-OCC-29EAB40B6F184839,ANARCHI-TEST-CONTENT-C627615D47A520B7,UNADJUDICATED,NONE,,,,,DISCOVERED
ANARCHI-TEST-OCC-2A1F831565C9EA0B,ANARCHI-TEST-CONTENT-09DD04E2E14AF2BA,UNADJUDICATED,NONE,,,,,DISCOVERED
ANARCHI-TEST-OCC-2A2F3E22AC6916D8,ANARCHI-TEST-CONTENT-2F13A2F306620982,UNADJUDICATED,NONE,,,,,DISCOVERED
ANARCHI-TEST-OCC-2A389769229CE036,ANARCHI-TEST-CONTENT-A48E1EED8EB5E5DE,UNADJUDICATED,NONE,,,,,DISCOVERED
ANARCHI-TEST-OCC-2A3FC218C20AE1C0,ANARCHI-TEST-CONTENT-A18B43E7CA913D0B,UNADJUDICATED,NONE,,,,,DISCOVERED
ANARCHI-TEST-OCC-2A48DDCB873F3598,ANARCHI-TEST-CONTENT-58E88F4F2CCCC221,UNADJUDICATED,NONE,,,,,DISCOVERED
ANARCHI-TEST-OCC-2A5883A8236056B8,ANARCHI-TEST-CONTENT-DBC39CEA208C0A3D,UNADJUDICATED,NONE,,,,,DISCOVERED
ANARCHI-TEST-OCC-2A769FC7C8FD6473,ANARCHI-TEST-CONTENT-276F3208058949D9,UNADJUDICATED,NONE,,,,,DISCOVERED
ANARCHI-TEST-OCC-2A79A6835AC37988,ANARCHI-TEST-CONTENT-DC43CF67D15F22CD,UNADJUDICATED,NONE,,,,,DISCOVERED
ANARCHI-TEST-OCC-2A7F6BEC5F92CA2E,ANARCHI-TEST-CONTENT-5AF28D2799ADC5FC,UNADJUDICATED,NONE,,,,,DISCOVERED
ANARCHI-TEST-OCC-2A8FB689EED9FD7E,ANARCHI-TEST-CONTENT-7B7C8B87BC7CD5EA,UNADJUDICATED,NONE,,,,,DISCOVERED
ANARCHI-TEST-OCC-2AA1BFF559CA5AFC,ANARCHI-TEST-CONTENT-7B7C8B87BC7CD5EA,UNADJUDICATED,NONE,,,,,DISCOVERED
ANARCHI-TEST-OCC-2AEA64E8F3E4CAD2,ANARCHI-TEST-CONTENT-98B97945FB8435FD,UNADJUDICATED,NONE,,,,,DISCOVERED
ANARCHI-TEST-OCC-2AFF9159F25ACBB8,ANARCHI-TEST-CONTENT-95E7099AA35989E1,UNADJUDICATED,NONE,,,,,DISCOVERED
ANARCHI-TEST-OCC-2B11029CA08CAC16,ANARCHI-TEST-CONTENT-9143A33C1CAC70F2,UNADJUDICATED,NONE,,,,,DISCOVERED
ANARCHI-TEST-OCC-2B251C76F4208798,ANARCHI-TEST-CONTENT-3BB749C69CF1B37D,UNADJUDICATED,NONE,,,,,DISCOVERED
ANARCHI-TEST-OCC-2B2DEF8259983496,ANARCHI-TEST-CONTENT-D4C77C4DE539C475,UNADJUDICATED,NONE,,,,,DISCOVERED
ANARCHI-TEST-OCC-2B37405A18576EFB,ANARCHI-TEST-CONTENT-3E407E486677B35F,UNADJUDICATED,NONE,,,,,DISCOVERED
ANARCHI-TEST-OCC-2B3A97056E95F371,ANARCHI-TEST-CONTENT-C158A50F91FE3211,UNADJUDICATED,NONE,,,,,DISCOVERED
ANARCHI-TEST-OCC-2B623BE24714ADCF,ANARCHI-TEST-CONTENT-5ED8D72409448EAC,UNADJUDICATED,NONE,,,,,DISCOVERED
ANARCHI-TEST-OCC-2B7F9624DDE07359,ANARCHI-TEST-CONTENT-9F8830BFE187D0B3,UNADJUDICATED,NONE,,,,,DISCOVERED
ANARCHI-TEST-OCC-2B890A502A996346,ANARCHI-TEST-CONTENT-2B51CE9BB72E3F35,UNADJUDICATED,NONE,,,,,DISCOVERED
ANARCHI-TEST-OCC-2B958BC5B3B76E67,ANARCHI-TEST-CONTENT-82CBD8905A2A4963,UNADJUDICATED,NONE,,,,,DISCOVERED
ANARCHI-TEST-OCC-2B9BA6BA165104B1,ANARCHI-TEST-CONTENT-F273452AE41E89CC,UNADJUDICATED,NONE,,,,,DISCOVERED
ANARCHI-TEST-OCC-2BB6A64EB577874D,ANARCHI-TEST-CONTENT-98DA92985A564617,UNADJUDICATED,NONE,,,,,DISCOVERED
ANARCHI-TEST-OCC-2BD230B29B0FE486,ANARCHI-TEST-CONTENT-B97A5FA4EE3459AA,UNADJUDICATED,NONE,,,,,DISCOVERED
ANARCHI-TEST-OCC-2BD6C6DA79A115C5,ANARCHI-TEST-CONTENT-24657B6C497EACBF,UNADJUDICATED,NONE,,,,,DISCOVERED
ANARCHI-TEST-OCC-2BD6CB858DFF9345,ANARCHI-TEST-CONTENT-15F3B00A1BC049C6,UNADJUDICATED,NONE,,,,,DISCOVERED
ANARCHI-TEST-OCC-2BD92D22B9C1143B,ANARCHI-TEST-CONTENT-E3B0C44298FC1C14,UNADJUDICATED,NONE,,,,,DISCOVERED
ANARCHI-TEST-OCC-2BE32E95F022C6FF,ANARCHI-TEST-CONTENT-0FAB29DCC3AF5875,UNADJUDICATED,NONE,,,,,DISCOVERED
ANARCHI-TEST-OCC-2BE8344324D758CB,ANARCHI-TEST-CONTENT-1CFF1849B4FD255A,UNADJUDICATED,NONE,,,,,DISCOVERED
ANARCHI-TEST-OCC-2C1889F2613CE066,ANARCHI-TEST-CONTENT-E3B0C44298FC1C14,UNADJUDICATED,NONE,,,,,DISCOVERED
ANARCHI-TEST-OCC-2C1AAE724874AD38,ANARCHI-TEST-CONTENT-7C179D1EDF37F7E9,UNADJUDICATED,NONE,,,,,DISCOVERED
ANARCHI-TEST-OCC-2C4CA12CF8628AB3,ANARCHI-TEST-CONTENT-A2423F06B48FD71A,UNADJUDICATED,NONE,,,,,DISCOVERED
ANARCHI-TEST-OCC-2C51244586DB0AFD,ANARCHI-TEST-CONTENT-DDEE3A1A84DB48FF,UNADJUDICATED,NONE,,,,,DISCOVERED
ANARCHI-TEST-OCC-2C6A45094D1842F6,ANARCHI-TEST-CONTENT-07EE5B8D0F87E15A,UNADJUDICATED,NONE,,,,,DISCOVERED
ANARCHI-TEST-OCC-2C7B0D8AD6FCF731,ANARCHI-TEST-CONTENT-E4EC0DF03FD9B4A3,UNADJUDICATED,NONE,,,,,DISCOVERED
ANARCHI-TEST-OCC-2C8A342479C89A4E,ANARCHI-TEST-CONTENT-73324DE162533F9C,UNADJUDICATED,NONE,,,,,DISCOVERED
ANARCHI-TEST-OCC-2C90484D7AAEAB8C,ANARCHI-TEST-CONTENT-2D1AD9D94C6E5E72,UNADJUDICATED,NONE,,,,,DISCOVERED
ANARCHI-TEST-OCC-2CA0C500DE775313,ANARCHI-TEST-CONTENT-DD306BC8005A2B32,UNADJUDICATED,NONE,,,,,DISCOVERED
ANARCHI-TEST-OCC-2CAB219510B2D074,ANARCHI-TEST-CONTENT-D89371BC9EB53498,UNADJUDICATED,NONE,,,,,DISCOVERED
ANARCHI-TEST-OCC-2CAD63BCE596790C,ANARCHI-TEST-CONTENT-DE68DD99C82D04F9,UNADJUDICATED,NONE,,,,,DISCOVERED
ANARCHI-TEST-OCC-2CADB45A17B27F6D,ANARCHI-TEST-CONTENT-2C01DFEF960C6E9F,UNADJUDICATED,NONE,,,,,DISCOVERED
ANARCHI-TEST-OCC-2CC0DA4311495585,ANARCHI-TEST-CONTENT-40FDC2133F8DC777,UNADJUDICATED,NONE,,,,,DISCOVERED
ANARCHI-TEST-OCC-2CC372412E100D26,ANARCHI-TEST-CONTENT-425AF830C7B469D7,UNADJUDICATED,NONE,,,,,DISCOVERED
ANARCHI-TEST-OCC-2CCE1055BBAF2F20,ANARCHI-TEST-CONTENT-CE016BBF6A79FD2B,UNADJUDICATED,NONE,,,,,DISCOVERED
ANARCHI-TEST-OCC-2CDBA89FEF2046A8,ANARCHI-TEST-CONTENT-B7D709A7CD55BFE9,UNADJUDICATED,NONE,,,,,DISCOVERED
ANARCHI-TEST-OCC-2CDEA98F9D2CF81A,ANARCHI-TEST-CONTENT-358108F17DAA2D67,UNADJUDICATED,NONE,,,,,DISCOVERED
ANARCHI-TEST-OCC-2CE0F4C262CC5ECF,ANARCHI-TEST-CONTENT-756C2B15E3F0F1E5,UNADJUDICATED,NONE,,,,,DISCOVERED
ANARCHI-TEST-OCC-2D1CB919B49FD59C,ANARCHI-TEST-CONTENT-87047038D73D71E7,UNADJUDICATED,NONE,,,,,DISCOVERED
ANARCHI-TEST-OCC-2D34BE8E57A7F3AD,ANARCHI-TEST-CONTENT-C62EC67B76E3DAB2,UNADJUDICATED,NONE,,,,,DISCOVERED
ANARCHI-TEST-OCC-2D4C26874DD7665D,ANARCHI-TEST-CONTENT-BE0D72CBFF9AE71D,UNADJUDICATED,NONE,,,,,DISCOVERED
ANARCHI-TEST-OCC-2D53B92E2351D349,ANARCHI-TEST-CONTENT-1AD796B5A7AC7C12,UNADJUDICATED,NONE,,,,,DISCOVERED
ANARCHI-TEST-OCC-2D579CE381AB42EE,ANARCHI-TEST-CONTENT-73F8190E939BFBC4,UNADJUDICATED,NONE,,,,,DISCOVERED
ANARCHI-TEST-OCC-2D62274FF80FE428,ANARCHI-TEST-CONTENT-0471A85EE493D4DD,UNADJUDICATED,NONE,,,,,DISCOVERED
ANARCHI-TEST-OCC-2D70C61A8BF29918,ANARCHI-TEST-CONTENT-AD018425672D71FC,UNADJUDICATED,NONE,,,,,DISCOVERED
ANARCHI-TEST-OCC-2D8394FA2393BCDD,ANARCHI-TEST-CONTENT-3D1D05BC8183FA26,UNADJUDICATED,NONE,,,,,DISCOVERED
ANARCHI-TEST-OCC-2D9647FD177DFC96,ANARCHI-TEST-CONTENT-15EC0CCBE86A0910,UNADJUDICATED,NONE,,,,,DISCOVERED
ANARCHI-TEST-OCC-2DD1991B29A5ED23,ANARCHI-TEST-CONTENT-C35D5D135C652388,UNADJUDICATED,NONE,,,,,DISCOVERED
ANARCHI-TEST-OCC-2DD4E67D54E7FBCC,ANARCHI-TEST-CONTENT-D4C77C4DE539C475,UNADJUDICATED,NONE,,,,,DISCOVERED
ANARCHI-TEST-OCC-2DE58451E038DF4B,ANARCHI-TEST-CONTENT-4923E38E705D4F32,UNADJUDICATED,NONE,,,,,DISCOVERED
ANARCHI-TEST-OCC-2DEF68B34337C200,ANARCHI-TEST-CONTENT-C04367804994731D,UNADJUDICATED,NONE,,,,,DISCOVERED
ANARCHI-TEST-OCC-2E1AB0490A16C3AF,ANARCHI-TEST-CONTENT-F5D4D3F848D97411,UNADJUDICATED,NONE,,,,,DISCOVERED
ANARCHI-TEST-OCC-2E340CDBC0608E62,ANARCHI-TEST-CONTENT-6117B6CAD33079E5,UNADJUDICATED,NONE,,,,,DISCOVERED
ANARCHI-TEST-OCC-2E3894CD88E38AF8,ANARCHI-TEST-CONTENT-04261F5B3DDCE0C3,UNADJUDICATED,NONE,,,,,DISCOVERED
ANARCHI-TEST-OCC-2E3DFBAAEFF6D277,ANARCHI-TEST-CONTENT-0B2A1EA728F33365,UNADJUDICATED,NONE,,,,,DISCOVERED
ANARCHI-TEST-OCC-2E61F970D05A152C,ANARCHI-TEST-CONTENT-4B561AD75CF1A49B,UNADJUDICATED,NONE,,,,,DISCOVERED
ANARCHI-TEST-OCC-2EA7944D11BA87EE,ANARCHI-TEST-CONTENT-7FE128AD490D97F7,UNADJUDICATED,NONE,,,,,DISCOVERED
ANARCHI-TEST-OCC-2EB31488DB610E50,ANARCHI-TEST-CONTENT-D33FF178882BDB05,UNADJUDICATED,NONE,,,,,DISCOVERED
ANARCHI-TEST-OCC-2EE942ECAB7E8941,ANARCHI-TEST-CONTENT-738C5027F6C14B8C,UNADJUDICATED,NONE,,,,,DISCOVERED
ANARCHI-TEST-OCC-2F01241D336CE170,ANARCHI-TEST-CONTENT-3E0DBA2D1A6FD324,UNADJUDICATED,NONE,,,,,DISCOVERED
ANARCHI-TEST-OCC-2F19708346FE3867,ANARCHI-TEST-CONTENT-E3B0C44298FC1C14,UNADJUDICATED,NONE,,,,,DISCOVERED
ANARCHI-TEST-OCC-2F1AF1EF13321C81,ANARCHI-TEST-CONTENT-2C15A98D345F8163,UNADJUDICATED,NONE,,,,,DISCOVERED
ANARCHI-TEST-OCC-2F400EA5C8F2D356,ANARCHI-TEST-CONTENT-39BE4EB3177C8707,UNADJUDICATED,NONE,,,,,DISCOVERED
ANARCHI-TEST-OCC-2F436810F433D6AF,ANARCHI-TEST-CONTENT-045B8F5185AD57A6,UNADJUDICATED,NONE,,,,,DISCOVERED
ANARCHI-TEST-OCC-2F617B5A83940750,ANARCHI-TEST-CONTENT-4B77624E0CFB58A1,UNADJUDICATED,NONE,,,,,DISCOVERED
ANARCHI-TEST-OCC-2F6F8E7FA7B8E60E,ANARCHI-TEST-CONTENT-9A54C1C8DE6DBD19,UNADJUDICATED,NONE,,,,,DISCOVERED
ANARCHI-TEST-OCC-2F7DA2E8FF8F3AD8,ANARCHI-TEST-CONTENT-667AEE62BA23893F,UNADJUDICATED,NONE,,,,,DISCOVERED
ANARCHI-TEST-OCC-2FAE97EA32E84FB7,ANARCHI-TEST-CONTENT-8CE0D0895960A1DD,UNADJUDICATED,NONE,,,,,DISCOVERED
ANARCHI-TEST-OCC-2FAF436AD940B64D,ANARCHI-TEST-CONTENT-D637C717F652CA29,UNADJUDICATED,NONE,,,,,DISCOVERED
ANARCHI-TEST-OCC-2FAFEE8453EC423A,ANARCHI-TEST-CONTENT-F514883BAD06A84C,UNADJUDICATED,NONE,,,,,DISCOVERED
ANARCHI-TEST-OCC-30041F8705979DB8,ANARCHI-TEST-CONTENT-A3B1D97CEC385E7E,UNADJUDICATED,NONE,,,,,DISCOVERED
ANARCHI-TEST-OCC-3018E9FFE8A3995E,ANARCHI-TEST-CONTENT-8DA4F7583A07B227,UNADJUDICATED,NONE,,,,,DISCOVERED
ANARCHI-TEST-OCC-303854826749557F,ANARCHI-TEST-CONTENT-19678879BF73268D,UNADJUDICATED,NONE,,,,,DISCOVERED
ANARCHI-TEST-OCC-303923F15F8DD38F,ANARCHI-TEST-CONTENT-24657B6C497EACBF,UNADJUDICATED,NONE,,,,,DISCOVERED
ANARCHI-TEST-OCC-304FE1B30F5BCC0D,ANARCHI-TEST-CONTENT-17A422ECE2EB6D4A,UNADJUDICATED,NONE,,,,,DISCOVERED
ANARCHI-TEST-OCC-305A85D2F6590E76,ANARCHI-TEST-CONTENT-2063FAADCDBE6F7C,UNADJUDICATED,NONE,,,,,DISCOVERED
ANARCHI-TEST-OCC-305FA26C30500843,ANARCHI-TEST-CONTENT-DD22B96DBCDF9152,UNADJUDICATED,NONE,,,,,DISCOVERED
ANARCHI-TEST-OCC-307F8A410EE5D8DC,ANARCHI-TEST-CONTENT-476132CFB10763E7,UNADJUDICATED,NONE,,,,,DISCOVERED
ANARCHI-TEST-OCC-3092240535F408F9,ANARCHI-TEST-CONTENT-E3B0C44298FC1C14,UNADJUDICATED,NONE,,,,,DISCOVERED
ANARCHI-TEST-OCC-3093BEAC53F56DB5,ANARCHI-TEST-CONTENT-79AA74080688DB7B,UNADJUDICATED,NONE,,,,,DISCOVERED
ANARCHI-TEST-OCC-3098B8288B2EBBE8,ANARCHI-TEST-CONTENT-75ADE219BB1A64EB,UNADJUDICATED,NONE,,,,,DISCOVERED
ANARCHI-TEST-OCC-30A61758C747DCD6,ANARCHI-TEST-CONTENT-81EC50A14AC23B01,UNADJUDICATED,NONE,,,,,DISCOVERED
ANARCHI-TEST-OCC-30A625735C5D497D,ANARCHI-TEST-CONTENT-4E4FCC0D22A5C578,UNADJUDICATED,NONE,,,,,DISCOVERED
ANARCHI-TEST-OCC-30CC1D3DC38C6C27,ANARCHI-TEST-CONTENT-08AD34B9D16C4B1C,UNADJUDICATED,NONE,,,,,DISCOVERED
ANARCHI-TEST-OCC-30D4B4BB3C5DFF36,ANARCHI-TEST-CONTENT-31A098EB8BAF7D68,UNADJUDICATED,NONE,,,,,DISCOVERED
ANARCHI-TEST-OCC-30DA43861988010F,ANARCHI-TEST-CONTENT-DABE7DFDA0B440E5,UNADJUDICATED,NONE,,,,,DISCOVERED
ANARCHI-TEST-OCC-30E9AFCAEC01CE0F,ANARCHI-TEST-CONTENT-602477724D482C63,UNADJUDICATED,NONE,,,,,DISCOVERED
ANARCHI-TEST-OCC-30F848DAB7C966FF,ANARCHI-TEST-CONTENT-D48211CA51B7F73E,UNADJUDICATED,NONE,,,,,DISCOVERED
ANARCHI-TEST-OCC-30FB88C08F7AD40E,ANARCHI-TEST-CONTENT-105854FD4CDC4BA0,UNADJUDICATED,NONE,,,,,DISCOVERED
ANARCHI-TEST-OCC-30FE7382F8D57AFE,ANARCHI-TEST-CONTENT-AA85853C48F29B98,UNADJUDICATED,NONE,,,,,DISCOVERED
ANARCHI-TEST-OCC-311DAADBA8BE2B41,ANARCHI-TEST-CONTENT-509FE308707043C2,UNADJUDICATED,NONE,,,,,DISCOVERED
ANARCHI-TEST-OCC-313E7D13CAF46D0E,ANARCHI-TEST-CONTENT-1130B6879C8B2AC3,UNADJUDICATED,NONE,,,,,DISCOVERED
ANARCHI-TEST-OCC-3155DE74FEA8A1FF,ANARCHI-TEST-CONTENT-AA85853C48F29B98,UNADJUDICATED,NONE,,,,,DISCOVERED
ANARCHI-TEST-OCC-315C10EEF2EEAD63,ANARCHI-TEST-CONTENT-718054D4E219619B,UNADJUDICATED,NONE,,,,,DISCOVERED
ANARCHI-TEST-OCC-3168F1E480BAF0A2,ANARCHI-TEST-CONTENT-87057E30E173BEF2,UNADJUDICATED,NONE,,,,,DISCOVERED
ANARCHI-TEST-OCC-3176B2F1F9711711,ANARCHI-TEST-CONTENT-E3B0C44298FC1C14,UNADJUDICATED,NONE,,,,,DISCOVERED
ANARCHI-TEST-OCC-319C53426CEC2B20,ANARCHI-TEST-CONTENT-E3B0C44298FC1C14,UNADJUDICATED,NONE,,,,,DISCOVERED
ANARCHI-TEST-OCC-31B5D99A2436A69E,ANARCHI-TEST-CONTENT-F5D4D3F848D97411,UNADJUDICATED,NONE,,,,,DISCOVERED
ANARCHI-TEST-OCC-31C94AB8A5AF83D5,ANARCHI-TEST-CONTENT-6797AABC53F2233B,UNADJUDICATED,NONE,,,,,DISCOVERED
ANARCHI-TEST-OCC-31DBB032B77A4004,ANARCHI-TEST-CONTENT-7349C09C56BA9A32,UNADJUDICATED,NONE,,,,,DISCOVERED
ANARCHI-TEST-OCC-31DE675CBA555DF4,ANARCHI-TEST-CONTENT-C6F842C62E7B8B81,UNADJUDICATED,NONE,,,,,DISCOVERED
ANARCHI-TEST-OCC-31E883D581CEA900,ANARCHI-TEST-CONTENT-E83A7EDEF10F0A28,UNADJUDICATED,NONE,,,,,DISCOVERED
ANARCHI-TEST-OCC-31FD4CCB3E0F7086,ANARCHI-TEST-CONTENT-E3B0C44298FC1C14,UNADJUDICATED,NONE,,,,,DISCOVERED
ANARCHI-TEST-OCC-3207F901B57A36D9,ANARCHI-TEST-CONTENT-98259C16AEF3B297,UNADJUDICATED,NONE,,,,,DISCOVERED
ANARCHI-TEST-OCC-322353395C3D697F,ANARCHI-TEST-CONTENT-10352E2A61E06A9F,UNADJUDICATED,NONE,,,,,DISCOVERED
ANARCHI-TEST-OCC-32299C74FC62403D,ANARCHI-TEST-CONTENT-02B28687243C67F6,UNADJUDICATED,NONE,,,,,DISCOVERED
ANARCHI-TEST-OCC-322A530BF7396DA3,ANARCHI-TEST-CONTENT-9CE8C52970AA60DB,UNADJUDICATED,NONE,,,,,DISCOVERED
ANARCHI-TEST-OCC-323EA22F5A446045,ANARCHI-TEST-CONTENT-F6605E6806435FBF,UNADJUDICATED,NONE,,,,,DISCOVERED
ANARCHI-TEST-OCC-32705DF3FAD7EC22,ANARCHI-TEST-CONTENT-E3B0C44298FC1C14,UNADJUDICATED,NONE,,,,,DISCOVERED
ANARCHI-TEST-OCC-327E1256E40F8638,ANARCHI-TEST-CONTENT-44DEC0221309E44A,UNADJUDICATED,NONE,,,,,DISCOVERED
ANARCHI-TEST-OCC-328308EE5138F414,ANARCHI-TEST-CONTENT-E3B0C44298FC1C14,UNADJUDICATED,NONE,,,,,DISCOVERED
ANARCHI-TEST-OCC-328A73406E1E3EDA,ANARCHI-TEST-CONTENT-E3B0C44298FC1C14,UNADJUDICATED,NONE,,,,,DISCOVERED
ANARCHI-TEST-OCC-328D91D9DDBBA26D,ANARCHI-TEST-CONTENT-CCC84FB126D85234,UNADJUDICATED,NONE,,,,,DISCOVERED
ANARCHI-TEST-OCC-32AE5D452D773949,ANARCHI-TEST-CONTENT-2ACEB867225499C7,UNADJUDICATED,NONE,,,,,DISCOVERED
ANARCHI-TEST-OCC-32C172E40A817137,ANARCHI-TEST-CONTENT-61E2D263A0FD1342,UNADJUDICATED,NONE,,,,,DISCOVERED
ANARCHI-TEST-OCC-32C723C89D55860D,ANARCHI-TEST-CONTENT-18C49C5355F5273A,UNADJUDICATED,NONE,,,,,DISCOVERED
ANARCHI-TEST-OCC-32DA1077EA0A51F6,ANARCHI-TEST-CONTENT-16D68DE0ECA6C165,UNADJUDICATED,NONE,,,,,DISCOVERED
ANARCHI-TEST-OCC-32E6A4B3F2C888B7,ANARCHI-TEST-CONTENT-AA85853C48F29B98,UNADJUDICATED,NONE,,,,,DISCOVERED
ANARCHI-TEST-OCC-32F3BFF38C58C221,ANARCHI-TEST-CONTENT-E3B0C44298FC1C14,UNADJUDICATED,NONE,,,,,DISCOVERED
ANARCHI-TEST-OCC-3313475E6194D8B8,ANARCHI-TEST-CONTENT-D500A8457C2170AF,UNADJUDICATED,NONE,,,,,DISCOVERED
ANARCHI-TEST-OCC-3324EEB94785ABC2,ANARCHI-TEST-CONTENT-05B3F2F977F21F02,UNADJUDICATED,NONE,,,,,DISCOVERED
ANARCHI-TEST-OCC-333BAD0435190FAE,ANARCHI-TEST-CONTENT-6561C170208E54DC,UNADJUDICATED,NONE,,,,,DISCOVERED
ANARCHI-TEST-OCC-33486118E69E6186,ANARCHI-TEST-CONTENT-B6E1238B997A1AA6,UNADJUDICATED,NONE,,,,,DISCOVERED
ANARCHI-TEST-OCC-33625916210B962F,ANARCHI-TEST-CONTENT-0CD7C179805AFF9F,UNADJUDICATED,NONE,,,,,DISCOVERED
ANARCHI-TEST-OCC-3365E88EDC6652D1,ANARCHI-TEST-CONTENT-E3B0C44298FC1C14,UNADJUDICATED,NONE,,,,,DISCOVERED
ANARCHI-TEST-OCC-336834C8B0896BAE,ANARCHI-TEST-CONTENT-43705B65BFD84CEA,UNADJUDICATED,NONE,,,,,DISCOVERED
ANARCHI-TEST-OCC-339BA6CB9A2BEA3A,ANARCHI-TEST-CONTENT-04261F5B3DDCE0C3,UNADJUDICATED,NONE,,,,,DISCOVERED
ANARCHI-TEST-OCC-33C33C5EA895743F,ANARCHI-TEST-CONTENT-FBD00F487173D330,UNADJUDICATED,NONE,,,,,DISCOVERED
ANARCHI-TEST-OCC-33CB4E62072FD842,ANARCHI-TEST-CONTENT-2989F9DFF7491AFD,UNADJUDICATED,NONE,,,,,DISCOVERED
ANARCHI-TEST-OCC-33D2D96B146C7773,ANARCHI-TEST-CONTENT-C0634E7369615DE3,UNADJUDICATED,NONE,,,,,DISCOVERED
ANARCHI-TEST-OCC-33E7EB6B513ABAF7,ANARCHI-TEST-CONTENT-ED088F9E905797B9,UNADJUDICATED,NONE,,,,,DISCOVERED
ANARCHI-TEST-OCC-33FB1A4D27752348,ANARCHI-TEST-CONTENT-DBB8CF49909B5D55,UNADJUDICATED,NONE,,,,,DISCOVERED
ANARCHI-TEST-OCC-3410F92ABDDE56C8,ANARCHI-TEST-CONTENT-BB1CE68376353498,UNADJUDICATED,NONE,,,,,DISCOVERED
ANARCHI-TEST-OCC-342A3A7DF112487C,ANARCHI-TEST-CONTENT-8AE1E89AE94117C3,UNADJUDICATED,NONE,,,,,DISCOVERED
ANARCHI-TEST-OCC-345768FD2195EB0F,ANARCHI-TEST-CONTENT-17AD0F60BDA7496D,UNADJUDICATED,NONE,,,,,DISCOVERED
ANARCHI-TEST-OCC-345FF350919EF9AB,ANARCHI-TEST-CONTENT-7C4CA2333B1678AD,UNADJUDICATED,NONE,,,,,DISCOVERED
ANARCHI-TEST-OCC-3478676BF1103641,ANARCHI-TEST-CONTENT-2488E145AEE744DE,UNADJUDICATED,NONE,,,,,DISCOVERED
ANARCHI-TEST-OCC-3495543C4C208658,ANARCHI-TEST-CONTENT-B8A186C27610115B,UNADJUDICATED,NONE,,,,,DISCOVERED
ANARCHI-TEST-OCC-34996D903AC8552C,ANARCHI-TEST-CONTENT-5A46D8456E80E85A,UNADJUDICATED,NONE,,,,,DISCOVERED
ANARCHI-TEST-OCC-349D28A0DA84A383,ANARCHI-TEST-CONTENT-771341A14816E097,UNADJUDICATED,NONE,,,,,DISCOVERED
ANARCHI-TEST-OCC-34A75B187361BA04,ANARCHI-TEST-CONTENT-0E677108F9566AA8,UNADJUDICATED,NONE,,,,,DISCOVERED
ANARCHI-TEST-OCC-34A83AEB9A48E98F,ANARCHI-TEST-CONTENT-05B3F2F977F21F02,UNADJUDICATED,NONE,,,,,DISCOVERED
ANARCHI-TEST-OCC-34BF4A7AFDE85E97,ANARCHI-TEST-CONTENT-A5A2C51D2FFBB439,UNADJUDICATED,NONE,,,,,DISCOVERED
ANARCHI-TEST-OCC-34D3A4A99B3C80F5,ANARCHI-TEST-CONTENT-A75915AFB7E493C7,UNADJUDICATED,NONE,,,,,DISCOVERED
ANARCHI-TEST-OCC-354E9ECF8E31BE67,ANARCHI-TEST-CONTENT-98259C16AEF3B297,UNADJUDICATED,NONE,,,,,DISCOVERED
ANARCHI-TEST-OCC-355836CD9DEBB34F,ANARCHI-TEST-CONTENT-F75F0DDB0190F6B0,UNADJUDICATED,NONE,,,,,DISCOVERED
ANARCHI-TEST-OCC-3566ADD2B77678F6,ANARCHI-TEST-CONTENT-7959B948C6961769,UNADJUDICATED,NONE,,,,,DISCOVERED
ANARCHI-TEST-OCC-3576067BFCED0D3F,ANARCHI-TEST-CONTENT-D45AB0AE2D8942FC,UNADJUDICATED,NONE,,,,,DISCOVERED
ANARCHI-TEST-OCC-357ABF1509393E30,ANARCHI-TEST-CONTENT-29FCAEAC34CF44DF,UNADJUDICATED,NONE,,,,,DISCOVERED
ANARCHI-TEST-OCC-35853048B27D9977,ANARCHI-TEST-CONTENT-9AB6C83371491A60,UNADJUDICATED,NONE,,,,,DISCOVERED
ANARCHI-TEST-OCC-35A06FD39C40DB1E,ANARCHI-TEST-CONTENT-12098571044671C2,UNADJUDICATED,NONE,,,,,DISCOVERED
ANARCHI-TEST-OCC-35EFD8CC2BD030E0,ANARCHI-TEST-CONTENT-CC0C5EC411F87E79,UNADJUDICATED,NONE,,,,,DISCOVERED
ANARCHI-TEST-OCC-360490F38EF209D2,ANARCHI-TEST-CONTENT-A1AE9F963301CF5F,UNADJUDICATED,NONE,,,,,DISCOVERED
ANARCHI-TEST-OCC-36053230FFFF882D,ANARCHI-TEST-CONTENT-FA95D3F0DE0BA4BC,UNADJUDICATED,NONE,,,,,DISCOVERED
ANARCHI-TEST-OCC-360ADB7FE6D7C966,ANARCHI-TEST-CONTENT-24657B6C497EACBF,UNADJUDICATED,NONE,,,,,DISCOVERED
ANARCHI-TEST-OCC-3642716CA8F66CE5,ANARCHI-TEST-CONTENT-B0CFF0F7DC5A9B39,UNADJUDICATED,NONE,,,,,DISCOVERED
ANARCHI-TEST-OCC-365584B1ECA34D64,ANARCHI-TEST-CONTENT-82B5B8BBD2971801,UNADJUDICATED,NONE,,,,,DISCOVERED
ANARCHI-TEST-OCC-366DE2C7B2D8EEF8,ANARCHI-TEST-CONTENT-121E97368E6EF2E2,UNADJUDICATED,NONE,,,,,DISCOVERED
ANARCHI-TEST-OCC-367322001DF79B94,ANARCHI-TEST-CONTENT-229B9E43CCC1652C,UNADJUDICATED,NONE,,,,,DISCOVERED
ANARCHI-TEST-OCC-368CEE3282B969A4,ANARCHI-TEST-CONTENT-1B085402200FB54B,UNADJUDICATED,NONE,,,,,DISCOVERED
ANARCHI-TEST-OCC-36AA5B917474FEF3,ANARCHI-TEST-CONTENT-BE516A52A77CBF8C,UNADJUDICATED,NONE,,,,,DISCOVERED
ANARCHI-TEST-OCC-36BD415164D48E6C,ANARCHI-TEST-CONTENT-5C4096B41C3F063F,UNADJUDICATED,NONE,,,,,DISCOVERED
ANARCHI-TEST-OCC-36C45E16C0662A70,ANARCHI-TEST-CONTENT-4B5535377C5F07E7,UNADJUDICATED,NONE,,,,,DISCOVERED
ANARCHI-TEST-OCC-36CB7B13EEE8F232,ANARCHI-TEST-CONTENT-98A40E1303E04B8D,UNADJUDICATED,NONE,,,,,DISCOVERED
ANARCHI-TEST-OCC-36D7E467D4BA2BF9,ANARCHI-TEST-CONTENT-1D5D9D9D54E545E4,UNADJUDICATED,NONE,,,,,DISCOVERED
ANARCHI-TEST-OCC-36DCF2E0B0E2E11B,ANARCHI-TEST-CONTENT-3E0DBA2D1A6FD324,UNADJUDICATED,NONE,,,,,DISCOVERED
ANARCHI-TEST-OCC-36E01C57AF680F36,ANARCHI-TEST-CONTENT-F75F0DDB0190F6B0,UNADJUDICATED,NONE,,,,,DISCOVERED
ANARCHI-TEST-OCC-36F83EF0D1B368B0,ANARCHI-TEST-CONTENT-99E83C1D347FA0BD,UNADJUDICATED,NONE,,,,,DISCOVERED
ANARCHI-TEST-OCC-3721892277EF4762,ANARCHI-TEST-CONTENT-448444606CD07A21,UNADJUDICATED,NONE,,,,,DISCOVERED
ANARCHI-TEST-OCC-3728B73CF9796F6D,ANARCHI-TEST-CONTENT-F9D1BBE515DE6653,UNADJUDICATED,NONE,,,,,DISCOVERED
ANARCHI-TEST-OCC-3771F9AADA2CE7ED,ANARCHI-TEST-CONTENT-0284C13E2F9D91DE,UNADJUDICATED,NONE,,,,,DISCOVERED
ANARCHI-TEST-OCC-37725DEBD8E7A914,ANARCHI-TEST-CONTENT-8450B35AC2238549,UNADJUDICATED,NONE,,,,,DISCOVERED
ANARCHI-TEST-OCC-37B478D0C1F3D866,ANARCHI-TEST-CONTENT-E726B22B5F2A6B73,UNADJUDICATED,NONE,,,,,DISCOVERED
ANARCHI-TEST-OCC-37B967DC9C12A272,ANARCHI-TEST-CONTENT-F7629A1A71B7A640,UNADJUDICATED,NONE,,,,,DISCOVERED
ANARCHI-TEST-OCC-37D45AE72AD0882D,ANARCHI-TEST-CONTENT-C82DC065CB7F62D2,UNADJUDICATED,NONE,,,,,DISCOVERED
ANARCHI-TEST-OCC-37E314E6987AFFA1,ANARCHI-TEST-CONTENT-05B3F2F977F21F02,UNADJUDICATED,NONE,,,,,DISCOVERED
ANARCHI-TEST-OCC-387A7171488F0CE9,ANARCHI-TEST-CONTENT-9BC8A9244DBC602F,UNADJUDICATED,NONE,,,,,DISCOVERED
ANARCHI-TEST-OCC-3892F8E0603C25D2,ANARCHI-TEST-CONTENT-D1737252E28962A0,UNADJUDICATED,NONE,,,,,DISCOVERED
ANARCHI-TEST-OCC-38A1EEDB63823093,ANARCHI-TEST-CONTENT-E3B0C44298FC1C14,UNADJUDICATED,NONE,,,,,DISCOVERED
ANARCHI-TEST-OCC-38A24F6934226AFF,ANARCHI-TEST-CONTENT-1CDEC993341C2929,UNADJUDICATED,NONE,,,,,DISCOVERED
ANARCHI-TEST-OCC-38BCD80A4F2DBD51,ANARCHI-TEST-CONTENT-19C8C57F869D2342,UNADJUDICATED,NONE,,,,,DISCOVERED
ANARCHI-TEST-OCC-38C8694994EC103C,ANARCHI-TEST-CONTENT-AEC12A763927533D,UNADJUDICATED,NONE,,,,,DISCOVERED
ANARCHI-TEST-OCC-38DB7132F2710D90,ANARCHI-TEST-CONTENT-C5495CF53287E078,UNADJUDICATED,NONE,,,,,DISCOVERED
ANARCHI-TEST-OCC-38E95AA757821C21,ANARCHI-TEST-CONTENT-5AA0DD3E44087771,UNADJUDICATED,NONE,,,,,DISCOVERED
ANARCHI-TEST-OCC-38FB1765888F8E59,ANARCHI-TEST-CONTENT-D680385B69235152,UNADJUDICATED,NONE,,,,,DISCOVERED
ANARCHI-TEST-OCC-3925273C060EEBF3,ANARCHI-TEST-CONTENT-E3B0C44298FC1C14,UNADJUDICATED,NONE,,,,,DISCOVERED
ANARCHI-TEST-OCC-393ED0221C22200C,ANARCHI-TEST-CONTENT-C0D24363A1EE4144,UNADJUDICATED,NONE,,,,,DISCOVERED
ANARCHI-TEST-OCC-395DEF9E08691498,ANARCHI-TEST-CONTENT-5DEE152EBC566982,UNADJUDICATED,NONE,,,,,DISCOVERED
ANARCHI-TEST-OCC-396E8C37EF48726D,ANARCHI-TEST-CONTENT-3E0DBA2D1A6FD324,UNADJUDICATED,NONE,,,,,DISCOVERED
ANARCHI-TEST-OCC-3972886F3A056685,ANARCHI-TEST-CONTENT-D48211CA51B7F73E,UNADJUDICATED,NONE,,,,,DISCOVERED
ANARCHI-TEST-OCC-397ADD90A59FB254,ANARCHI-TEST-CONTENT-9E8876C83EA45C60,UNADJUDICATED,NONE,,,,,DISCOVERED
ANARCHI-TEST-OCC-398393990B7113A4,ANARCHI-TEST-CONTENT-4849D0F53B723BF7,UNADJUDICATED,NONE,,,,,DISCOVERED
ANARCHI-TEST-OCC-398C585AA76F9C02,ANARCHI-TEST-CONTENT-CA01DF59E2FAFB72,UNADJUDICATED,NONE,,,,,DISCOVERED
ANARCHI-TEST-OCC-3993AA5704D25AB0,ANARCHI-TEST-CONTENT-23AF9CCABFFBC354,UNADJUDICATED,NONE,,,,,DISCOVERED
ANARCHI-TEST-OCC-399664F03FD89A90,ANARCHI-TEST-CONTENT-242B177C969AE22E,UNADJUDICATED,NONE,,,,,DISCOVERED
ANARCHI-TEST-OCC-39979BB5778D0159,ANARCHI-TEST-CONTENT-98A16555489559E0,UNADJUDICATED,NONE,,,,,DISCOVERED
ANARCHI-TEST-OCC-399FA6A30FA1DA1F,ANARCHI-TEST-CONTENT-216C30EA4855446D,UNADJUDICATED,NONE,,,,,DISCOVERED
ANARCHI-TEST-OCC-39CC3D155D59151B,ANARCHI-TEST-CONTENT-4C12596E257EA3D7,UNADJUDICATED,NONE,,,,,DISCOVERED
ANARCHI-TEST-OCC-39D20444A27895BD,ANARCHI-TEST-CONTENT-E3B0C44298FC1C14,UNADJUDICATED,NONE,,,,,DISCOVERED
ANARCHI-TEST-OCC-39E222860051EDDA,ANARCHI-TEST-CONTENT-E3B0C44298FC1C14,UNADJUDICATED,NONE,,,,,DISCOVERED
ANARCHI-TEST-OCC-39F783AD6684C568,ANARCHI-TEST-CONTENT-67AAD1C4723181D3,UNADJUDICATED,NONE,,,,,DISCOVERED
ANARCHI-TEST-OCC-3A055DDCE4BD1A0A,ANARCHI-TEST-CONTENT-15E5620EB5083486,UNADJUDICATED,NONE,,,,,DISCOVERED
ANARCHI-TEST-OCC-3A2ABE6FCFA5D4D9,ANARCHI-TEST-CONTENT-E1D9B9885A0D065F,UNADJUDICATED,NONE,,,,,DISCOVERED
ANARCHI-TEST-OCC-3A3E8DECD710C319,ANARCHI-TEST-CONTENT-305FC734C401AEBA,UNADJUDICATED,NONE,,,,,DISCOVERED
ANARCHI-TEST-OCC-3A51CF348E6194CB,ANARCHI-TEST-CONTENT-B02442E81092868D,UNADJUDICATED,NONE,,,,,DISCOVERED
ANARCHI-TEST-OCC-3A5378D3DBD510E5,ANARCHI-TEST-CONTENT-32480F004CC641DF,UNADJUDICATED,NONE,,,,,DISCOVERED
ANARCHI-TEST-OCC-3A56EC04E6F68805,ANARCHI-TEST-CONTENT-BD8D2AD6E10EB85A,UNADJUDICATED,NONE,,,,,DISCOVERED
ANARCHI-TEST-OCC-3A7AC591FC6A0A21,ANARCHI-TEST-CONTENT-13D18725643797EF,UNADJUDICATED,NONE,,,,,DISCOVERED
ANARCHI-TEST-OCC-3A7ADA2713F57B68,ANARCHI-TEST-CONTENT-6E3FF32ABD6855CB,UNADJUDICATED,NONE,,,,,DISCOVERED
ANARCHI-TEST-OCC-3A7BB6EC5BA2D385,ANARCHI-TEST-CONTENT-E3B0C44298FC1C14,UNADJUDICATED,NONE,,,,,DISCOVERED
ANARCHI-TEST-OCC-3A87A0F1706E0407,ANARCHI-TEST-CONTENT-F514883BAD06A84C,UNADJUDICATED,NONE,,,,,DISCOVERED
ANARCHI-TEST-OCC-3AA0C5F3E862E15D,ANARCHI-TEST-CONTENT-EC84C9143A658160,UNADJUDICATED,NONE,,,,,DISCOVERED
ANARCHI-TEST-OCC-3AA4DDBC3CDFF10B,ANARCHI-TEST-CONTENT-822BD81FABD4CDB1,UNADJUDICATED,NONE,,,,,DISCOVERED
ANARCHI-TEST-OCC-3AA5E7CB948A1C53,ANARCHI-TEST-CONTENT-314CE8FE8519F2EC,UNADJUDICATED,NONE,,,,,DISCOVERED
ANARCHI-TEST-OCC-3AC50A3B73BEAE63,ANARCHI-TEST-CONTENT-0D5162DD60EA05A9,UNADJUDICATED,NONE,,,,,DISCOVERED
ANARCHI-TEST-OCC-3AF607182CEC1878,ANARCHI-TEST-CONTENT-3BE4A6B95270905A,UNADJUDICATED,NONE,,,,,DISCOVERED
ANARCHI-TEST-OCC-3AFA688360846B7E,ANARCHI-TEST-CONTENT-98DA92985A564617,UNADJUDICATED,NONE,,,,,DISCOVERED
ANARCHI-TEST-OCC-3B0F19B997C562CC,ANARCHI-TEST-CONTENT-B8AACD030A8659E4,UNADJUDICATED,NONE,,,,,DISCOVERED
ANARCHI-TEST-OCC-3B139DA119A4DBC9,ANARCHI-TEST-CONTENT-353C35809F6FDD30,UNADJUDICATED,NONE,,,,,DISCOVERED
ANARCHI-TEST-OCC-3B1AEEEB1BEAB31A,ANARCHI-TEST-CONTENT-9AF2010FF28AACE6,UNADJUDICATED,NONE,,,,,DISCOVERED
ANARCHI-TEST-OCC-3B23A482255939AB,ANARCHI-TEST-CONTENT-8DB166BEBA4103A1,UNADJUDICATED,NONE,,,,,DISCOVERED
ANARCHI-TEST-OCC-3B5C8708541693F3,ANARCHI-TEST-CONTENT-D41597D228C90E72,UNADJUDICATED,NONE,,,,,DISCOVERED
ANARCHI-TEST-OCC-3B827C3AB6CCE7E5,ANARCHI-TEST-CONTENT-819E4BA893501104,UNADJUDICATED,NONE,,,,,DISCOVERED
ANARCHI-TEST-OCC-3B84D61833510520,ANARCHI-TEST-CONTENT-8C229A59C019742A,UNADJUDICATED,NONE,,,,,DISCOVERED
ANARCHI-TEST-OCC-3B932960D577D896,ANARCHI-TEST-CONTENT-14C7449B33817A27,UNADJUDICATED,NONE,,,,,DISCOVERED
ANARCHI-TEST-OCC-3BD0634EF8D528BB,ANARCHI-TEST-CONTENT-468389BAEE2431EE,UNADJUDICATED,NONE,,,,,DISCOVERED
ANARCHI-TEST-OCC-3BDCC1BDCC1E11E2,ANARCHI-TEST-CONTENT-68799FDE7BAB992A,UNADJUDICATED,NONE,,,,,DISCOVERED
ANARCHI-TEST-OCC-3BFFAE4479C6BB8C,ANARCHI-TEST-CONTENT-61B308A0C224244B,UNADJUDICATED,NONE,,,,,DISCOVERED
ANARCHI-TEST-OCC-3C01BE791DAECD02,ANARCHI-TEST-CONTENT-F31852586E122CBF,UNADJUDICATED,NONE,,,,,DISCOVERED
ANARCHI-TEST-OCC-3C0BB1EBB7072656,ANARCHI-TEST-CONTENT-63FCD866995DC235,UNADJUDICATED,NONE,,,,,DISCOVERED
ANARCHI-TEST-OCC-3C2679622D54553D,ANARCHI-TEST-CONTENT-BBAA0F883F663430,UNADJUDICATED,NONE,,,,,DISCOVERED
ANARCHI-TEST-OCC-3C31DD50655F79D0,ANARCHI-TEST-CONTENT-EE9BCD504188711A,UNADJUDICATED,NONE,,,,,DISCOVERED
ANARCHI-TEST-OCC-3C39763A8D360D93,ANARCHI-TEST-CONTENT-C10647B38C0336E2,UNADJUDICATED,NONE,,,,,DISCOVERED
ANARCHI-TEST-OCC-3C40F669949221B1,ANARCHI-TEST-CONTENT-42855723C33CBE64,UNADJUDICATED,NONE,,,,,DISCOVERED
ANARCHI-TEST-OCC-3C527F39060B4F32,ANARCHI-TEST-CONTENT-FAEA11C90C6DFD9D,UNADJUDICATED,NONE,,,,,DISCOVERED
ANARCHI-TEST-OCC-3C5DEF4AE921CECE,ANARCHI-TEST-CONTENT-13C27E58B096DB3F,UNADJUDICATED,NONE,,,,,DISCOVERED
ANARCHI-TEST-OCC-3C6181AF8C0A79A5,ANARCHI-TEST-CONTENT-7DE1C7690BC43A48,UNADJUDICATED,NONE,,,,,DISCOVERED
ANARCHI-TEST-OCC-3C6605EACB993894,ANARCHI-TEST-CONTENT-6FE209DD21E4930D,UNADJUDICATED,NONE,,,,,DISCOVERED
ANARCHI-TEST-OCC-3C6A06AABA134FC8,ANARCHI-TEST-CONTENT-23C92E6815E18DDC,UNADJUDICATED,NONE,,,,,DISCOVERED
ANARCHI-TEST-OCC-3C6A593411C6D43D,ANARCHI-TEST-CONTENT-59A27AE868572780,UNADJUDICATED,NONE,,,,,DISCOVERED
ANARCHI-TEST-OCC-3C6BDAF0066D2DA4,ANARCHI-TEST-CONTENT-0846186B97EB1831,UNADJUDICATED,NONE,,,,,DISCOVERED
ANARCHI-TEST-OCC-3C77BFD10B903E95,ANARCHI-TEST-CONTENT-C027D78EF783304B,UNADJUDICATED,NONE,,,,,DISCOVERED
ANARCHI-TEST-OCC-3CA08A5D9E2222ED,ANARCHI-TEST-CONTENT-E64AD77AD1AC52B1,UNADJUDICATED,NONE,,,,,DISCOVERED
ANARCHI-TEST-OCC-3CBBDDF7A8769179,ANARCHI-TEST-CONTENT-E3B0C44298FC1C14,UNADJUDICATED,NONE,,,,,DISCOVERED
ANARCHI-TEST-OCC-3CBF49B6A40141CC,ANARCHI-TEST-CONTENT-0A5D5A4F7A93FB42,UNADJUDICATED,NONE,,,,,DISCOVERED
ANARCHI-TEST-OCC-3CC05557267DEAD6,ANARCHI-TEST-CONTENT-470CFEC0FE294F95,UNADJUDICATED,NONE,,,,,DISCOVERED
ANARCHI-TEST-OCC-3CD5F7B51F7C6ADC,ANARCHI-TEST-CONTENT-37517E5F3DC66819,UNADJUDICATED,NONE,,,,,DISCOVERED
ANARCHI-TEST-OCC-3CE46B49B421F7C8,ANARCHI-TEST-CONTENT-A539C6280CC2DC90,UNADJUDICATED,NONE,,,,,DISCOVERED
ANARCHI-TEST-OCC-3D59C920D1E849ED,ANARCHI-TEST-CONTENT-977F1BA3B769A77B,UNADJUDICATED,NONE,,,,,DISCOVERED
ANARCHI-TEST-OCC-3D64017D82E0A41A,ANARCHI-TEST-CONTENT-838EDD9D1B0D5D51,UNADJUDICATED,NONE,,,,,DISCOVERED
ANARCHI-TEST-OCC-3D7426FF3905F9C5,ANARCHI-TEST-CONTENT-859FE7B8600E21A7,UNADJUDICATED,NONE,,,,,DISCOVERED
ANARCHI-TEST-OCC-3D96819F96FFD7D5,ANARCHI-TEST-CONTENT-33EE3596C5375538,UNADJUDICATED,NONE,,,,,DISCOVERED
ANARCHI-TEST-OCC-3DBAD103C3E301B4,ANARCHI-TEST-CONTENT-CE803E58122AE8AA,UNADJUDICATED,NONE,,,,,DISCOVERED
ANARCHI-TEST-OCC-3DE25AD07BF8E0D9,ANARCHI-TEST-CONTENT-E3B0C44298FC1C14,UNADJUDICATED,NONE,,,,,DISCOVERED
ANARCHI-TEST-OCC-3E076007F8186216,ANARCHI-TEST-CONTENT-15E5620EB5083486,UNADJUDICATED,NONE,,,,,DISCOVERED
ANARCHI-TEST-OCC-3E11676FA4688899,ANARCHI-TEST-CONTENT-BABD411739484320,UNADJUDICATED,NONE,,,,,DISCOVERED
ANARCHI-TEST-OCC-3E1B77FABDF6B915,ANARCHI-TEST-CONTENT-DBC39CEA208C0A3D,UNADJUDICATED,NONE,,,,,DISCOVERED
ANARCHI-TEST-OCC-3E3203D2F87DEC2E,ANARCHI-TEST-CONTENT-3436BE6DA05833F1,UNADJUDICATED,NONE,,,,,DISCOVERED
ANARCHI-TEST-OCC-3E383655E629A77A,ANARCHI-TEST-CONTENT-BB0ECFD89440E2FD,UNADJUDICATED,NONE,,,,,DISCOVERED
ANARCHI-TEST-OCC-3E3C0CC478D6070C,ANARCHI-TEST-CONTENT-E3B0C44298FC1C14,UNADJUDICATED,NONE,,,,,DISCOVERED
ANARCHI-TEST-OCC-3E4FC614CBD9FAFD,ANARCHI-TEST-CONTENT-113DD57572B58C19,UNADJUDICATED,NONE,,,,,DISCOVERED
ANARCHI-TEST-OCC-3E641CF1B6105976,ANARCHI-TEST-CONTENT-46F7EDB9F9DC050E,UNADJUDICATED,NONE,,,,,DISCOVERED
ANARCHI-TEST-OCC-3E78E6C50D60F00A,ANARCHI-TEST-CONTENT-E3B0C44298FC1C14,UNADJUDICATED,NONE,,,,,DISCOVERED
ANARCHI-TEST-OCC-3E7AB64511D001D6,ANARCHI-TEST-CONTENT-920FFEED1978B725,UNADJUDICATED,NONE,,,,,DISCOVERED
ANARCHI-TEST-OCC-3E9D1FEA79A942EA,ANARCHI-TEST-CONTENT-CDC024B28D427B64,UNADJUDICATED,NONE,,,,,DISCOVERED
ANARCHI-TEST-OCC-3EA0C1899283CA64,ANARCHI-TEST-CONTENT-C3BEAA5CEFBF1CDE,UNADJUDICATED,NONE,,,,,DISCOVERED
ANARCHI-TEST-OCC-3EA7F1F54A1ACE02,ANARCHI-TEST-CONTENT-12098571044671C2,UNADJUDICATED,NONE,,,,,DISCOVERED
ANARCHI-TEST-OCC-3EA7FBB81C95C05E,ANARCHI-TEST-CONTENT-330EB12854A6D107,UNADJUDICATED,NONE,,,,,DISCOVERED
ANARCHI-TEST-OCC-3EA9CD7C78E71DD4,ANARCHI-TEST-CONTENT-15E5620EB5083486,UNADJUDICATED,NONE,,,,,DISCOVERED
ANARCHI-TEST-OCC-3EF48DFCFF29880E,ANARCHI-TEST-CONTENT-C776E4838E883A42,UNADJUDICATED,NONE,,,,,DISCOVERED
ANARCHI-TEST-OCC-3EFDCEF7DD935045,ANARCHI-TEST-CONTENT-B09485B004A11611,UNADJUDICATED,NONE,,,,,DISCOVERED
ANARCHI-TEST-OCC-3F1D9B04481EC6BD,ANARCHI-TEST-CONTENT-A33F4341D43D86CE,UNADJUDICATED,NONE,,,,,DISCOVERED
ANARCHI-TEST-OCC-3F2BB2981D519524,ANARCHI-TEST-CONTENT-421326093B288F9A,UNADJUDICATED,NONE,,,,,DISCOVERED
ANARCHI-TEST-OCC-3F4BE9F1A3749A4C,ANARCHI-TEST-CONTENT-FF8A6436E2215825,UNADJUDICATED,NONE,,,,,DISCOVERED
ANARCHI-TEST-OCC-3F4FC8514709BA1B,ANARCHI-TEST-CONTENT-318089BF3D131DB9,UNADJUDICATED,NONE,,,,,DISCOVERED
ANARCHI-TEST-OCC-3F5C6F3E5163A60B,ANARCHI-TEST-CONTENT-0399C61993315A7B,UNADJUDICATED,NONE,,,,,DISCOVERED
ANARCHI-TEST-OCC-3F7D15A331038633,ANARCHI-TEST-CONTENT-8149CC2EBFCB784B,UNADJUDICATED,NONE,,,,,DISCOVERED
ANARCHI-TEST-OCC-3F8498795166CD22,ANARCHI-TEST-CONTENT-12098571044671C2,UNADJUDICATED,NONE,,,,,DISCOVERED
ANARCHI-TEST-OCC-3F9E9CBC2710BB21,ANARCHI-TEST-CONTENT-C9A8C3D6F3B175A1,UNADJUDICATED,NONE,,,,,DISCOVERED
ANARCHI-TEST-OCC-3FBEBB55D748CBA7,ANARCHI-TEST-CONTENT-F43CA18A4E0ACD68,UNADJUDICATED,NONE,,,,,DISCOVERED
ANARCHI-TEST-OCC-3FC735438CC71CE6,ANARCHI-TEST-CONTENT-92EE8DC526F48A85,UNADJUDICATED,NONE,,,,,DISCOVERED
ANARCHI-TEST-OCC-3FF54B6513C3F105,ANARCHI-TEST-CONTENT-45B13D0437370B43,UNADJUDICATED,NONE,,,,,DISCOVERED
ANARCHI-TEST-OCC-3FF5F392EA7CE93A,ANARCHI-TEST-CONTENT-04261F5B3DDCE0C3,UNADJUDICATED,NONE,,,,,DISCOVERED
ANARCHI-TEST-OCC-400477F6FD4BE7BC,ANARCHI-TEST-CONTENT-BA7E08E88284DAFE,UNADJUDICATED,NONE,,,,,DISCOVERED
ANARCHI-TEST-OCC-4020CFAEFFD48ABA,ANARCHI-TEST-CONTENT-BC4C253CCE7D37FE,UNADJUDICATED,NONE,,,,,DISCOVERED
ANARCHI-TEST-OCC-40234F7EBFCA1CB1,ANARCHI-TEST-CONTENT-EAB0D7A289859313,UNADJUDICATED,NONE,,,,,DISCOVERED
ANARCHI-TEST-OCC-4053EBDEA41286BC,ANARCHI-TEST-CONTENT-871E05C8B94303F9,UNADJUDICATED,NONE,,,,,DISCOVERED
ANARCHI-TEST-OCC-406A25D09E7BBC23,ANARCHI-TEST-CONTENT-45DB37893B2675BD,UNADJUDICATED,NONE,,,,,DISCOVERED
ANARCHI-TEST-OCC-4071934CB24FAAF8,ANARCHI-TEST-CONTENT-25CABEEB5B2A6695,UNADJUDICATED,NONE,,,,,DISCOVERED
ANARCHI-TEST-OCC-409E2887098AC92C,ANARCHI-TEST-CONTENT-292AA1CDA462B3BB,UNADJUDICATED,NONE,,,,,DISCOVERED
ANARCHI-TEST-OCC-40B541B989A4DD30,ANARCHI-TEST-CONTENT-705E752930E676CC,UNADJUDICATED,NONE,,,,,DISCOVERED
ANARCHI-TEST-OCC-40BE26F0A755DD39,ANARCHI-TEST-CONTENT-87057E30E173BEF2,UNADJUDICATED,NONE,,,,,DISCOVERED
ANARCHI-TEST-OCC-40C7E5AD6B5EA6DC,ANARCHI-TEST-CONTENT-9CC3791C0CED3246,UNADJUDICATED,NONE,,,,,DISCOVERED
ANARCHI-TEST-OCC-40DD80F3647ABDB8,ANARCHI-TEST-CONTENT-686E0AFB23C2B61E,UNADJUDICATED,NONE,,,,,DISCOVERED
ANARCHI-TEST-OCC-40EE7D96131FC13A,ANARCHI-TEST-CONTENT-47BB9ECB37B7BF15,UNADJUDICATED,NONE,,,,,DISCOVERED
ANARCHI-TEST-OCC-40F7F86AAC1F3AB3,ANARCHI-TEST-CONTENT-C46E86BFF347EB41,UNADJUDICATED,NONE,,,,,DISCOVERED
ANARCHI-TEST-OCC-41191EBA6AA4964B,ANARCHI-TEST-CONTENT-E3B0C44298FC1C14,UNADJUDICATED,NONE,,,,,DISCOVERED
ANARCHI-TEST-OCC-4122836C030DFA65,ANARCHI-TEST-CONTENT-3E0DBA2D1A6FD324,UNADJUDICATED,NONE,,,,,DISCOVERED
ANARCHI-TEST-OCC-4125C85B9F783FE1,ANARCHI-TEST-CONTENT-B25645BF3DC8F073,UNADJUDICATED,NONE,,,,,DISCOVERED
ANARCHI-TEST-OCC-412D93E63694496A,ANARCHI-TEST-CONTENT-05B3F2F977F21F02,UNADJUDICATED,NONE,,,,,DISCOVERED
ANARCHI-TEST-OCC-413851FA1D0D7687,ANARCHI-TEST-CONTENT-0D8A4F2DB46032C1,UNADJUDICATED,NONE,,,,,DISCOVERED
ANARCHI-TEST-OCC-414A3D42C340B565,ANARCHI-TEST-CONTENT-3E25679546C7774D,UNADJUDICATED,NONE,,,,,DISCOVERED
ANARCHI-TEST-OCC-4155E3656A36F81C,ANARCHI-TEST-CONTENT-AFA3A2740773B6E4,UNADJUDICATED,NONE,,,,,DISCOVERED
ANARCHI-TEST-OCC-4162C1DF0869239B,ANARCHI-TEST-CONTENT-DE93045E9665CF38,UNADJUDICATED,NONE,,,,,DISCOVERED
ANARCHI-TEST-OCC-418DD0692C9DA859,ANARCHI-TEST-CONTENT-002C5E8110FA1D12,UNADJUDICATED,NONE,,,,,DISCOVERED
ANARCHI-TEST-OCC-41C196106D735238,ANARCHI-TEST-CONTENT-25BAFF139FDF5CC3,UNADJUDICATED,NONE,,,,,DISCOVERED
ANARCHI-TEST-OCC-41FD49CDCC9FBC2C,ANARCHI-TEST-CONTENT-FD866525F8C4071C,UNADJUDICATED,NONE,,,,,DISCOVERED
ANARCHI-TEST-OCC-41FEF691BE833C3C,ANARCHI-TEST-CONTENT-89FA397E4390F781,UNADJUDICATED,NONE,,,,,DISCOVERED
ANARCHI-TEST-OCC-42007B35646C19B3,ANARCHI-TEST-CONTENT-64EA155506B85FDF,UNADJUDICATED,NONE,,,,,DISCOVERED
ANARCHI-TEST-OCC-4203342214DDF79D,ANARCHI-TEST-CONTENT-F1B548378CED4F03,UNADJUDICATED,NONE,,,,,DISCOVERED
ANARCHI-TEST-OCC-4208D1BD03318DDC,ANARCHI-TEST-CONTENT-3DE2041CEC7CF9E6,UNADJUDICATED,NONE,,,,,DISCOVERED
ANARCHI-TEST-OCC-423188D90DABF24E,ANARCHI-TEST-CONTENT-D05A5855B6E5A61C,UNADJUDICATED,NONE,,,,,DISCOVERED
ANARCHI-TEST-OCC-423C9393BED01DFE,ANARCHI-TEST-CONTENT-A5D161A20ACBB38C,UNADJUDICATED,NONE,,,,,DISCOVERED
ANARCHI-TEST-OCC-4247B83221D1509C,ANARCHI-TEST-CONTENT-E3B0C44298FC1C14,UNADJUDICATED,NONE,,,,,DISCOVERED
ANARCHI-TEST-OCC-4256E4C4E2777AD8,ANARCHI-TEST-CONTENT-928851211E89A231,UNADJUDICATED,NONE,,,,,DISCOVERED
ANARCHI-TEST-OCC-429BDF5BCE65F7E2,ANARCHI-TEST-CONTENT-674652546A1C4A26,UNADJUDICATED,NONE,,,,,DISCOVERED
ANARCHI-TEST-OCC-42E8C8ED24147101,ANARCHI-TEST-CONTENT-AC2B287F231294E2,UNADJUDICATED,NONE,,,,,DISCOVERED
ANARCHI-TEST-OCC-42EE54C155FA29D8,ANARCHI-TEST-CONTENT-5D8CE46970FC21F6,UNADJUDICATED,NONE,,,,,DISCOVERED
ANARCHI-TEST-OCC-42F127C5F854FA88,ANARCHI-TEST-CONTENT-20F0F5DD6D774018,UNADJUDICATED,NONE,,,,,DISCOVERED
ANARCHI-TEST-OCC-42F9E6FC8029727A,ANARCHI-TEST-CONTENT-A026607143D6B7A7,UNADJUDICATED,NONE,,,,,DISCOVERED
ANARCHI-TEST-OCC-4335AAB8D3C5AF03,ANARCHI-TEST-CONTENT-DF23EAF24B0C18CE,UNADJUDICATED,NONE,,,,,DISCOVERED
ANARCHI-TEST-OCC-4339F6E9BD7906E1,ANARCHI-TEST-CONTENT-A62DA584BE44684F,UNADJUDICATED,NONE,,,,,DISCOVERED
ANARCHI-TEST-OCC-43420AD4F42DFFCD,ANARCHI-TEST-CONTENT-5A442F143E552449,UNADJUDICATED,NONE,,,,,DISCOVERED
ANARCHI-TEST-OCC-43455D00CFD9740D,ANARCHI-TEST-CONTENT-1CA300E8EDBA7B10,UNADJUDICATED,NONE,,,,,DISCOVERED
ANARCHI-TEST-OCC-434DC57B72C48069,ANARCHI-TEST-CONTENT-7959B948C6961769,UNADJUDICATED,NONE,,,,,DISCOVERED
ANARCHI-TEST-OCC-43738C023599000A,ANARCHI-TEST-CONTENT-A14DEF11DBD37A3B,UNADJUDICATED,NONE,,,,,DISCOVERED
ANARCHI-TEST-OCC-4375C22121BD41BE,ANARCHI-TEST-CONTENT-A6B7E2A16986E114,UNADJUDICATED,NONE,,,,,DISCOVERED
ANARCHI-TEST-OCC-4381A3B5D258F207,ANARCHI-TEST-CONTENT-D48211CA51B7F73E,UNADJUDICATED,NONE,,,,,DISCOVERED
ANARCHI-TEST-OCC-438681FD9C17C667,ANARCHI-TEST-CONTENT-418A9F3BC8ACB648,UNADJUDICATED,NONE,,,,,DISCOVERED
ANARCHI-TEST-OCC-438E3D14A5068E93,ANARCHI-TEST-CONTENT-05B3F2F977F21F02,UNADJUDICATED,NONE,,,,,DISCOVERED
ANARCHI-TEST-OCC-43A15F9923165CEB,ANARCHI-TEST-CONTENT-51655F4FF989FB7D,UNADJUDICATED,NONE,,,,,DISCOVERED
ANARCHI-TEST-OCC-43A3065094ABA9A5,ANARCHI-TEST-CONTENT-E3B0C44298FC1C14,UNADJUDICATED,NONE,,,,,DISCOVERED
ANARCHI-TEST-OCC-43AC3D505E89BF25,ANARCHI-TEST-CONTENT-5FC2BFAD74B53972,UNADJUDICATED,NONE,,,,,DISCOVERED
ANARCHI-TEST-OCC-43DECD8BD86E4F82,ANARCHI-TEST-CONTENT-9BE3B652AB6F7F53,UNADJUDICATED,NONE,,,,,DISCOVERED
ANARCHI-TEST-OCC-43E6EF0B16947808,ANARCHI-TEST-CONTENT-A5416D16934F0672,UNADJUDICATED,NONE,,,,,DISCOVERED
ANARCHI-TEST-OCC-43FF8151037CE341,ANARCHI-TEST-CONTENT-82B5B8BBD2971801,UNADJUDICATED,NONE,,,,,DISCOVERED
ANARCHI-TEST-OCC-44010A9BFD8A0507,ANARCHI-TEST-CONTENT-5F78580095FD41A0,UNADJUDICATED,NONE,,,,,DISCOVERED
ANARCHI-TEST-OCC-4414005514FA302A,ANARCHI-TEST-CONTENT-32480F004CC641DF,UNADJUDICATED,NONE,,,,,DISCOVERED
ANARCHI-TEST-OCC-444D4126FB7FBD35,ANARCHI-TEST-CONTENT-CA5CE6D785970ED3,UNADJUDICATED,NONE,,,,,DISCOVERED
ANARCHI-TEST-OCC-44651FF9E84F93C5,ANARCHI-TEST-CONTENT-FD25F5EC6769C955,UNADJUDICATED,NONE,,,,,DISCOVERED
ANARCHI-TEST-OCC-449562088DD6FEBE,ANARCHI-TEST-CONTENT-D25273E930127A33,UNADJUDICATED,NONE,,,,,DISCOVERED
ANARCHI-TEST-OCC-44B6F1FA231DF215,ANARCHI-TEST-CONTENT-AE2D6CFFDA09133A,UNADJUDICATED,NONE,,,,,DISCOVERED
ANARCHI-TEST-OCC-44E756249441EFF0,ANARCHI-TEST-CONTENT-45905353153FCF8A,UNADJUDICATED,NONE,,,,,DISCOVERED
ANARCHI-TEST-OCC-450DD105486957A4,ANARCHI-TEST-CONTENT-92834614CB7A50C9,UNADJUDICATED,NONE,,,,,DISCOVERED
ANARCHI-TEST-OCC-451314795AE3E5D1,ANARCHI-TEST-CONTENT-3522CA0E5064C951,UNADJUDICATED,NONE,,,,,DISCOVERED
ANARCHI-TEST-OCC-4515E27AA3F6E3AC,ANARCHI-TEST-CONTENT-C2F89BAF61625939,UNADJUDICATED,NONE,,,,,DISCOVERED
ANARCHI-TEST-OCC-451C04DEC011C71D,ANARCHI-TEST-CONTENT-BAE4AF511D8FC8E0,UNADJUDICATED,NONE,,,,,DISCOVERED
ANARCHI-TEST-OCC-4522BE64ACD7E120,ANARCHI-TEST-CONTENT-94A8D7005DAFC4F4,UNADJUDICATED,NONE,,,,,DISCOVERED
ANARCHI-TEST-OCC-45273C7ED763B2FC,ANARCHI-TEST-CONTENT-C5F8AF4FCA7757A0,UNADJUDICATED,NONE,,,,,DISCOVERED
ANARCHI-TEST-OCC-45321123C3821752,ANARCHI-TEST-CONTENT-B538C3AC1DECC35D,UNADJUDICATED,NONE,,,,,DISCOVERED
ANARCHI-TEST-OCC-453C3849EB2387D0,ANARCHI-TEST-CONTENT-C2D96EA70E4CA1A3,UNADJUDICATED,NONE,,,,,DISCOVERED
ANARCHI-TEST-OCC-4544A34C768CB4E9,ANARCHI-TEST-CONTENT-B7D709A7CD55BFE9,UNADJUDICATED,NONE,,,,,DISCOVERED
ANARCHI-TEST-OCC-457460B5CB799226,ANARCHI-TEST-CONTENT-87047038D73D71E7,UNADJUDICATED,NONE,,,,,DISCOVERED
ANARCHI-TEST-OCC-45B1E23EA573F0DA,ANARCHI-TEST-CONTENT-6ADE6FA0A8F02773,UNADJUDICATED,NONE,,,,,DISCOVERED
ANARCHI-TEST-OCC-45B74F888AEDA316,ANARCHI-TEST-CONTENT-24657B6C497EACBF,UNADJUDICATED,NONE,,,,,DISCOVERED
ANARCHI-TEST-OCC-45CB24CC279FA0D6,ANARCHI-TEST-CONTENT-AA85853C48F29B98,UNADJUDICATED,NONE,,,,,DISCOVERED
ANARCHI-TEST-OCC-4605AE46E663C9AB,ANARCHI-TEST-CONTENT-D5B36885E7E9D78F,UNADJUDICATED,NONE,,,,,DISCOVERED
ANARCHI-TEST-OCC-4608AA5C3AF9F27F,ANARCHI-TEST-CONTENT-ADED756FB81F8601,UNADJUDICATED,NONE,,,,,DISCOVERED
ANARCHI-TEST-OCC-460C47941026576A,ANARCHI-TEST-CONTENT-E3B0C44298FC1C14,UNADJUDICATED,NONE,,,,,DISCOVERED
ANARCHI-TEST-OCC-4621A3B1B00A98AC,ANARCHI-TEST-CONTENT-C75FAF9235EADCB1,UNADJUDICATED,NONE,,,,,DISCOVERED
ANARCHI-TEST-OCC-463CDCCF01A3862B,ANARCHI-TEST-CONTENT-F04155AFA8427777,UNADJUDICATED,NONE,,,,,DISCOVERED
ANARCHI-TEST-OCC-464509C3E84A5079,ANARCHI-TEST-CONTENT-605D2D4C9FC037F5,UNADJUDICATED,NONE,,,,,DISCOVERED
ANARCHI-TEST-OCC-46518E3BDA3354C3,ANARCHI-TEST-CONTENT-996208FA89402E45,UNADJUDICATED,NONE,,,,,DISCOVERED
ANARCHI-TEST-OCC-46522633B1C255E8,ANARCHI-TEST-CONTENT-72AF46C5CAA3422B,UNADJUDICATED,NONE,,,,,DISCOVERED
ANARCHI-TEST-OCC-466704D7E4D41263,ANARCHI-TEST-CONTENT-18E95B5101C89735,UNADJUDICATED,NONE,,,,,DISCOVERED
ANARCHI-TEST-OCC-466D7821BCD8418E,ANARCHI-TEST-CONTENT-9CDE37FE153ACBC5,UNADJUDICATED,NONE,,,,,DISCOVERED
ANARCHI-TEST-OCC-467000DDC68C7375,ANARCHI-TEST-CONTENT-0F02942929784AB7,UNADJUDICATED,NONE,,,,,DISCOVERED
ANARCHI-TEST-OCC-46793C872E4AB327,ANARCHI-TEST-CONTENT-E3B0C44298FC1C14,UNADJUDICATED,NONE,,,,,DISCOVERED
ANARCHI-TEST-OCC-467A3BD0DEB2EBD8,ANARCHI-TEST-CONTENT-F80B39E87FECCE87,UNADJUDICATED,NONE,,,,,DISCOVERED
ANARCHI-TEST-OCC-46C6C77E6635D105,ANARCHI-TEST-CONTENT-C37E49471F259A55,UNADJUDICATED,NONE,,,,,DISCOVERED
ANARCHI-TEST-OCC-46D5C9CA8EFE7C7C,ANARCHI-TEST-CONTENT-D48211CA51B7F73E,UNADJUDICATED,NONE,,,,,DISCOVERED
ANARCHI-TEST-OCC-46E6AA6BD9380598,ANARCHI-TEST-CONTENT-13EF928D8573AE66,UNADJUDICATED,NONE,,,,,DISCOVERED
ANARCHI-TEST-OCC-46ED85C36A4B7B28,ANARCHI-TEST-CONTENT-AA85853C48F29B98,UNADJUDICATED,NONE,,,,,DISCOVERED
ANARCHI-TEST-OCC-46F9C865D6D29480,ANARCHI-TEST-CONTENT-15E5620EB5083486,UNADJUDICATED,NONE,,,,,DISCOVERED
ANARCHI-TEST-OCC-46FCF868288D0321,ANARCHI-TEST-CONTENT-1613B36646C3847D,UNADJUDICATED,NONE,,,,,DISCOVERED
ANARCHI-TEST-OCC-47000F303ACC00ED,ANARCHI-TEST-CONTENT-362B2347ECAE0512,UNADJUDICATED,NONE,,,,,DISCOVERED
ANARCHI-TEST-OCC-47346B7AE94ACB34,ANARCHI-TEST-CONTENT-44DEC0221309E44A,UNADJUDICATED,NONE,,,,,DISCOVERED
ANARCHI-TEST-OCC-473545C511D02340,ANARCHI-TEST-CONTENT-E3346D0D0546A4A4,UNADJUDICATED,NONE,,,,,DISCOVERED
ANARCHI-TEST-OCC-4746F10ACF55EE08,ANARCHI-TEST-CONTENT-D48211CA51B7F73E,UNADJUDICATED,NONE,,,,,DISCOVERED
ANARCHI-TEST-OCC-474833F4C4B118F0,ANARCHI-TEST-CONTENT-EDE39D1F2A1B5CCB,UNADJUDICATED,NONE,,,,,DISCOVERED
ANARCHI-TEST-OCC-474FE2C515982900,ANARCHI-TEST-CONTENT-F9D1BBE515DE6653,UNADJUDICATED,NONE,,,,,DISCOVERED
ANARCHI-TEST-OCC-476866F762A2CD41,ANARCHI-TEST-CONTENT-F5D4D3F848D97411,UNADJUDICATED,NONE,,,,,DISCOVERED
ANARCHI-TEST-OCC-477FBB5AC8134715,ANARCHI-TEST-CONTENT-8F7B3AAECD351AEF,UNADJUDICATED,NONE,,,,,DISCOVERED
ANARCHI-TEST-OCC-4780FFDEE56B62AB,ANARCHI-TEST-CONTENT-BC4C253CCE7D37FE,UNADJUDICATED,NONE,,,,,DISCOVERED
ANARCHI-TEST-OCC-47829CA60CA95DC4,ANARCHI-TEST-CONTENT-17F637D3A0C7B9F9,UNADJUDICATED,NONE,,,,,DISCOVERED
ANARCHI-TEST-OCC-47A17729291B9144,ANARCHI-TEST-CONTENT-43D30D5F375C13FE,UNADJUDICATED,NONE,,,,,DISCOVERED
ANARCHI-TEST-OCC-47BB38D7D8057878,ANARCHI-TEST-CONTENT-A7E32E04D501D3B2,UNADJUDICATED,NONE,,,,,DISCOVERED
ANARCHI-TEST-OCC-47C70724811AAC2A,ANARCHI-TEST-CONTENT-5357CBE582CFFDC6,UNADJUDICATED,NONE,,,,,DISCOVERED
ANARCHI-TEST-OCC-4803CEF1D53341EF,ANARCHI-TEST-CONTENT-77B10C50542C121D,UNADJUDICATED,NONE,,,,,DISCOVERED
ANARCHI-TEST-OCC-480C6110E29EC9CF,ANARCHI-TEST-CONTENT-04261F5B3DDCE0C3,UNADJUDICATED,NONE,,,,,DISCOVERED
ANARCHI-TEST-OCC-4816689385508B5B,ANARCHI-TEST-CONTENT-4BDEE246B69DD3AB,UNADJUDICATED,NONE,,,,,DISCOVERED
ANARCHI-TEST-OCC-481CB7A81F243B5B,ANARCHI-TEST-CONTENT-6762240C04F25EC2,UNADJUDICATED,NONE,,,,,DISCOVERED
ANARCHI-TEST-OCC-481D20741C610FE9,ANARCHI-TEST-CONTENT-1E85887B97891B0A,UNADJUDICATED,NONE,,,,,DISCOVERED
ANARCHI-TEST-OCC-482D1B58BEFA0D27,ANARCHI-TEST-CONTENT-B691DCC2D7AEB900,UNADJUDICATED,NONE,,,,,DISCOVERED
ANARCHI-TEST-OCC-4843447E6A2417F5,ANARCHI-TEST-CONTENT-AC9A4C9545A27B3A,UNADJUDICATED,NONE,,,,,DISCOVERED
ANARCHI-TEST-OCC-4845088CDC89427E,ANARCHI-TEST-CONTENT-3706BAFFF60CA160,UNADJUDICATED,NONE,,,,,DISCOVERED
ANARCHI-TEST-OCC-48920EF9D7BE5AF4,ANARCHI-TEST-CONTENT-F5E00F4BAF4CDE23,UNADJUDICATED,NONE,,,,,DISCOVERED
ANARCHI-TEST-OCC-48AB2E8FA1909339,ANARCHI-TEST-CONTENT-8450B35AC2238549,UNADJUDICATED,NONE,,,,,DISCOVERED
ANARCHI-TEST-OCC-48EA719A6506C0D1,ANARCHI-TEST-CONTENT-860AA513EFF337F1,UNADJUDICATED,NONE,,,,,DISCOVERED
ANARCHI-TEST-OCC-49086FBB54355CB1,ANARCHI-TEST-CONTENT-9AC3554A28A4B8F3,UNADJUDICATED,NONE,,,,,DISCOVERED
ANARCHI-TEST-OCC-492ACA604812ADD5,ANARCHI-TEST-CONTENT-5BB03D5ECCABF9D0,UNADJUDICATED,NONE,,,,,DISCOVERED
ANARCHI-TEST-OCC-493090134BFDF208,ANARCHI-TEST-CONTENT-D158A1567DE3B7DD,UNADJUDICATED,NONE,,,,,DISCOVERED
ANARCHI-TEST-OCC-4945CBBD2E2C0C9C,ANARCHI-TEST-CONTENT-77A14C3BCA5F4581,UNADJUDICATED,NONE,,,,,DISCOVERED
ANARCHI-TEST-OCC-49603A04C5EEA870,ANARCHI-TEST-CONTENT-A80AFE5EEBAA824E,UNADJUDICATED,NONE,,,,,DISCOVERED
ANARCHI-TEST-OCC-498D29F6F298E341,ANARCHI-TEST-CONTENT-1AC64A6818C0954D,UNADJUDICATED,NONE,,,,,DISCOVERED
ANARCHI-TEST-OCC-499CE17470F19B61,ANARCHI-TEST-CONTENT-1824DEE4982CE7C0,UNADJUDICATED,NONE,,,,,DISCOVERED
ANARCHI-TEST-OCC-49A4D1D55701EDC1,ANARCHI-TEST-CONTENT-2FF59AB811C58999,UNADJUDICATED,NONE,,,,,DISCOVERED
ANARCHI-TEST-OCC-49A70EB9A813D900,ANARCHI-TEST-CONTENT-2DB472C61869F8D9,UNADJUDICATED,NONE,,,,,DISCOVERED
ANARCHI-TEST-OCC-49A9D9FA474BF732,ANARCHI-TEST-CONTENT-5BB03D5ECCABF9D0,UNADJUDICATED,NONE,,,,,DISCOVERED
ANARCHI-TEST-OCC-49AC1B889957C326,ANARCHI-TEST-CONTENT-9AE224518E71FDAC,UNADJUDICATED,NONE,,,,,DISCOVERED
ANARCHI-TEST-OCC-49C5FF4AC08987AA,ANARCHI-TEST-CONTENT-A2149F6DB57F2E73,UNADJUDICATED,NONE,,,,,DISCOVERED
ANARCHI-TEST-OCC-49D023B44CE17814,ANARCHI-TEST-CONTENT-6C47138BDCC0E53A,UNADJUDICATED,NONE,,,,,DISCOVERED
ANARCHI-TEST-OCC-49D075FEAE4C93E3,ANARCHI-TEST-CONTENT-37B642C8D55F495D,UNADJUDICATED,NONE,,,,,DISCOVERED
ANARCHI-TEST-OCC-49D5A3C55DA73A48,ANARCHI-TEST-CONTENT-701C214017D5DCA6,UNADJUDICATED,NONE,,,,,DISCOVERED
ANARCHI-TEST-OCC-49DF03AEF8451FE5,ANARCHI-TEST-CONTENT-EBF84D0F78D172FD,UNADJUDICATED,NONE,,,,,DISCOVERED
ANARCHI-TEST-OCC-49E1C958123BB720,ANARCHI-TEST-CONTENT-B71C10D632A440D6,UNADJUDICATED,NONE,,,,,DISCOVERED
ANARCHI-TEST-OCC-49EA5D0A3A9EC8F8,ANARCHI-TEST-CONTENT-FF3DA0F559424178,UNADJUDICATED,NONE,,,,,DISCOVERED
ANARCHI-TEST-OCC-4A44F8C061BCB101,ANARCHI-TEST-CONTENT-FD08B1C522BBE5C0,UNADJUDICATED,NONE,,,,,DISCOVERED
ANARCHI-TEST-OCC-4A6D335F874A12B2,ANARCHI-TEST-CONTENT-B0D758791BFC5B8A,UNADJUDICATED,NONE,,,,,DISCOVERED
ANARCHI-TEST-OCC-4AB6C45269C243A7,ANARCHI-TEST-CONTENT-99788D746F9D1E42,UNADJUDICATED,NONE,,,,,DISCOVERED
ANARCHI-TEST-OCC-4AD566340A55C119,ANARCHI-TEST-CONTENT-737BFDC14CCB1D41,UNADJUDICATED,NONE,,,,,DISCOVERED
ANARCHI-TEST-OCC-4AD5A6D43C1A1A20,ANARCHI-TEST-CONTENT-8968E44B6F41E8B5,UNADJUDICATED,NONE,,,,,DISCOVERED
ANARCHI-TEST-OCC-4AD7CB0CEB12CB3C,ANARCHI-TEST-CONTENT-178F14ECC4BE8555,UNADJUDICATED,NONE,,,,,DISCOVERED
ANARCHI-TEST-OCC-4AE50D75B71DEA3E,ANARCHI-TEST-CONTENT-178F14ECC4BE8555,UNADJUDICATED,NONE,,,,,DISCOVERED
ANARCHI-TEST-OCC-4AE61AD2AACC3313,ANARCHI-TEST-CONTENT-0284C13E2F9D91DE,UNADJUDICATED,NONE,,,,,DISCOVERED
ANARCHI-TEST-OCC-4B0084CBF7BAE5FA,ANARCHI-TEST-CONTENT-D6E8220E8F383C76,UNADJUDICATED,NONE,,,,,DISCOVERED
ANARCHI-TEST-OCC-4B10D600AC42C49C,ANARCHI-TEST-CONTENT-CAF0566F6B2DFC69,UNADJUDICATED,NONE,,,,,DISCOVERED
ANARCHI-TEST-OCC-4B14EB3B2AE5BC00,ANARCHI-TEST-CONTENT-E3B0C44298FC1C14,UNADJUDICATED,NONE,,,,,DISCOVERED
ANARCHI-TEST-OCC-4B1A3BD6EAFD88B9,ANARCHI-TEST-CONTENT-348D59D456817947,UNADJUDICATED,NONE,,,,,DISCOVERED
ANARCHI-TEST-OCC-4B37D4D7F72D8A07,ANARCHI-TEST-CONTENT-B407F192733AE4E4,UNADJUDICATED,NONE,,,,,DISCOVERED
ANARCHI-TEST-OCC-4B5B110DD4E3EA04,ANARCHI-TEST-CONTENT-71A61CFB194422B5,UNADJUDICATED,NONE,,,,,DISCOVERED
ANARCHI-TEST-OCC-4B5B7FF2BE947905,ANARCHI-TEST-CONTENT-DF5CD696F9400B6B,UNADJUDICATED,NONE,,,,,DISCOVERED
ANARCHI-TEST-OCC-4B5C6100A2705C51,ANARCHI-TEST-CONTENT-DAAE4F0BE1DF5365,UNADJUDICATED,NONE,,,,,DISCOVERED
ANARCHI-TEST-OCC-4B635A41415A283C,ANARCHI-TEST-CONTENT-9CDF23DA96872C2C,UNADJUDICATED,NONE,,,,,DISCOVERED
ANARCHI-TEST-OCC-4B6B7C5CAA35A8E8,ANARCHI-TEST-CONTENT-5D1CAFD29190F680,UNADJUDICATED,NONE,,,,,DISCOVERED
ANARCHI-TEST-OCC-4B72EA1A3BA93DA9,ANARCHI-TEST-CONTENT-E6E186298A003880,UNADJUDICATED,NONE,,,,,DISCOVERED
ANARCHI-TEST-OCC-4B890F183947F7FB,ANARCHI-TEST-CONTENT-C3BFC5BCBF0262FF,UNADJUDICATED,NONE,,,,,DISCOVERED
ANARCHI-TEST-OCC-4BBEAE55F538A5B4,ANARCHI-TEST-CONTENT-54EF7E380325B24F,UNADJUDICATED,NONE,,,,,DISCOVERED
ANARCHI-TEST-OCC-4BCEE5268FBFA86E,ANARCHI-TEST-CONTENT-9BE3B652AB6F7F53,UNADJUDICATED,NONE,,,,,DISCOVERED
ANARCHI-TEST-OCC-4BDB57591532D752,ANARCHI-TEST-CONTENT-D10933D084DF3CA1,UNADJUDICATED,NONE,,,,,DISCOVERED
ANARCHI-TEST-OCC-4BE3672FBA7B2BE0,ANARCHI-TEST-CONTENT-AC2B287F231294E2,UNADJUDICATED,NONE,,,,,DISCOVERED
ANARCHI-TEST-OCC-4BED8E446E4A8CB3,ANARCHI-TEST-CONTENT-199684FCE1940293,UNADJUDICATED,NONE,,,,,DISCOVERED
ANARCHI-TEST-OCC-4BF45763D8D19868,ANARCHI-TEST-CONTENT-E3B0C44298FC1C14,UNADJUDICATED,NONE,,,,,DISCOVERED
ANARCHI-TEST-OCC-4C05A5120E61BF0A,ANARCHI-TEST-CONTENT-C6B853CC71F4717E,UNADJUDICATED,NONE,,,,,DISCOVERED
ANARCHI-TEST-OCC-4C1427A8620F0820,ANARCHI-TEST-CONTENT-A1D591292BEB6111,UNADJUDICATED,NONE,,,,,DISCOVERED
ANARCHI-TEST-OCC-4C169214BAD6B21B,ANARCHI-TEST-CONTENT-B407F192733AE4E4,UNADJUDICATED,NONE,,,,,DISCOVERED
ANARCHI-TEST-OCC-4C422D0F7D744E99,ANARCHI-TEST-CONTENT-24657B6C497EACBF,UNADJUDICATED,NONE,,,,,DISCOVERED
ANARCHI-TEST-OCC-4C43CDAAE5B613D4,ANARCHI-TEST-CONTENT-DBE73807968A59BC,UNADJUDICATED,NONE,,,,,DISCOVERED
ANARCHI-TEST-OCC-4C60A7F8A5E6519C,ANARCHI-TEST-CONTENT-A6D14637BA2F3C7D,UNADJUDICATED,NONE,,,,,DISCOVERED
ANARCHI-TEST-OCC-4C8B263B24822FB3,ANARCHI-TEST-CONTENT-C21A130AFCC95FE9,UNADJUDICATED,NONE,,,,,DISCOVERED
ANARCHI-TEST-OCC-4CA035C15A4436C7,ANARCHI-TEST-CONTENT-36D271F1C61E53DC,UNADJUDICATED,NONE,,,,,DISCOVERED
ANARCHI-TEST-OCC-4CA8AD30B6E882C6,ANARCHI-TEST-CONTENT-03A71995E10B63C7,UNADJUDICATED,NONE,,,,,DISCOVERED
ANARCHI-TEST-OCC-4CBECFC8F018B5E5,ANARCHI-TEST-CONTENT-C03EAF78C7CBB14B,UNADJUDICATED,NONE,,,,,DISCOVERED
ANARCHI-TEST-OCC-4CBEF6F6013572C8,ANARCHI-TEST-CONTENT-C6228BEBBAC3E2C2,UNADJUDICATED,NONE,,,,,DISCOVERED
ANARCHI-TEST-OCC-4CCC57F2371D8102,ANARCHI-TEST-CONTENT-58E269B2E1A13182,UNADJUDICATED,NONE,,,,,DISCOVERED
ANARCHI-TEST-OCC-4CE8B73631E0D08F,ANARCHI-TEST-CONTENT-B5DFA025FE9C98B2,UNADJUDICATED,NONE,,,,,DISCOVERED
ANARCHI-TEST-OCC-4D1D2FFA5ECF5D59,ANARCHI-TEST-CONTENT-DBC39CEA208C0A3D,UNADJUDICATED,NONE,,,,,DISCOVERED
ANARCHI-TEST-OCC-4D2458150B169473,ANARCHI-TEST-CONTENT-4F09A972A8917A00,UNADJUDICATED,NONE,,,,,DISCOVERED
ANARCHI-TEST-OCC-4D32E4863E4A6620,ANARCHI-TEST-CONTENT-D6E8220E8F383C76,UNADJUDICATED,NONE,,,,,DISCOVERED
ANARCHI-TEST-OCC-4D346598BC97D5AB,ANARCHI-TEST-CONTENT-E3B0C44298FC1C14,UNADJUDICATED,NONE,,,,,DISCOVERED
ANARCHI-TEST-OCC-4D423965A79178C8,ANARCHI-TEST-CONTENT-3436BE6DA05833F1,UNADJUDICATED,NONE,,,,,DISCOVERED
ANARCHI-TEST-OCC-4D4758B64B3951E9,ANARCHI-TEST-CONTENT-6E3FF32ABD6855CB,UNADJUDICATED,NONE,,,,,DISCOVERED
ANARCHI-TEST-OCC-4D7228BFFE07A1D8,ANARCHI-TEST-CONTENT-DCB16E31B57DD950,UNADJUDICATED,NONE,,,,,DISCOVERED
ANARCHI-TEST-OCC-4D8DAF9301826F59,ANARCHI-TEST-CONTENT-73B95D27AC46EBA1,UNADJUDICATED,NONE,,,,,DISCOVERED
ANARCHI-TEST-OCC-4DAFF28582D31A30,ANARCHI-TEST-CONTENT-91B07E5F5A5F8DAC,UNADJUDICATED,NONE,,,,,DISCOVERED
ANARCHI-TEST-OCC-4DB26177A5128940,ANARCHI-TEST-CONTENT-DA39C0EAB8665948,UNADJUDICATED,NONE,,,,,DISCOVERED
ANARCHI-TEST-OCC-4DB6C5404A02E604,ANARCHI-TEST-CONTENT-6C2D77E1A6FB1879,UNADJUDICATED,NONE,,,,,DISCOVERED
ANARCHI-TEST-OCC-4DCA15F7E56B15CF,ANARCHI-TEST-CONTENT-E3B0C44298FC1C14,UNADJUDICATED,NONE,,,,,DISCOVERED
ANARCHI-TEST-OCC-4DDA641C2E744DCC,ANARCHI-TEST-CONTENT-2157384CB8BF536B,UNADJUDICATED,NONE,,,,,DISCOVERED
ANARCHI-TEST-OCC-4DDDE3367ACA36CE,ANARCHI-TEST-CONTENT-EA91499A55A042DB,UNADJUDICATED,NONE,,,,,DISCOVERED
ANARCHI-TEST-OCC-4DE948475EF8AB21,ANARCHI-TEST-CONTENT-03CF6BE4B387CBEA,UNADJUDICATED,NONE,,,,,DISCOVERED
ANARCHI-TEST-OCC-4DF8F769178B167C,ANARCHI-TEST-CONTENT-ACC7F703A48C3446,UNADJUDICATED,NONE,,,,,DISCOVERED
ANARCHI-TEST-OCC-4E00BCA24DD17A68,ANARCHI-TEST-CONTENT-DDEE3A1A84DB48FF,UNADJUDICATED,NONE,,,,,DISCOVERED
ANARCHI-TEST-OCC-4E02B9A3F51818F8,ANARCHI-TEST-CONTENT-A95063CF87F74ED0,UNADJUDICATED,NONE,,,,,DISCOVERED
ANARCHI-TEST-OCC-4E08480510F8ED32,ANARCHI-TEST-CONTENT-8263133EBABC80B5,UNADJUDICATED,NONE,,,,,DISCOVERED
ANARCHI-TEST-OCC-4E09F81D95A2E7C2,ANARCHI-TEST-CONTENT-418A9296E5619B1A,UNADJUDICATED,NONE,,,,,DISCOVERED
ANARCHI-TEST-OCC-4E1964923B7A5641,ANARCHI-TEST-CONTENT-04261F5B3DDCE0C3,UNADJUDICATED,NONE,,,,,DISCOVERED
ANARCHI-TEST-OCC-4E36949239A45ACE,ANARCHI-TEST-CONTENT-314CE8FE8519F2EC,UNADJUDICATED,NONE,,,,,DISCOVERED
ANARCHI-TEST-OCC-4E375AD4C2C29BB9,ANARCHI-TEST-CONTENT-069ED4C1F7C830EE,UNADJUDICATED,NONE,,,,,DISCOVERED
ANARCHI-TEST-OCC-4E450CB190F1B7CB,ANARCHI-TEST-CONTENT-EAB8A432765D6A64,UNADJUDICATED,NONE,,,,,DISCOVERED
ANARCHI-TEST-OCC-4E4A1B782DDDBCA0,ANARCHI-TEST-CONTENT-1B3C1CF61F67EB39,UNADJUDICATED,NONE,,,,,DISCOVERED
ANARCHI-TEST-OCC-4E90985507CE885F,ANARCHI-TEST-CONTENT-C8FDA2DE8B7F70EE,UNADJUDICATED,NONE,,,,,DISCOVERED
ANARCHI-TEST-OCC-4EAC9D411F1FB702,ANARCHI-TEST-CONTENT-53D51C394F23B2D8,UNADJUDICATED,NONE,,,,,DISCOVERED
ANARCHI-TEST-OCC-4EBE35FBE2D45BE0,ANARCHI-TEST-CONTENT-44DEC0221309E44A,UNADJUDICATED,NONE,,,,,DISCOVERED
ANARCHI-TEST-OCC-4EDB48E20151B5EA,ANARCHI-TEST-CONTENT-04261F5B3DDCE0C3,UNADJUDICATED,NONE,,,,,DISCOVERED
ANARCHI-TEST-OCC-4EECE92482F7F33D,ANARCHI-TEST-CONTENT-41701F9DEB067CB7,UNADJUDICATED,NONE,,,,,DISCOVERED
ANARCHI-TEST-OCC-4F0990D1915E4A00,ANARCHI-TEST-CONTENT-C1F918FE29691B45,UNADJUDICATED,NONE,,,,,DISCOVERED
ANARCHI-TEST-OCC-4F10386AB0CBA1D4,ANARCHI-TEST-CONTENT-1648970636DFFC1D,UNADJUDICATED,NONE,,,,,DISCOVERED
ANARCHI-TEST-OCC-4F134203D9D3F811,ANARCHI-TEST-CONTENT-500DF3B76F9F3EAB,UNADJUDICATED,NONE,,,,,DISCOVERED
ANARCHI-TEST-OCC-4F1E345FFDBF7803,ANARCHI-TEST-CONTENT-D8B2214BFF715DE0,UNADJUDICATED,NONE,,,,,DISCOVERED
ANARCHI-TEST-OCC-4F383F99D9EB3B17,ANARCHI-TEST-CONTENT-12098571044671C2,UNADJUDICATED,NONE,,,,,DISCOVERED
ANARCHI-TEST-OCC-4F3E53779FAA3A0C,ANARCHI-TEST-CONTENT-6EFF8AEB403B9B6A,UNADJUDICATED,NONE,,,,,DISCOVERED
ANARCHI-TEST-OCC-4F44FC48EDFF4AE4,ANARCHI-TEST-CONTENT-25F69995C82E4488,UNADJUDICATED,NONE,,,,,DISCOVERED
ANARCHI-TEST-OCC-4F4A1A5E55BF46A7,ANARCHI-TEST-CONTENT-F5D4D3F848D97411,UNADJUDICATED,NONE,,,,,DISCOVERED
ANARCHI-TEST-OCC-4F4D606E3753E154,ANARCHI-TEST-CONTENT-8E05A07416E8330B,UNADJUDICATED,NONE,,,,,DISCOVERED
ANARCHI-TEST-OCC-4F5249ED2C9A86EA,ANARCHI-TEST-CONTENT-F5D4D3F848D97411,UNADJUDICATED,NONE,,,,,DISCOVERED
ANARCHI-TEST-OCC-4F59AA7F2745F62B,ANARCHI-TEST-CONTENT-1943FC5265783DB7,UNADJUDICATED,NONE,,,,,DISCOVERED
ANARCHI-TEST-OCC-4F6ED68CCF8B5692,ANARCHI-TEST-CONTENT-B631461956AE7998,UNADJUDICATED,NONE,,,,,DISCOVERED
ANARCHI-TEST-OCC-4F82B9FCA23F0C28,ANARCHI-TEST-CONTENT-F514883BAD06A84C,UNADJUDICATED,NONE,,,,,DISCOVERED
ANARCHI-TEST-OCC-4FC563BAE9B27AF1,ANARCHI-TEST-CONTENT-41952FAFBED3C491,UNADJUDICATED,NONE,,,,,DISCOVERED
ANARCHI-TEST-OCC-4FF67029C2BC3D4A,ANARCHI-TEST-CONTENT-6EF9B1D418F2A5C2,UNADJUDICATED,NONE,,,,,DISCOVERED
ANARCHI-TEST-OCC-50792C2D490E046A,ANARCHI-TEST-CONTENT-F916111721CB48A9,UNADJUDICATED,NONE,,,,,DISCOVERED
ANARCHI-TEST-OCC-509F145757D6C8DD,ANARCHI-TEST-CONTENT-A909BD63262259EF,UNADJUDICATED,NONE,,,,,DISCOVERED
ANARCHI-TEST-OCC-50A40C42AE4B873B,ANARCHI-TEST-CONTENT-DE68DD99C82D04F9,UNADJUDICATED,NONE,,,,,DISCOVERED
ANARCHI-TEST-OCC-50A4333913ECA003,ANARCHI-TEST-CONTENT-04261F5B3DDCE0C3,UNADJUDICATED,NONE,,,,,DISCOVERED
ANARCHI-TEST-OCC-50B0BC44277D0BC7,ANARCHI-TEST-CONTENT-B1AA3BE28D4FC983,UNADJUDICATED,NONE,,,,,DISCOVERED
ANARCHI-TEST-OCC-50F2D3EB83D85653,ANARCHI-TEST-CONTENT-AB1A8E24B386D623,UNADJUDICATED,NONE,,,,,DISCOVERED
ANARCHI-TEST-OCC-50FD88F2367DBDFB,ANARCHI-TEST-CONTENT-05B3F2F977F21F02,UNADJUDICATED,NONE,,,,,DISCOVERED
ANARCHI-TEST-OCC-511DF3AC3DC80323,ANARCHI-TEST-CONTENT-83CB0A53EF7D82ED,UNADJUDICATED,NONE,,,,,DISCOVERED
ANARCHI-TEST-OCC-51209B593B2DBB1F,ANARCHI-TEST-CONTENT-743F7FD31B6F1B4C,UNADJUDICATED,NONE,,,,,DISCOVERED
ANARCHI-TEST-OCC-512B8A532FD31275,ANARCHI-TEST-CONTENT-03CF6BE4B387CBEA,UNADJUDICATED,NONE,,,,,DISCOVERED
ANARCHI-TEST-OCC-512CCB43868E68E0,ANARCHI-TEST-CONTENT-C59929DD16CC369C,UNADJUDICATED,NONE,,,,,DISCOVERED
ANARCHI-TEST-OCC-512F39FB0E5EB0FD,ANARCHI-TEST-CONTENT-7247C60C283633A8,UNADJUDICATED,NONE,,,,,DISCOVERED
ANARCHI-TEST-OCC-519CF2B60A8AA686,ANARCHI-TEST-CONTENT-42146E1FE870A574,UNADJUDICATED,NONE,,,,,DISCOVERED
ANARCHI-TEST-OCC-519EE63935D67A82,ANARCHI-TEST-CONTENT-F78829D714653EB1,UNADJUDICATED,NONE,,,,,DISCOVERED
ANARCHI-TEST-OCC-51A37B1C4C49377A,ANARCHI-TEST-CONTENT-C9C0209DF2781445,UNADJUDICATED,NONE,,,,,DISCOVERED
ANARCHI-TEST-OCC-51AEEBAAC16626FB,ANARCHI-TEST-CONTENT-E3B0C44298FC1C14,UNADJUDICATED,NONE,,,,,DISCOVERED
ANARCHI-TEST-OCC-51C15F6D0DD54522,ANARCHI-TEST-CONTENT-66BD1EAD3C21B9A2,UNADJUDICATED,NONE,,,,,DISCOVERED
ANARCHI-TEST-OCC-51C4BEC63B4DB3CA,ANARCHI-TEST-CONTENT-D70A518AD08D64A0,UNADJUDICATED,NONE,,,,,DISCOVERED
ANARCHI-TEST-OCC-51E6040217808D71,ANARCHI-TEST-CONTENT-F35333C80DBD1D97,UNADJUDICATED,NONE,,,,,DISCOVERED
ANARCHI-TEST-OCC-51E97D1B2C16A31C,ANARCHI-TEST-CONTENT-6DC63BDC0B1BC810,UNADJUDICATED,NONE,,,,,DISCOVERED
ANARCHI-TEST-OCC-51FEED1FFE0FC134,ANARCHI-TEST-CONTENT-DB8F633145791A79,UNADJUDICATED,NONE,,,,,DISCOVERED
ANARCHI-TEST-OCC-520A5500C6D30348,ANARCHI-TEST-CONTENT-93C2CD3354726681,UNADJUDICATED,NONE,,,,,DISCOVERED
ANARCHI-TEST-OCC-522174CED7913B61,ANARCHI-TEST-CONTENT-B376B60BA25CA93C,UNADJUDICATED,NONE,,,,,DISCOVERED
ANARCHI-TEST-OCC-5225850C122D1F7D,ANARCHI-TEST-CONTENT-32480F004CC641DF,UNADJUDICATED,NONE,,,,,DISCOVERED
ANARCHI-TEST-OCC-5244DB3CD15140BF,ANARCHI-TEST-CONTENT-C62EC67B76E3DAB2,UNADJUDICATED,NONE,,,,,DISCOVERED
ANARCHI-TEST-OCC-525D8F92D757905B,ANARCHI-TEST-CONTENT-DD306BC8005A2B32,UNADJUDICATED,NONE,,,,,DISCOVERED
ANARCHI-TEST-OCC-5262438CECE99B3F,ANARCHI-TEST-CONTENT-FD829222877A434A,UNADJUDICATED,NONE,,,,,DISCOVERED
ANARCHI-TEST-OCC-526442542F5E7907,ANARCHI-TEST-CONTENT-D05A5855B6E5A61C,UNADJUDICATED,NONE,,,,,DISCOVERED
ANARCHI-TEST-OCC-526E02B6ABF45871,ANARCHI-TEST-CONTENT-32480F004CC641DF,UNADJUDICATED,NONE,,,,,DISCOVERED
ANARCHI-TEST-OCC-527555FC45C41ECA,ANARCHI-TEST-CONTENT-4866DAC2B2786BBF,UNADJUDICATED,NONE,,,,,DISCOVERED
ANARCHI-TEST-OCC-527E1B3962E1BB26,ANARCHI-TEST-CONTENT-3C0EB369156B216C,UNADJUDICATED,NONE,,,,,DISCOVERED
ANARCHI-TEST-OCC-5280B4EF1B78A44C,ANARCHI-TEST-CONTENT-89A1E113FF098245,UNADJUDICATED,NONE,,,,,DISCOVERED
ANARCHI-TEST-OCC-52B596146F26EB74,ANARCHI-TEST-CONTENT-10E3468200543566,UNADJUDICATED,NONE,,,,,DISCOVERED
ANARCHI-TEST-OCC-52B8AC6C5A8B8FAB,ANARCHI-TEST-CONTENT-B33FCAD364A6371A,UNADJUDICATED,NONE,,,,,DISCOVERED
ANARCHI-TEST-OCC-52BE0F299608A04D,ANARCHI-TEST-CONTENT-686E0AFB23C2B61E,UNADJUDICATED,NONE,,,,,DISCOVERED
ANARCHI-TEST-OCC-52C0E51F0B9E1B19,ANARCHI-TEST-CONTENT-1264272B62633C0D,UNADJUDICATED,NONE,,,,,DISCOVERED
ANARCHI-TEST-OCC-52D7221CFBF8FB73,ANARCHI-TEST-CONTENT-68F9E42BA6111C04,UNADJUDICATED,NONE,,,,,DISCOVERED
ANARCHI-TEST-OCC-52DD2AF3BA37858E,ANARCHI-TEST-CONTENT-1FF7432FCF4049EC,UNADJUDICATED,NONE,,,,,DISCOVERED
ANARCHI-TEST-OCC-5302BFDE7C67AEF7,ANARCHI-TEST-CONTENT-12098571044671C2,UNADJUDICATED,NONE,,,,,DISCOVERED
ANARCHI-TEST-OCC-53149BAFACC45B6F,ANARCHI-TEST-CONTENT-6F2BF4FC54CCF747,UNADJUDICATED,NONE,,,,,DISCOVERED
ANARCHI-TEST-OCC-531BB964AB47755F,ANARCHI-TEST-CONTENT-AA85853C48F29B98,UNADJUDICATED,NONE,,,,,DISCOVERED
ANARCHI-TEST-OCC-531D4BF51D24F76A,ANARCHI-TEST-CONTENT-FCA402667AE40780,UNADJUDICATED,NONE,,,,,DISCOVERED
ANARCHI-TEST-OCC-5327DAAB38C5B8E4,ANARCHI-TEST-CONTENT-2D2E480AA89E44B9,UNADJUDICATED,NONE,,,,,DISCOVERED
ANARCHI-TEST-OCC-53641EDD0D838F51,ANARCHI-TEST-CONTENT-C075C9DB8BC1865C,UNADJUDICATED,NONE,,,,,DISCOVERED
ANARCHI-TEST-OCC-537A23EC889FDF8D,ANARCHI-TEST-CONTENT-51EBAD5AE0424F93,UNADJUDICATED,NONE,,,,,DISCOVERED
ANARCHI-TEST-OCC-537D81FECDA47B3C,ANARCHI-TEST-CONTENT-DB44C463219C9F29,UNADJUDICATED,NONE,,,,,DISCOVERED
ANARCHI-TEST-OCC-538B4C1A39A92C3F,ANARCHI-TEST-CONTENT-043F9BE9EF49CACF,UNADJUDICATED,NONE,,,,,DISCOVERED
ANARCHI-TEST-OCC-539B3AD7BEC8B9C0,ANARCHI-TEST-CONTENT-D48211CA51B7F73E,UNADJUDICATED,NONE,,,,,DISCOVERED
ANARCHI-TEST-OCC-53BB7B2C296ACC53,ANARCHI-TEST-CONTENT-82C1FE3F3E2A2056,UNADJUDICATED,NONE,,,,,DISCOVERED
ANARCHI-TEST-OCC-53C015FA83A3271A,ANARCHI-TEST-CONTENT-4AF7681190653EB3,UNADJUDICATED,NONE,,,,,DISCOVERED
ANARCHI-TEST-OCC-53D462BADF6F48E5,ANARCHI-TEST-CONTENT-AD1D25D61A30AC8F,UNADJUDICATED,NONE,,,,,DISCOVERED
ANARCHI-TEST-OCC-53D805A4356C1BB7,ANARCHI-TEST-CONTENT-2ECE7D9AD250F375,UNADJUDICATED,NONE,,,,,DISCOVERED
ANARCHI-TEST-OCC-53DB94EAFD8B616A,ANARCHI-TEST-CONTENT-D3CA23012E3C5BA4,UNADJUDICATED,NONE,,,,,DISCOVERED
ANARCHI-TEST-OCC-53DECA6A4969F40B,ANARCHI-TEST-CONTENT-1CE38555EA5F82F8,UNADJUDICATED,NONE,,,,,DISCOVERED
ANARCHI-TEST-OCC-53F40B97811CF1F2,ANARCHI-TEST-CONTENT-FB0351EC6C2F2475,UNADJUDICATED,NONE,,,,,DISCOVERED
ANARCHI-TEST-OCC-53F643B62A7CE842,ANARCHI-TEST-CONTENT-FF1CBF93EFE5F7A1,UNADJUDICATED,NONE,,,,,DISCOVERED
ANARCHI-TEST-OCC-5418B549F12C12AE,ANARCHI-TEST-CONTENT-F084E9B9661E8AD0,UNADJUDICATED,NONE,,,,,DISCOVERED
ANARCHI-TEST-OCC-541D64A9A443C8A2,ANARCHI-TEST-CONTENT-81995DA7CA72F66E,UNADJUDICATED,NONE,,,,,DISCOVERED
ANARCHI-TEST-OCC-541E657CC373F190,ANARCHI-TEST-CONTENT-2398044BB018F7FB,UNADJUDICATED,NONE,,,,,DISCOVERED
ANARCHI-TEST-OCC-54737546867AF41F,ANARCHI-TEST-CONTENT-C677F3C9BDEEFE56,UNADJUDICATED,NONE,,,,,DISCOVERED
ANARCHI-TEST-OCC-547D1223C690A89B,ANARCHI-TEST-CONTENT-AA477EF3800ED2BA,UNADJUDICATED,NONE,,,,,DISCOVERED
ANARCHI-TEST-OCC-54801A103FEBC3FE,ANARCHI-TEST-CONTENT-C5987ABB1F68DA26,UNADJUDICATED,NONE,,,,,DISCOVERED
ANARCHI-TEST-OCC-54A8C46E201B5AEF,ANARCHI-TEST-CONTENT-103F4F46F192AF5D,UNADJUDICATED,NONE,,,,,DISCOVERED
ANARCHI-TEST-OCC-54AC3651A241EE91,ANARCHI-TEST-CONTENT-22DA3EC31421A255,UNADJUDICATED,NONE,,,,,DISCOVERED
ANARCHI-TEST-OCC-54D77CF6022F5B39,ANARCHI-TEST-CONTENT-D48211CA51B7F73E,UNADJUDICATED,NONE,,,,,DISCOVERED
ANARCHI-TEST-OCC-54DF020286F15C3E,ANARCHI-TEST-CONTENT-12098571044671C2,UNADJUDICATED,NONE,,,,,DISCOVERED
ANARCHI-TEST-OCC-551473FFC6D08A00,ANARCHI-TEST-CONTENT-D16B060FD84C3D18,UNADJUDICATED,NONE,,,,,DISCOVERED
ANARCHI-TEST-OCC-5517B4E4A577456B,ANARCHI-TEST-CONTENT-67016BA1F762C39B,UNADJUDICATED,NONE,,,,,DISCOVERED
ANARCHI-TEST-OCC-55195D8257EDD63A,ANARCHI-TEST-CONTENT-E3B0C44298FC1C14,UNADJUDICATED,NONE,,,,,DISCOVERED
ANARCHI-TEST-OCC-554B00403196D949,ANARCHI-TEST-CONTENT-8E248145942B6C1D,UNADJUDICATED,NONE,,,,,DISCOVERED
ANARCHI-TEST-OCC-55589EE2E45FD046,ANARCHI-TEST-CONTENT-2C5D8F91B6865653,UNADJUDICATED,NONE,,,,,DISCOVERED
ANARCHI-TEST-OCC-55794EA423E863A3,ANARCHI-TEST-CONTENT-64FC81FE957F4DE5,UNADJUDICATED,NONE,,,,,DISCOVERED
ANARCHI-TEST-OCC-557AB66A9C5378BE,ANARCHI-TEST-CONTENT-E16FCFA71EB9C767,UNADJUDICATED,NONE,,,,,DISCOVERED
ANARCHI-TEST-OCC-55971C2AAAEFB22B,ANARCHI-TEST-CONTENT-04261F5B3DDCE0C3,UNADJUDICATED,NONE,,,,,DISCOVERED
ANARCHI-TEST-OCC-5597C53985CEA397,ANARCHI-TEST-CONTENT-4AF7681190653EB3,UNADJUDICATED,NONE,,,,,DISCOVERED
ANARCHI-TEST-OCC-55A7AF0A0F7595CE,ANARCHI-TEST-CONTENT-E3B0C44298FC1C14,UNADJUDICATED,NONE,,,,,DISCOVERED
ANARCHI-TEST-OCC-55D9E41C5112CCB4,ANARCHI-TEST-CONTENT-476736053F15BDDE,UNADJUDICATED,NONE,,,,,DISCOVERED
ANARCHI-TEST-OCC-55ED70529F3B4646,ANARCHI-TEST-CONTENT-87047038D73D71E7,UNADJUDICATED,NONE,,,,,DISCOVERED
ANARCHI-TEST-OCC-55FA54ACBA719AEE,ANARCHI-TEST-CONTENT-AA99CD7710BA3C41,UNADJUDICATED,NONE,,,,,DISCOVERED
ANARCHI-TEST-OCC-56058DC82F2B9640,ANARCHI-TEST-CONTENT-85EC4FFB4AB69CDF,UNADJUDICATED,NONE,,,,,DISCOVERED
ANARCHI-TEST-OCC-5618B51AF197450B,ANARCHI-TEST-CONTENT-09DD04E2E14AF2BA,UNADJUDICATED,NONE,,,,,DISCOVERED
ANARCHI-TEST-OCC-5652335EA0992BEE,ANARCHI-TEST-CONTENT-B1103DF2FB6DCD78,UNADJUDICATED,NONE,,,,,DISCOVERED
ANARCHI-TEST-OCC-566894A63DC0F6DF,ANARCHI-TEST-CONTENT-3328E7D33FA4419C,UNADJUDICATED,NONE,,,,,DISCOVERED
ANARCHI-TEST-OCC-566CAD0AF65C4E71,ANARCHI-TEST-CONTENT-95F4F29B516A735C,UNADJUDICATED,NONE,,,,,DISCOVERED
ANARCHI-TEST-OCC-56A5900E20C6A23B,ANARCHI-TEST-CONTENT-7DCEE41F7390ED2B,UNADJUDICATED,NONE,,,,,DISCOVERED
ANARCHI-TEST-OCC-56B04511F459AA0C,ANARCHI-TEST-CONTENT-75ADE219BB1A64EB,UNADJUDICATED,NONE,,,,,DISCOVERED
ANARCHI-TEST-OCC-56C66009866E23AA,ANARCHI-TEST-CONTENT-C8FDA2DE8B7F70EE,UNADJUDICATED,NONE,,,,,DISCOVERED
ANARCHI-TEST-OCC-56D267F55593B834,ANARCHI-TEST-CONTENT-F514883BAD06A84C,UNADJUDICATED,NONE,,,,,DISCOVERED
ANARCHI-TEST-OCC-571425363AE7B814,ANARCHI-TEST-CONTENT-12098571044671C2,UNADJUDICATED,NONE,,,,,DISCOVERED
ANARCHI-TEST-OCC-571D2CA38E334DBD,ANARCHI-TEST-CONTENT-6ABC1EAB725D375E,UNADJUDICATED,NONE,,,,,DISCOVERED
ANARCHI-TEST-OCC-571FFCB317D7DB66,ANARCHI-TEST-CONTENT-E579837480E54250,UNADJUDICATED,NONE,,,,,DISCOVERED
ANARCHI-TEST-OCC-57217D816E54E9AC,ANARCHI-TEST-CONTENT-65419645A24211A4,UNADJUDICATED,NONE,,,,,DISCOVERED
ANARCHI-TEST-OCC-5726327E4380FDAE,ANARCHI-TEST-CONTENT-A80AFE5EEBAA824E,UNADJUDICATED,NONE,,,,,DISCOVERED
ANARCHI-TEST-OCC-5729C86D02194608,ANARCHI-TEST-CONTENT-F2DE78234627F2E6,UNADJUDICATED,NONE,,,,,DISCOVERED
ANARCHI-TEST-OCC-573E6E6033EAC825,ANARCHI-TEST-CONTENT-AE3E513632D68D9F,UNADJUDICATED,NONE,,,,,DISCOVERED
ANARCHI-TEST-OCC-5747B4506ADFC872,ANARCHI-TEST-CONTENT-105854FD4CDC4BA0,UNADJUDICATED,NONE,,,,,DISCOVERED
ANARCHI-TEST-OCC-5782D7EEA9384CC6,ANARCHI-TEST-CONTENT-7D958FA1680482A6,UNADJUDICATED,NONE,,,,,DISCOVERED
ANARCHI-TEST-OCC-57A2A4CEEB045BBE,ANARCHI-TEST-CONTENT-8B2AD3C8155A933A,UNADJUDICATED,NONE,,,,,DISCOVERED
ANARCHI-TEST-OCC-57B5A253E523BC27,ANARCHI-TEST-CONTENT-691D333303AAA4CA,UNADJUDICATED,NONE,,,,,DISCOVERED
ANARCHI-TEST-OCC-57D559DCA63193F6,ANARCHI-TEST-CONTENT-425FC7B26B327E04,UNADJUDICATED,NONE,,,,,DISCOVERED
ANARCHI-TEST-OCC-57DC5492595E9E0F,ANARCHI-TEST-CONTENT-13933790E35A80AF,UNADJUDICATED,NONE,,,,,DISCOVERED
ANARCHI-TEST-OCC-57DD78C46B2A9AD0,ANARCHI-TEST-CONTENT-ABD9FD3881BF0A90,UNADJUDICATED,NONE,,,,,DISCOVERED
ANARCHI-TEST-OCC-57E25E14F0367787,ANARCHI-TEST-CONTENT-3E0DBA2D1A6FD324,UNADJUDICATED,NONE,,,,,DISCOVERED
ANARCHI-TEST-OCC-580041D82FDF9F35,ANARCHI-TEST-CONTENT-DCB2D82C89411909,UNADJUDICATED,NONE,,,,,DISCOVERED
ANARCHI-TEST-OCC-58043E64FE7947AF,ANARCHI-TEST-CONTENT-F57B4301AEFD3792,UNADJUDICATED,NONE,,,,,DISCOVERED
ANARCHI-TEST-OCC-5810F74F2A32AC67,ANARCHI-TEST-CONTENT-508980BFBBF4BE9E,UNADJUDICATED,NONE,,,,,DISCOVERED
ANARCHI-TEST-OCC-58226E3FD8462596,ANARCHI-TEST-CONTENT-FF5C8749B626C6B8,UNADJUDICATED,NONE,,,,,DISCOVERED
ANARCHI-TEST-OCC-583EAD1F97FE38C7,ANARCHI-TEST-CONTENT-04261F5B3DDCE0C3,UNADJUDICATED,NONE,,,,,DISCOVERED
ANARCHI-TEST-OCC-58623BA54D180925,ANARCHI-TEST-CONTENT-DF983F7EB657A3A3,UNADJUDICATED,NONE,,,,,DISCOVERED
ANARCHI-TEST-OCC-587DE1D887E3D580,ANARCHI-TEST-CONTENT-9158FFBC96E70A52,UNADJUDICATED,NONE,,,,,DISCOVERED
ANARCHI-TEST-OCC-588D88CA8FEA5B26,ANARCHI-TEST-CONTENT-D676970BF4AF250A,UNADJUDICATED,NONE,,,,,DISCOVERED
ANARCHI-TEST-OCC-589120F098DFEE4D,ANARCHI-TEST-CONTENT-259B090D2B9A9E3D,UNADJUDICATED,NONE,,,,,DISCOVERED
ANARCHI-TEST-OCC-589CBF0C2E671406,ANARCHI-TEST-CONTENT-626181754789E0F9,UNADJUDICATED,NONE,,,,,DISCOVERED
ANARCHI-TEST-OCC-58A78D45BADC01F1,ANARCHI-TEST-CONTENT-1A1F2114DD61145B,UNADJUDICATED,NONE,,,,,DISCOVERED
ANARCHI-TEST-OCC-58BF837F56A0D371,ANARCHI-TEST-CONTENT-8AA2193BEB67D531,UNADJUDICATED,NONE,,,,,DISCOVERED
ANARCHI-TEST-OCC-58C6CEBE6953B757,ANARCHI-TEST-CONTENT-9964C87CA0143F7B,UNADJUDICATED,NONE,,,,,DISCOVERED
ANARCHI-TEST-OCC-58CFF30DAA7D3A4B,ANARCHI-TEST-CONTENT-FA27E8BE64DF87E4,UNADJUDICATED,NONE,,,,,DISCOVERED
ANARCHI-TEST-OCC-58E227627F398115,ANARCHI-TEST-CONTENT-EDE39D1F2A1B5CCB,UNADJUDICATED,NONE,,,,,DISCOVERED
ANARCHI-TEST-OCC-58E4F67A8ED2B609,ANARCHI-TEST-CONTENT-583499E6748A010E,UNADJUDICATED,NONE,,,,,DISCOVERED
ANARCHI-TEST-OCC-58EC80040B16FC91,ANARCHI-TEST-CONTENT-D48211CA51B7F73E,UNADJUDICATED,NONE,,,,,DISCOVERED
ANARCHI-TEST-OCC-5904C2B82B453CCD,ANARCHI-TEST-CONTENT-3E6A954B13DC3FDD,UNADJUDICATED,NONE,,,,,DISCOVERED
ANARCHI-TEST-OCC-5913653C67A12F15,ANARCHI-TEST-CONTENT-6ABC1EAB725D375E,UNADJUDICATED,NONE,,,,,DISCOVERED
ANARCHI-TEST-OCC-591F13C5E12DAA03,ANARCHI-TEST-CONTENT-E23F78ADCFF4C99B,UNADJUDICATED,NONE,,,,,DISCOVERED
ANARCHI-TEST-OCC-592E31689D41115D,ANARCHI-TEST-CONTENT-CB138B82D2A0185D,UNADJUDICATED,NONE,,,,,DISCOVERED
ANARCHI-TEST-OCC-59334407F4D3C852,ANARCHI-TEST-CONTENT-73F8190E939BFBC4,UNADJUDICATED,NONE,,,,,DISCOVERED
ANARCHI-TEST-OCC-594A50CA83D541CE,ANARCHI-TEST-CONTENT-BF69C8DCA91AE25F,UNADJUDICATED,NONE,,,,,DISCOVERED
ANARCHI-TEST-OCC-59661C4532F9A02A,ANARCHI-TEST-CONTENT-15ECBB5426126E11,UNADJUDICATED,NONE,,,,,DISCOVERED
ANARCHI-TEST-OCC-5967BFEA64B0CEAB,ANARCHI-TEST-CONTENT-7136C315FF4D3807,UNADJUDICATED,NONE,,,,,DISCOVERED
ANARCHI-TEST-OCC-59721C65D4C99B6E,ANARCHI-TEST-CONTENT-B63F92A1CBDD20FE,UNADJUDICATED,NONE,,,,,DISCOVERED
ANARCHI-TEST-OCC-597903CF59FDFC82,ANARCHI-TEST-CONTENT-13ECCDA4C957D36C,UNADJUDICATED,NONE,,,,,DISCOVERED
ANARCHI-TEST-OCC-5984CD277AF55A78,ANARCHI-TEST-CONTENT-B1AA3BE28D4FC983,UNADJUDICATED,NONE,,,,,DISCOVERED
ANARCHI-TEST-OCC-598D86C9ACE9085D,ANARCHI-TEST-CONTENT-15E5620EB5083486,UNADJUDICATED,NONE,,,,,DISCOVERED
ANARCHI-TEST-OCC-59B3E901C141BC3B,ANARCHI-TEST-CONTENT-AA85853C48F29B98,UNADJUDICATED,NONE,,,,,DISCOVERED
ANARCHI-TEST-OCC-59C4D20B6B34921E,ANARCHI-TEST-CONTENT-15EC0CCBE86A0910,UNADJUDICATED,NONE,,,,,DISCOVERED
ANARCHI-TEST-OCC-59C95DE339033F2C,ANARCHI-TEST-CONTENT-9D4598790775405F,UNADJUDICATED,NONE,,,,,DISCOVERED
ANARCHI-TEST-OCC-59DC443EBAC00C16,ANARCHI-TEST-CONTENT-5D088B90EB722CB1,UNADJUDICATED,NONE,,,,,DISCOVERED
ANARCHI-TEST-OCC-59E2A5CD07E920EB,ANARCHI-TEST-CONTENT-8D2C60816FBFAA58,UNADJUDICATED,NONE,,,,,DISCOVERED
ANARCHI-TEST-OCC-59F39FCBAA6BB22B,ANARCHI-TEST-CONTENT-04261F5B3DDCE0C3,UNADJUDICATED,NONE,,,,,DISCOVERED
ANARCHI-TEST-OCC-5A1FB742D1ADA3A9,ANARCHI-TEST-CONTENT-072FAF431B47FC4C,UNADJUDICATED,NONE,,,,,DISCOVERED
ANARCHI-TEST-OCC-5A20FCFD8035E355,ANARCHI-TEST-CONTENT-7EC0E68D9BCA6DB4,UNADJUDICATED,NONE,,,,,DISCOVERED
ANARCHI-TEST-OCC-5A29FAB63213AB67,ANARCHI-TEST-CONTENT-E3B0C44298FC1C14,UNADJUDICATED,NONE,,,,,DISCOVERED
ANARCHI-TEST-OCC-5A2AD49B6201B6F9,ANARCHI-TEST-CONTENT-82C1FE3F3E2A2056,UNADJUDICATED,NONE,,,,,DISCOVERED
ANARCHI-TEST-OCC-5A2F49E0F55EF74E,ANARCHI-TEST-CONTENT-C24BE3CCD3F5207F,UNADJUDICATED,NONE,,,,,DISCOVERED
ANARCHI-TEST-OCC-5A2F6B5623FE38A9,ANARCHI-TEST-CONTENT-3E0DBA2D1A6FD324,UNADJUDICATED,NONE,,,,,DISCOVERED
ANARCHI-TEST-OCC-5A385FB0A148C330,ANARCHI-TEST-CONTENT-3E0DBA2D1A6FD324,UNADJUDICATED,NONE,,,,,DISCOVERED
ANARCHI-TEST-OCC-5A43418C19F93CCD,ANARCHI-TEST-CONTENT-663E163E44FE2A55,UNADJUDICATED,NONE,,,,,DISCOVERED
ANARCHI-TEST-OCC-5A4A173671FF76D9,ANARCHI-TEST-CONTENT-9A9205AC455F5111,UNADJUDICATED,NONE,,,,,DISCOVERED
ANARCHI-TEST-OCC-5A589CDB9EDD5D17,ANARCHI-TEST-CONTENT-20EA93C8FE514CE7,UNADJUDICATED,NONE,,,,,DISCOVERED
ANARCHI-TEST-OCC-5A67391E0E28489C,ANARCHI-TEST-CONTENT-AEDBC71160BEE296,UNADJUDICATED,NONE,,,,,DISCOVERED
ANARCHI-TEST-OCC-5A91CE19D3C9611C,ANARCHI-TEST-CONTENT-103F4F46F192AF5D,UNADJUDICATED,NONE,,,,,DISCOVERED
ANARCHI-TEST-OCC-5AB10EAFB765387E,ANARCHI-TEST-CONTENT-28F40DE7298C1B3E,UNADJUDICATED,NONE,,,,,DISCOVERED
ANARCHI-TEST-OCC-5AB8B75C1E07B4E8,ANARCHI-TEST-CONTENT-C18B4788CCE5E00C,UNADJUDICATED,NONE,,,,,DISCOVERED
ANARCHI-TEST-OCC-5AD26C9B416828A4,ANARCHI-TEST-CONTENT-0247370919204E0F,UNADJUDICATED,NONE,,,,,DISCOVERED
ANARCHI-TEST-OCC-5AE36B9D274D6082,ANARCHI-TEST-CONTENT-E3B0C44298FC1C14,UNADJUDICATED,NONE,,,,,DISCOVERED
ANARCHI-TEST-OCC-5B0BE1E109F0CF37,ANARCHI-TEST-CONTENT-56D2B6C476BB6D70,UNADJUDICATED,NONE,,,,,DISCOVERED
ANARCHI-TEST-OCC-5B1DC11BDD7587E6,ANARCHI-TEST-CONTENT-F4454BD7278190E1,UNADJUDICATED,NONE,,,,,DISCOVERED
ANARCHI-TEST-OCC-5B295949999CE951,ANARCHI-TEST-CONTENT-83375C48539BB83C,UNADJUDICATED,NONE,,,,,DISCOVERED
ANARCHI-TEST-OCC-5B6D57A0457E3EDA,ANARCHI-TEST-CONTENT-0F02942929784AB7,UNADJUDICATED,NONE,,,,,DISCOVERED
ANARCHI-TEST-OCC-5B842932ED0AD88D,ANARCHI-TEST-CONTENT-12098571044671C2,UNADJUDICATED,NONE,,,,,DISCOVERED
ANARCHI-TEST-OCC-5B8968B45CBC1FEC,ANARCHI-TEST-CONTENT-4633624D6EC5EBE5,UNADJUDICATED,NONE,,,,,DISCOVERED
ANARCHI-TEST-OCC-5BA0F7906418B1F0,ANARCHI-TEST-CONTENT-E3B0C44298FC1C14,UNADJUDICATED,NONE,,,,,DISCOVERED
ANARCHI-TEST-OCC-5BA569F3AEBC7624,ANARCHI-TEST-CONTENT-05E8B9CF3F0A8330,UNADJUDICATED,NONE,,,,,DISCOVERED
ANARCHI-TEST-OCC-5BB0EBC2E88C098F,ANARCHI-TEST-CONTENT-2E7E4E4309C46185,UNADJUDICATED,NONE,,,,,DISCOVERED
ANARCHI-TEST-OCC-5BD6E13023C35833,ANARCHI-TEST-CONTENT-1AD796B5A7AC7C12,UNADJUDICATED,NONE,,,,,DISCOVERED
ANARCHI-TEST-OCC-5BFDF3E5BB3AF8B0,ANARCHI-TEST-CONTENT-C4BE3FDC921B1C12,UNADJUDICATED,NONE,,,,,DISCOVERED
ANARCHI-TEST-OCC-5C166D959AAC284F,ANARCHI-TEST-CONTENT-A539C6280CC2DC90,UNADJUDICATED,NONE,,,,,DISCOVERED
ANARCHI-TEST-OCC-5C1F3B97C4B0F90E,ANARCHI-TEST-CONTENT-996817F0C1FF6BE9,UNADJUDICATED,NONE,,,,,DISCOVERED
ANARCHI-TEST-OCC-5C2DF39D347BCB6E,ANARCHI-TEST-CONTENT-7801033E59D590A7,UNADJUDICATED,NONE,,,,,DISCOVERED
ANARCHI-TEST-OCC-5C39542126C68374,ANARCHI-TEST-CONTENT-06CDAC7A4743272C,UNADJUDICATED,NONE,,,,,DISCOVERED
ANARCHI-TEST-OCC-5C51C728C8AFB1F7,ANARCHI-TEST-CONTENT-05B3F2F977F21F02,UNADJUDICATED,NONE,,,,,DISCOVERED
ANARCHI-TEST-OCC-5C58921D64140A18,ANARCHI-TEST-CONTENT-DE294270059894A8,UNADJUDICATED,NONE,,,,,DISCOVERED
ANARCHI-TEST-OCC-5C58F0667124A051,ANARCHI-TEST-CONTENT-1E6B352A5FB035FD,UNADJUDICATED,NONE,,,,,DISCOVERED
ANARCHI-TEST-OCC-5C5F26C77E3DA93B,ANARCHI-TEST-CONTENT-D91BE55178311C72,UNADJUDICATED,NONE,,,,,DISCOVERED
ANARCHI-TEST-OCC-5C64DDAEDAC4BA13,ANARCHI-TEST-CONTENT-9F899DE43BFB4285,UNADJUDICATED,NONE,,,,,DISCOVERED
ANARCHI-TEST-OCC-5C6DD1E10AFE955D,ANARCHI-TEST-CONTENT-7C4CA2333B1678AD,UNADJUDICATED,NONE,,,,,DISCOVERED
ANARCHI-TEST-OCC-5C725985381A0D1B,ANARCHI-TEST-CONTENT-E3B0C44298FC1C14,UNADJUDICATED,NONE,,,,,DISCOVERED
ANARCHI-TEST-OCC-5C980A34D1B67AD3,ANARCHI-TEST-CONTENT-5A87833252643BDB,UNADJUDICATED,NONE,,,,,DISCOVERED
ANARCHI-TEST-OCC-5CBD1B8E79E74D9C,ANARCHI-TEST-CONTENT-42750DAF729F8697,UNADJUDICATED,NONE,,,,,DISCOVERED
ANARCHI-TEST-OCC-5CC32EA9EA613D30,ANARCHI-TEST-CONTENT-11B9B1DCCA48CC9B,UNADJUDICATED,NONE,,,,,DISCOVERED
ANARCHI-TEST-OCC-5CC9ED85407DAE72,ANARCHI-TEST-CONTENT-0672B536BCE109D6,UNADJUDICATED,NONE,,,,,DISCOVERED
ANARCHI-TEST-OCC-5CD98B6A5B4B04EE,ANARCHI-TEST-CONTENT-BA743A130F354821,UNADJUDICATED,NONE,,,,,DISCOVERED
ANARCHI-TEST-OCC-5CEFF541280526E3,ANARCHI-TEST-CONTENT-D48211CA51B7F73E,UNADJUDICATED,NONE,,,,,DISCOVERED
ANARCHI-TEST-OCC-5D081BFC7B343A7B,ANARCHI-TEST-CONTENT-4E4FCC0D22A5C578,UNADJUDICATED,NONE,,,,,DISCOVERED
ANARCHI-TEST-OCC-5D0F113189D1FD87,ANARCHI-TEST-CONTENT-79CB38C04AFD4D8D,UNADJUDICATED,NONE,,,,,DISCOVERED
ANARCHI-TEST-OCC-5D1C65C12464707A,ANARCHI-TEST-CONTENT-DCB2D82C89411909,UNADJUDICATED,NONE,,,,,DISCOVERED
ANARCHI-TEST-OCC-5D279D13150AC2FB,ANARCHI-TEST-CONTENT-9A8D3B771F822209,UNADJUDICATED,NONE,,,,,DISCOVERED
ANARCHI-TEST-OCC-5D3DC6A48E1CC97A,ANARCHI-TEST-CONTENT-8373F5C622506DBE,UNADJUDICATED,NONE,,,,,DISCOVERED
ANARCHI-TEST-OCC-5D403D05C77BAA0C,ANARCHI-TEST-CONTENT-67016BA1F762C39B,UNADJUDICATED,NONE,,,,,DISCOVERED
ANARCHI-TEST-OCC-5D44AA4FB5C30553,ANARCHI-TEST-CONTENT-9619C93E3973D536,UNADJUDICATED,NONE,,,,,DISCOVERED
ANARCHI-TEST-OCC-5D48D2A5E6FEB1CC,ANARCHI-TEST-CONTENT-F5D4D3F848D97411,UNADJUDICATED,NONE,,,,,DISCOVERED
ANARCHI-TEST-OCC-5D5F5059E47687C0,ANARCHI-TEST-CONTENT-899A3E472EDBF905,UNADJUDICATED,NONE,,,,,DISCOVERED
ANARCHI-TEST-OCC-5D6856AD2067DE1E,ANARCHI-TEST-CONTENT-5037619B0B9E12E1,UNADJUDICATED,NONE,,,,,DISCOVERED
ANARCHI-TEST-OCC-5D847B8CB57E8732,ANARCHI-TEST-CONTENT-043F9BE9EF49CACF,UNADJUDICATED,NONE,,,,,DISCOVERED
ANARCHI-TEST-OCC-5D89B8F0B5616A6D,ANARCHI-TEST-CONTENT-4DA06DED58AA6BE6,UNADJUDICATED,NONE,,,,,DISCOVERED
ANARCHI-TEST-OCC-5D90730E49BF0B96,ANARCHI-TEST-CONTENT-48EC838522D1977C,UNADJUDICATED,NONE,,,,,DISCOVERED
ANARCHI-TEST-OCC-5D953337DA73D13A,ANARCHI-TEST-CONTENT-F514883BAD06A84C,UNADJUDICATED,NONE,,,,,DISCOVERED
ANARCHI-TEST-OCC-5DAD4C3823FA93FB,ANARCHI-TEST-CONTENT-D05A5855B6E5A61C,UNADJUDICATED,NONE,,,,,DISCOVERED
ANARCHI-TEST-OCC-5DD88B2B167FC780,ANARCHI-TEST-CONTENT-F5D4D3F848D97411,UNADJUDICATED,NONE,,,,,DISCOVERED
ANARCHI-TEST-OCC-5DEEF281972AC6AC,ANARCHI-TEST-CONTENT-D48211CA51B7F73E,UNADJUDICATED,NONE,,,,,DISCOVERED
ANARCHI-TEST-OCC-5E1011490BD0BD4F,ANARCHI-TEST-CONTENT-D8FB5D79E26D0FAA,UNADJUDICATED,NONE,,,,,DISCOVERED
ANARCHI-TEST-OCC-5E10E269ACB6CE3D,ANARCHI-TEST-CONTENT-2395D49796585126,UNADJUDICATED,NONE,,,,,DISCOVERED
ANARCHI-TEST-OCC-5E18B04B47D31915,ANARCHI-TEST-CONTENT-AE18602A93A4E765,UNADJUDICATED,NONE,,,,,DISCOVERED
ANARCHI-TEST-OCC-5E1FB368FC5239B4,ANARCHI-TEST-CONTENT-766B0C08F564E7A1,UNADJUDICATED,NONE,,,,,DISCOVERED
ANARCHI-TEST-OCC-5E30B82CF1BE2410,ANARCHI-TEST-CONTENT-53368E62A34E5A34,UNADJUDICATED,NONE,,,,,DISCOVERED
ANARCHI-TEST-OCC-5E3B43D82008545C,ANARCHI-TEST-CONTENT-678E2F35232EC761,UNADJUDICATED,NONE,,,,,DISCOVERED
ANARCHI-TEST-OCC-5E46EB16CA446E00,ANARCHI-TEST-CONTENT-5A962D772F9CE11E,UNADJUDICATED,NONE,,,,,DISCOVERED
ANARCHI-TEST-OCC-5E602323ECA6E64A,ANARCHI-TEST-CONTENT-55D33FD2FA743523,UNADJUDICATED,NONE,,,,,DISCOVERED
ANARCHI-TEST-OCC-5E6625E4352BA13C,ANARCHI-TEST-CONTENT-220D11B3E1CA323E,UNADJUDICATED,NONE,,,,,DISCOVERED
ANARCHI-TEST-OCC-5E878562E8A89E75,ANARCHI-TEST-CONTENT-AAE2855291143DFB,UNADJUDICATED,NONE,,,,,DISCOVERED
ANARCHI-TEST-OCC-5E930051F28C910F,ANARCHI-TEST-CONTENT-87057E30E173BEF2,UNADJUDICATED,NONE,,,,,DISCOVERED
ANARCHI-TEST-OCC-5EAB6B1EE9B4F8AF,ANARCHI-TEST-CONTENT-05B3F2F977F21F02,UNADJUDICATED,NONE,,,,,DISCOVERED
ANARCHI-TEST-OCC-5EC5A4DAA5DB1CDE,ANARCHI-TEST-CONTENT-BEAC04F45398C511,UNADJUDICATED,NONE,,,,,DISCOVERED
ANARCHI-TEST-OCC-5EE3BF86A9922736,ANARCHI-TEST-CONTENT-08B1969773CFB619,UNADJUDICATED,NONE,,,,,DISCOVERED
ANARCHI-TEST-OCC-5EEB4636E42EF8E4,ANARCHI-TEST-CONTENT-32480F004CC641DF,UNADJUDICATED,NONE,,,,,DISCOVERED
ANARCHI-TEST-OCC-5F0C5EC4547185F3,ANARCHI-TEST-CONTENT-0A9967C34E8A8BDE,UNADJUDICATED,NONE,,,,,DISCOVERED
ANARCHI-TEST-OCC-5F2FD37F6EE8BDCA,ANARCHI-TEST-CONTENT-F514883BAD06A84C,UNADJUDICATED,NONE,,,,,DISCOVERED
ANARCHI-TEST-OCC-5F3879E6AE41172A,ANARCHI-TEST-CONTENT-1E39663D65FDD026,UNADJUDICATED,NONE,,,,,DISCOVERED
ANARCHI-TEST-OCC-5F4EC680F48C8BB0,ANARCHI-TEST-CONTENT-04261F5B3DDCE0C3,UNADJUDICATED,NONE,,,,,DISCOVERED
ANARCHI-TEST-OCC-5F67DF05A98E66C6,ANARCHI-TEST-CONTENT-E90956CF9DAA5B03,UNADJUDICATED,NONE,,,,,DISCOVERED
ANARCHI-TEST-OCC-5F68CFB96B1B6224,ANARCHI-TEST-CONTENT-E3B0C44298FC1C14,UNADJUDICATED,NONE,,,,,DISCOVERED
ANARCHI-TEST-OCC-5F709DE08B9A7172,ANARCHI-TEST-CONTENT-392E72662A72F9B3,UNADJUDICATED,NONE,,,,,DISCOVERED
ANARCHI-TEST-OCC-5FC46B862E6F391B,ANARCHI-TEST-CONTENT-ABFB43134B86BE51,UNADJUDICATED,NONE,,,,,DISCOVERED
ANARCHI-TEST-OCC-5FD7C20EB35CFF72,ANARCHI-TEST-CONTENT-1845F31C7791E45D,UNADJUDICATED,NONE,,,,,DISCOVERED
ANARCHI-TEST-OCC-5FE66891C387D8C6,ANARCHI-TEST-CONTENT-013F63BF20722A99,UNADJUDICATED,NONE,,,,,DISCOVERED
ANARCHI-TEST-OCC-5FF79C9F699F5EC5,ANARCHI-TEST-CONTENT-33EBC5E9F9ADA0F4,UNADJUDICATED,NONE,,,,,DISCOVERED
ANARCHI-TEST-OCC-6007C2E6C5B7BF30,ANARCHI-TEST-CONTENT-D48211CA51B7F73E,UNADJUDICATED,NONE,,,,,DISCOVERED
ANARCHI-TEST-OCC-601246DA2495E624,ANARCHI-TEST-CONTENT-39877602699002D7,UNADJUDICATED,NONE,,,,,DISCOVERED
ANARCHI-TEST-OCC-6019D7861C373E7D,ANARCHI-TEST-CONTENT-303651C98C60AFD0,UNADJUDICATED,NONE,,,,,DISCOVERED
ANARCHI-TEST-OCC-60273EF97522FD53,ANARCHI-TEST-CONTENT-01BA4719C80B6FE9,UNADJUDICATED,NONE,,,,,DISCOVERED
ANARCHI-TEST-OCC-60295D7F92FE1B00,ANARCHI-TEST-CONTENT-D5787BF3FF216EFF,UNADJUDICATED,NONE,,,,,DISCOVERED
ANARCHI-TEST-OCC-602AC7EAC88E93C8,ANARCHI-TEST-CONTENT-61E2D263A0FD1342,UNADJUDICATED,NONE,,,,,DISCOVERED
ANARCHI-TEST-OCC-602F7C77F83E9A18,ANARCHI-TEST-CONTENT-5540918263F9B94D,UNADJUDICATED,NONE,,,,,DISCOVERED
ANARCHI-TEST-OCC-603A03D36B80B9B2,ANARCHI-TEST-CONTENT-AA85853C48F29B98,UNADJUDICATED,NONE,,,,,DISCOVERED
ANARCHI-TEST-OCC-603CDE85A3FE2AB4,ANARCHI-TEST-CONTENT-C79DC39563510869,UNADJUDICATED,NONE,,,,,DISCOVERED
ANARCHI-TEST-OCC-603F3244F4647A6C,ANARCHI-TEST-CONTENT-948DBB1D5C5D9310,UNADJUDICATED,NONE,,,,,DISCOVERED
ANARCHI-TEST-OCC-604D8AB641106047,ANARCHI-TEST-CONTENT-172C4D50951CFF0A,UNADJUDICATED,NONE,,,,,DISCOVERED
ANARCHI-TEST-OCC-6064D02FA56C5EC9,ANARCHI-TEST-CONTENT-CE1A88491AA458B4,UNADJUDICATED,NONE,,,,,DISCOVERED
ANARCHI-TEST-OCC-6065CECA5267B62F,ANARCHI-TEST-CONTENT-24657B6C497EACBF,UNADJUDICATED,NONE,,,,,DISCOVERED
ANARCHI-TEST-OCC-607AF2D393B7848A,ANARCHI-TEST-CONTENT-D1E0AE9AAED5ED1B,UNADJUDICATED,NONE,,,,,DISCOVERED
ANARCHI-TEST-OCC-609DF8C120B749EB,ANARCHI-TEST-CONTENT-5FC2BFAD74B53972,UNADJUDICATED,NONE,,,,,DISCOVERED
ANARCHI-TEST-OCC-60D19C14F5138B76,ANARCHI-TEST-CONTENT-15ECBB5426126E11,UNADJUDICATED,NONE,,,,,DISCOVERED
ANARCHI-TEST-OCC-60D8E8E41BA5CEFA,ANARCHI-TEST-CONTENT-816800BD8FC901FC,UNADJUDICATED,NONE,,,,,DISCOVERED
ANARCHI-TEST-OCC-60E098234201D932,ANARCHI-TEST-CONTENT-8CCB7D84DF7999D8,UNADJUDICATED,NONE,,,,,DISCOVERED
ANARCHI-TEST-OCC-60E85141D9AE80E1,ANARCHI-TEST-CONTENT-9CDE37FE153ACBC5,UNADJUDICATED,NONE,,,,,DISCOVERED
ANARCHI-TEST-OCC-60FE13DC61E7A0AC,ANARCHI-TEST-CONTENT-84D087EBA84FFF7D,UNADJUDICATED,NONE,,,,,DISCOVERED
ANARCHI-TEST-OCC-6103B2B0A1AD8554,ANARCHI-TEST-CONTENT-6BC707910BA7E003,UNADJUDICATED,NONE,,,,,DISCOVERED
ANARCHI-TEST-OCC-61563A43BB8A8DC2,ANARCHI-TEST-CONTENT-091D628FAD37F5C1,UNADJUDICATED,NONE,,,,,DISCOVERED
ANARCHI-TEST-OCC-61586D6ECE589704,ANARCHI-TEST-CONTENT-F2EBA3E9795AB4DC,UNADJUDICATED,NONE,,,,,DISCOVERED
ANARCHI-TEST-OCC-61711E8EB522EAC3,ANARCHI-TEST-CONTENT-E1233F17AFF431B4,UNADJUDICATED,NONE,,,,,DISCOVERED
ANARCHI-TEST-OCC-6175B4D5F6CFB3E4,ANARCHI-TEST-CONTENT-B80F12AF0DB6E7CC,UNADJUDICATED,NONE,,,,,DISCOVERED
ANARCHI-TEST-OCC-6177E4B3FD985E1B,ANARCHI-TEST-CONTENT-87047038D73D71E7,UNADJUDICATED,NONE,,,,,DISCOVERED
ANARCHI-TEST-OCC-618A2E3584272BB3,ANARCHI-TEST-CONTENT-C1CD043AC1A8FAA1,UNADJUDICATED,NONE,,,,,DISCOVERED
ANARCHI-TEST-OCC-61A609AD493BD813,ANARCHI-TEST-CONTENT-A215CF3CC2B24513,UNADJUDICATED,NONE,,,,,DISCOVERED
ANARCHI-TEST-OCC-61AEE1B9B3EEF3A9,ANARCHI-TEST-CONTENT-6D843F83AB070365,UNADJUDICATED,NONE,,,,,DISCOVERED
ANARCHI-TEST-OCC-61D655D66D09286B,ANARCHI-TEST-CONTENT-6DDB08B2A2531490,UNADJUDICATED,NONE,,,,,DISCOVERED
ANARCHI-TEST-OCC-61DAF10DDC4980D5,ANARCHI-TEST-CONTENT-4B9C67E50F5D323F,UNADJUDICATED,NONE,,,,,DISCOVERED
ANARCHI-TEST-OCC-61EA6A83C64660F7,ANARCHI-TEST-CONTENT-1E91203B4E157A40,UNADJUDICATED,NONE,,,,,DISCOVERED
ANARCHI-TEST-OCC-61F6001CFBB17AAB,ANARCHI-TEST-CONTENT-1973385003A7AC55,UNADJUDICATED,NONE,,,,,DISCOVERED
ANARCHI-TEST-OCC-61FF4CC0FF33592D,ANARCHI-TEST-CONTENT-1FEECCD1D4CE286F,UNADJUDICATED,NONE,,,,,DISCOVERED
ANARCHI-TEST-OCC-620E96B099B18694,ANARCHI-TEST-CONTENT-B4981AA4BBAED5F7,UNADJUDICATED,NONE,,,,,DISCOVERED
ANARCHI-TEST-OCC-6221B66E2F51A23E,ANARCHI-TEST-CONTENT-C8FA9221F4F2B5D8,UNADJUDICATED,NONE,,,,,DISCOVERED
ANARCHI-TEST-OCC-62320E44379401D5,ANARCHI-TEST-CONTENT-D6167DF0F4C6B0E4,UNADJUDICATED,NONE,,,,,DISCOVERED
ANARCHI-TEST-OCC-623F1C894CE05DF8,ANARCHI-TEST-CONTENT-B04BE15F0B3DDB43,UNADJUDICATED,NONE,,,,,DISCOVERED
ANARCHI-TEST-OCC-6248A6D48B76E1E9,ANARCHI-TEST-CONTENT-BD8325393B98BDFF,UNADJUDICATED,NONE,,,,,DISCOVERED
ANARCHI-TEST-OCC-62749C6AF5F3ADF7,ANARCHI-TEST-CONTENT-B4ABFF2AE7E955CE,UNADJUDICATED,NONE,,,,,DISCOVERED
ANARCHI-TEST-OCC-628DC80043B9216E,ANARCHI-TEST-CONTENT-E109E35163803009,UNADJUDICATED,NONE,,,,,DISCOVERED
ANARCHI-TEST-OCC-62947813EEEAAD97,ANARCHI-TEST-CONTENT-4E036964EB4A01F5,UNADJUDICATED,NONE,,,,,DISCOVERED
ANARCHI-TEST-OCC-6298EBEF96C3E872,ANARCHI-TEST-CONTENT-AABF0B11496B053C,UNADJUDICATED,NONE,,,,,DISCOVERED
ANARCHI-TEST-OCC-629F72158A0AF885,ANARCHI-TEST-CONTENT-AB891A5A36F54485,UNADJUDICATED,NONE,,,,,DISCOVERED
ANARCHI-TEST-OCC-62A8F6E758D941C5,ANARCHI-TEST-CONTENT-32480F004CC641DF,UNADJUDICATED,NONE,,,,,DISCOVERED
ANARCHI-TEST-OCC-62B200B5384B463C,ANARCHI-TEST-CONTENT-CFA1E3DFD1F93173,UNADJUDICATED,NONE,,,,,DISCOVERED
ANARCHI-TEST-OCC-62BFEC81F3E247FF,ANARCHI-TEST-CONTENT-9C741049F2FA6AAF,UNADJUDICATED,NONE,,,,,DISCOVERED
ANARCHI-TEST-OCC-62C0694A0ED49783,ANARCHI-TEST-CONTENT-0598DDAD9F85D508,UNADJUDICATED,NONE,,,,,DISCOVERED
ANARCHI-TEST-OCC-62C934AB9287D4A8,ANARCHI-TEST-CONTENT-15E5620EB5083486,UNADJUDICATED,NONE,,,,,DISCOVERED
ANARCHI-TEST-OCC-62EB0A605380A1AD,ANARCHI-TEST-CONTENT-5989E6CA42669E1F,UNADJUDICATED,NONE,,,,,DISCOVERED
ANARCHI-TEST-OCC-62EE43DE3F424AB5,ANARCHI-TEST-CONTENT-7B91FA6AFDE2A0E9,UNADJUDICATED,NONE,,,,,DISCOVERED
ANARCHI-TEST-OCC-62EFBE2F5A8D4D1D,ANARCHI-TEST-CONTENT-71DEA851A2F482EB,UNADJUDICATED,NONE,,,,,DISCOVERED
ANARCHI-TEST-OCC-631255CA78B9284B,ANARCHI-TEST-CONTENT-E3B0C44298FC1C14,UNADJUDICATED,NONE,,,,,DISCOVERED
ANARCHI-TEST-OCC-63392B597B0FE20E,ANARCHI-TEST-CONTENT-A50931862F289050,UNADJUDICATED,NONE,,,,,DISCOVERED
ANARCHI-TEST-OCC-63490F6AE47734C7,ANARCHI-TEST-CONTENT-971A0C0ECDC3C04F,UNADJUDICATED,NONE,,,,,DISCOVERED
ANARCHI-TEST-OCC-63A64AD5ECE93F80,ANARCHI-TEST-CONTENT-ECD515F361772BFE,UNADJUDICATED,NONE,,,,,DISCOVERED
ANARCHI-TEST-OCC-63ACBCD0646D3E4F,ANARCHI-TEST-CONTENT-2547AA509569E2F9,UNADJUDICATED,NONE,,,,,DISCOVERED
ANARCHI-TEST-OCC-63B76C46DF60983E,ANARCHI-TEST-CONTENT-41B7B2D99BD4C0E2,UNADJUDICATED,NONE,,,,,DISCOVERED
ANARCHI-TEST-OCC-63BCFB960EA2206A,ANARCHI-TEST-CONTENT-D48211CA51B7F73E,UNADJUDICATED,NONE,,,,,DISCOVERED
ANARCHI-TEST-OCC-63BF8DA6E63851E5,ANARCHI-TEST-CONTENT-6D214E8DBB722029,UNADJUDICATED,NONE,,,,,DISCOVERED
ANARCHI-TEST-OCC-63E8F24976C733A6,ANARCHI-TEST-CONTENT-C03EAF78C7CBB14B,UNADJUDICATED,NONE,,,,,DISCOVERED
ANARCHI-TEST-OCC-6479C6B163774074,ANARCHI-TEST-CONTENT-29C8305BF6BB2FC6,UNADJUDICATED,NONE,,,,,DISCOVERED
ANARCHI-TEST-OCC-648824070FD0130D,ANARCHI-TEST-CONTENT-448444606CD07A21,UNADJUDICATED,NONE,,,,,DISCOVERED
ANARCHI-TEST-OCC-64886C3F0632E282,ANARCHI-TEST-CONTENT-F514883BAD06A84C,UNADJUDICATED,NONE,,,,,DISCOVERED
ANARCHI-TEST-OCC-64896FD2006154E1,ANARCHI-TEST-CONTENT-B7277DEFA6460E2D,UNADJUDICATED,NONE,,,,,DISCOVERED
ANARCHI-TEST-OCC-649C43BB2CF53DDD,ANARCHI-TEST-CONTENT-0C9BBC09C677C70C,UNADJUDICATED,NONE,,,,,DISCOVERED
ANARCHI-TEST-OCC-649EC2F378823F28,ANARCHI-TEST-CONTENT-E3B0C44298FC1C14,UNADJUDICATED,NONE,,,,,DISCOVERED
ANARCHI-TEST-OCC-64B825551376CCE8,ANARCHI-TEST-CONTENT-E3B0C44298FC1C14,UNADJUDICATED,NONE,,,,,DISCOVERED
ANARCHI-TEST-OCC-64CD5A4F294B0CE4,ANARCHI-TEST-CONTENT-2E47991F588F5E0E,UNADJUDICATED,NONE,,,,,DISCOVERED
ANARCHI-TEST-OCC-64D9B9150AC41F6E,ANARCHI-TEST-CONTENT-B968EA92C9977578,UNADJUDICATED,NONE,,,,,DISCOVERED
ANARCHI-TEST-OCC-64E0B2D83A0152EA,ANARCHI-TEST-CONTENT-1AB2405914151FF9,UNADJUDICATED,NONE,,,,,DISCOVERED
ANARCHI-TEST-OCC-64E9EA0C29664E2C,ANARCHI-TEST-CONTENT-F90B747DB205953E,UNADJUDICATED,NONE,,,,,DISCOVERED
ANARCHI-TEST-OCC-64FCA3AB0250080C,ANARCHI-TEST-CONTENT-0A5677D0F526663D,UNADJUDICATED,NONE,,,,,DISCOVERED
ANARCHI-TEST-OCC-65097231BA8B589E,ANARCHI-TEST-CONTENT-1F8AD7D399CE6D24,UNADJUDICATED,NONE,,,,,DISCOVERED
ANARCHI-TEST-OCC-651F949553DEDAF7,ANARCHI-TEST-CONTENT-5989E6CA42669E1F,UNADJUDICATED,NONE,,,,,DISCOVERED
ANARCHI-TEST-OCC-6525AC0B8EAC4BE6,ANARCHI-TEST-CONTENT-BDC6E77C0E13A957,UNADJUDICATED,NONE,,,,,DISCOVERED
ANARCHI-TEST-OCC-6541BA8FD5D4CF5A,ANARCHI-TEST-CONTENT-2131C946A659B1AA,UNADJUDICATED,NONE,,,,,DISCOVERED
ANARCHI-TEST-OCC-655C80D24675A7A6,ANARCHI-TEST-CONTENT-D8CEC10FC9583BF3,UNADJUDICATED,NONE,,,,,DISCOVERED
ANARCHI-TEST-OCC-658B8B520C7A1A85,ANARCHI-TEST-CONTENT-E94620EC8A974E2F,UNADJUDICATED,NONE,,,,,DISCOVERED
ANARCHI-TEST-OCC-658FC54A3BD4D0A4,ANARCHI-TEST-CONTENT-514CC60D5647D087,UNADJUDICATED,NONE,,,,,DISCOVERED
ANARCHI-TEST-OCC-6596996214732B3A,ANARCHI-TEST-CONTENT-A4795D509BC78E6A,UNADJUDICATED,NONE,,,,,DISCOVERED
ANARCHI-TEST-OCC-6596E3C356C4B847,ANARCHI-TEST-CONTENT-6C5F24B4A0BD9438,UNADJUDICATED,NONE,,,,,DISCOVERED
ANARCHI-TEST-OCC-65B0A86452E0079F,ANARCHI-TEST-CONTENT-AFF28F3CDE6DEA5B,UNADJUDICATED,NONE,,,,,DISCOVERED
ANARCHI-TEST-OCC-65C021F531E0B40A,ANARCHI-TEST-CONTENT-E3D2ED7EDD2F67F9,UNADJUDICATED,NONE,,,,,DISCOVERED
ANARCHI-TEST-OCC-65E71AB4C97E1729,ANARCHI-TEST-CONTENT-6C12D0636052AC57,UNADJUDICATED,NONE,,,,,DISCOVERED
ANARCHI-TEST-OCC-6618EC925BAF350A,ANARCHI-TEST-CONTENT-E3B0C44298FC1C14,UNADJUDICATED,NONE,,,,,DISCOVERED
ANARCHI-TEST-OCC-661C3CB6CCBEDD68,ANARCHI-TEST-CONTENT-05B3F2F977F21F02,UNADJUDICATED,NONE,,,,,DISCOVERED
ANARCHI-TEST-OCC-661C6EC1579C0A88,ANARCHI-TEST-CONTENT-944C33A4BD1F1B10,UNADJUDICATED,NONE,,,,,DISCOVERED
ANARCHI-TEST-OCC-662080FC3B2791CD,ANARCHI-TEST-CONTENT-44DEC0221309E44A,UNADJUDICATED,NONE,,,,,DISCOVERED
ANARCHI-TEST-OCC-6626A666B1CFA556,ANARCHI-TEST-CONTENT-F69FD1C0329E1BFF,UNADJUDICATED,NONE,,,,,DISCOVERED
ANARCHI-TEST-OCC-663CEACFFEF37BD3,ANARCHI-TEST-CONTENT-AA85853C48F29B98,UNADJUDICATED,NONE,,,,,DISCOVERED
ANARCHI-TEST-OCC-664B90471EC9F483,ANARCHI-TEST-CONTENT-E3B896B0DFB9C180,UNADJUDICATED,NONE,,,,,DISCOVERED
ANARCHI-TEST-OCC-66862F7E5F562C47,ANARCHI-TEST-CONTENT-FF443849F2B131D6,UNADJUDICATED,NONE,,,,,DISCOVERED
ANARCHI-TEST-OCC-66D509F9969EB2C4,ANARCHI-TEST-CONTENT-C03EAF78C7CBB14B,UNADJUDICATED,NONE,,,,,DISCOVERED
ANARCHI-TEST-OCC-67140F09BAFC25D1,ANARCHI-TEST-CONTENT-8C3B78ED8AF11CE4,UNADJUDICATED,NONE,,,,,DISCOVERED
ANARCHI-TEST-OCC-6719C53464550311,ANARCHI-TEST-CONTENT-6C71755A959A2365,UNADJUDICATED,NONE,,,,,DISCOVERED
ANARCHI-TEST-OCC-6720267760A70A35,ANARCHI-TEST-CONTENT-E113A773511FDE45,UNADJUDICATED,NONE,,,,,DISCOVERED
ANARCHI-TEST-OCC-672614F6AA757DD2,ANARCHI-TEST-CONTENT-CDBC10D64E72C2C5,UNADJUDICATED,NONE,,,,,DISCOVERED
ANARCHI-TEST-OCC-6741D70201FC6702,ANARCHI-TEST-CONTENT-33EBC5E9F9ADA0F4,UNADJUDICATED,NONE,,,,,DISCOVERED
ANARCHI-TEST-OCC-6753C2195000E6B2,ANARCHI-TEST-CONTENT-84CEF9ECA4E4C09C,UNADJUDICATED,NONE,,,,,DISCOVERED
ANARCHI-TEST-OCC-677B839EBB41B34F,ANARCHI-TEST-CONTENT-6EF9B1D418F2A5C2,UNADJUDICATED,NONE,,,,,DISCOVERED
ANARCHI-TEST-OCC-677CB9635855B70D,ANARCHI-TEST-CONTENT-4A980934B7504F7F,UNADJUDICATED,NONE,,,,,DISCOVERED
ANARCHI-TEST-OCC-6783CED6D5F91CCC,ANARCHI-TEST-CONTENT-C0634E7369615DE3,UNADJUDICATED,NONE,,,,,DISCOVERED
ANARCHI-TEST-OCC-678DC7F26D620FD0,ANARCHI-TEST-CONTENT-688B357F77A8EA16,UNADJUDICATED,NONE,,,,,DISCOVERED
ANARCHI-TEST-OCC-678FC7FCEA6DFCC7,ANARCHI-TEST-CONTENT-35CEF46074292E79,UNADJUDICATED,NONE,,,,,DISCOVERED
ANARCHI-TEST-OCC-6791C8CCC2F6BEED,ANARCHI-TEST-CONTENT-3B2AB7DB24199C63,UNADJUDICATED,NONE,,,,,DISCOVERED
ANARCHI-TEST-OCC-679D51C113C16B73,ANARCHI-TEST-CONTENT-5C9C1318F33EF16E,UNADJUDICATED,NONE,,,,,DISCOVERED
ANARCHI-TEST-OCC-67B3986D49BFF595,ANARCHI-TEST-CONTENT-7DF582F73C8DA049,UNADJUDICATED,NONE,,,,,DISCOVERED
ANARCHI-TEST-OCC-67BB450ADB707468,ANARCHI-TEST-CONTENT-616A6DB38A564A26,UNADJUDICATED,NONE,,,,,DISCOVERED
ANARCHI-TEST-OCC-67D0F481D4476C43,ANARCHI-TEST-CONTENT-8442A88F4B776D34,UNADJUDICATED,NONE,,,,,DISCOVERED
ANARCHI-TEST-OCC-67D610C5B88A82B6,ANARCHI-TEST-CONTENT-7245872B04058803,UNADJUDICATED,NONE,,,,,DISCOVERED
ANARCHI-TEST-OCC-680E63FF9858F314,ANARCHI-TEST-CONTENT-4693D7061E018FEE,UNADJUDICATED,NONE,,,,,DISCOVERED
ANARCHI-TEST-OCC-684582F558DF4473,ANARCHI-TEST-CONTENT-2CA56C01A46CC918,UNADJUDICATED,NONE,,,,,DISCOVERED
ANARCHI-TEST-OCC-685375731490D19A,ANARCHI-TEST-CONTENT-42CBEB606342C984,UNADJUDICATED,NONE,,,,,DISCOVERED
ANARCHI-TEST-OCC-6864142DEB229FA1,ANARCHI-TEST-CONTENT-AA99CD7710BA3C41,UNADJUDICATED,NONE,,,,,DISCOVERED
ANARCHI-TEST-OCC-688FCA3C854F691C,ANARCHI-TEST-CONTENT-E3B0C44298FC1C14,UNADJUDICATED,NONE,,,,,DISCOVERED
ANARCHI-TEST-OCC-68A8C56EA6B4967A,ANARCHI-TEST-CONTENT-9EFB1485ED3F839C,UNADJUDICATED,NONE,,,,,DISCOVERED
ANARCHI-TEST-OCC-68BA0E91658473CA,ANARCHI-TEST-CONTENT-D47F7BE4C23AB2AE,UNADJUDICATED,NONE,,,,,DISCOVERED
ANARCHI-TEST-OCC-68D0529EC985F3E9,ANARCHI-TEST-CONTENT-C03EAF78C7CBB14B,UNADJUDICATED,NONE,,,,,DISCOVERED
ANARCHI-TEST-OCC-68D82CCAA1F8DC3C,ANARCHI-TEST-CONTENT-4B49A153EE50CE86,UNADJUDICATED,NONE,,,,,DISCOVERED
ANARCHI-TEST-OCC-68E32B18DCA11798,ANARCHI-TEST-CONTENT-24657B6C497EACBF,UNADJUDICATED,NONE,,,,,DISCOVERED
ANARCHI-TEST-OCC-6905D780395BAC14,ANARCHI-TEST-CONTENT-DE68DD99C82D04F9,UNADJUDICATED,NONE,,,,,DISCOVERED
ANARCHI-TEST-OCC-690714765923C430,ANARCHI-TEST-CONTENT-0D5162DD60EA05A9,UNADJUDICATED,NONE,,,,,DISCOVERED
ANARCHI-TEST-OCC-69255891AFEC420F,ANARCHI-TEST-CONTENT-C82FC57C4EDA73E6,UNADJUDICATED,NONE,,,,,DISCOVERED
ANARCHI-TEST-OCC-693AACF5B13F639E,ANARCHI-TEST-CONTENT-11B420DC54A193DD,UNADJUDICATED,NONE,,,,,DISCOVERED
ANARCHI-TEST-OCC-693AECEC071C9D42,ANARCHI-TEST-CONTENT-CCC8F12FF8CA42C2,UNADJUDICATED,NONE,,,,,DISCOVERED
ANARCHI-TEST-OCC-693F3AEB04256B14,ANARCHI-TEST-CONTENT-1AF5CDEA405595D8,UNADJUDICATED,NONE,,,,,DISCOVERED
ANARCHI-TEST-OCC-69413326D93B537E,ANARCHI-TEST-CONTENT-9E43EBADC6BE654F,UNADJUDICATED,NONE,,,,,DISCOVERED
ANARCHI-TEST-OCC-694B058FD7C29B6F,ANARCHI-TEST-CONTENT-ECAAF9BD5914B710,UNADJUDICATED,NONE,,,,,DISCOVERED
ANARCHI-TEST-OCC-699DA5B8B0EF9C9A,ANARCHI-TEST-CONTENT-75BA535DC240AD64,UNADJUDICATED,NONE,,,,,DISCOVERED
ANARCHI-TEST-OCC-69AF6ABAC3860349,ANARCHI-TEST-CONTENT-32480F004CC641DF,UNADJUDICATED,NONE,,,,,DISCOVERED
ANARCHI-TEST-OCC-69D80BB41ABDA928,ANARCHI-TEST-CONTENT-9BFA5180C6E506FD,UNADJUDICATED,NONE,,,,,DISCOVERED
ANARCHI-TEST-OCC-69D85F53A91BBF31,ANARCHI-TEST-CONTENT-E109E35163803009,UNADJUDICATED,NONE,,,,,DISCOVERED
ANARCHI-TEST-OCC-69F8905B89600D63,ANARCHI-TEST-CONTENT-1C883014DB0EF1C9,UNADJUDICATED,NONE,,,,,DISCOVERED
ANARCHI-TEST-OCC-6A0BFBDC65C2916E,ANARCHI-TEST-CONTENT-3A6A3E7394DEBE9E,UNADJUDICATED,NONE,,,,,DISCOVERED
ANARCHI-TEST-OCC-6A378DF0D14F1DEA,ANARCHI-TEST-CONTENT-EAF6E1F66A666F80,UNADJUDICATED,NONE,,,,,DISCOVERED
ANARCHI-TEST-OCC-6A4375426F11A395,ANARCHI-TEST-CONTENT-021E70CBEB27E4B4,UNADJUDICATED,NONE,,,,,DISCOVERED
ANARCHI-TEST-OCC-6A5B9EC1CF28EEE2,ANARCHI-TEST-CONTENT-A7A0A2EF96BF4FE6,UNADJUDICATED,NONE,,,,,DISCOVERED
ANARCHI-TEST-OCC-6A95CBD4ECB6E001,ANARCHI-TEST-CONTENT-FD8BCF516D1F0023,UNADJUDICATED,NONE,,,,,DISCOVERED
ANARCHI-TEST-OCC-6AB19212BB6FCDDD,ANARCHI-TEST-CONTENT-EDE39D1F2A1B5CCB,UNADJUDICATED,NONE,,,,,DISCOVERED
ANARCHI-TEST-OCC-6ABC315CC5E9F3AB,ANARCHI-TEST-CONTENT-32480F004CC641DF,UNADJUDICATED,NONE,,,,,DISCOVERED
ANARCHI-TEST-OCC-6AC46F62ED090146,ANARCHI-TEST-CONTENT-840BB05EF6E9FFF4,UNADJUDICATED,NONE,,,,,DISCOVERED
ANARCHI-TEST-OCC-6B1BFC8B1754F740,ANARCHI-TEST-CONTENT-8A3B5E042E9C8EAC,UNADJUDICATED,NONE,,,,,DISCOVERED
ANARCHI-TEST-OCC-6B27F1B0BC62CEB7,ANARCHI-TEST-CONTENT-220207D94FB32F20,UNADJUDICATED,NONE,,,,,DISCOVERED
ANARCHI-TEST-OCC-6B3103E68C551635,ANARCHI-TEST-CONTENT-034B10AF10C15474,UNADJUDICATED,NONE,,,,,DISCOVERED
ANARCHI-TEST-OCC-6B32EB8D79BE7370,ANARCHI-TEST-CONTENT-51B3F097DEC9C54B,UNADJUDICATED,NONE,,,,,DISCOVERED
ANARCHI-TEST-OCC-6B34C5D591F332CE,ANARCHI-TEST-CONTENT-7F1856143ED113C9,UNADJUDICATED,NONE,,,,,DISCOVERED
ANARCHI-TEST-OCC-6B354F4104247047,ANARCHI-TEST-CONTENT-5DB8E04E8DB6DBAB,UNADJUDICATED,NONE,,,,,DISCOVERED
ANARCHI-TEST-OCC-6B369855CEC20645,ANARCHI-TEST-CONTENT-16BFA56A099EDE5C,UNADJUDICATED,NONE,,,,,DISCOVERED
ANARCHI-TEST-OCC-6BC4598AFE82D3C2,ANARCHI-TEST-CONTENT-66CC1C34EBBB0775,UNADJUDICATED,NONE,,,,,DISCOVERED
ANARCHI-TEST-OCC-6C0F0B00A1492802,ANARCHI-TEST-CONTENT-104F886C4B82DFC6,UNADJUDICATED,NONE,,,,,DISCOVERED
ANARCHI-TEST-OCC-6C17B1945CD1F97F,ANARCHI-TEST-CONTENT-7B3316E415ADF5C5,UNADJUDICATED,NONE,,,,,DISCOVERED
ANARCHI-TEST-OCC-6C39525A3BC67964,ANARCHI-TEST-CONTENT-AFDBD37C796F878A,UNADJUDICATED,NONE,,,,,DISCOVERED
ANARCHI-TEST-OCC-6C4A114A623F5EAB,ANARCHI-TEST-CONTENT-2E7374179A303AFE,UNADJUDICATED,NONE,,,,,DISCOVERED
ANARCHI-TEST-OCC-6C5596828E1D53DC,ANARCHI-TEST-CONTENT-02CA2DBE0345C759,UNADJUDICATED,NONE,,,,,DISCOVERED
ANARCHI-TEST-OCC-6C676B82588F334C,ANARCHI-TEST-CONTENT-32480F004CC641DF,UNADJUDICATED,NONE,,,,,DISCOVERED
ANARCHI-TEST-OCC-6C808E4A2690409A,ANARCHI-TEST-CONTENT-15ECBB5426126E11,UNADJUDICATED,NONE,,,,,DISCOVERED
ANARCHI-TEST-OCC-6CA6D85849B5B671,ANARCHI-TEST-CONTENT-A1E836D88960135E,UNADJUDICATED,NONE,,,,,DISCOVERED
ANARCHI-TEST-OCC-6D0A3C0727B42C6B,ANARCHI-TEST-CONTENT-8DB22304499DB0F3,UNADJUDICATED,NONE,,,,,DISCOVERED
ANARCHI-TEST-OCC-6D1682C6DC381F97,ANARCHI-TEST-CONTENT-61F7F81176ACC87F,UNADJUDICATED,NONE,,,,,DISCOVERED
ANARCHI-TEST-OCC-6D4ECDB946C94084,ANARCHI-TEST-CONTENT-E3B0C44298FC1C14,UNADJUDICATED,NONE,,,,,DISCOVERED
ANARCHI-TEST-OCC-6D6A28C8E811A0ED,ANARCHI-TEST-CONTENT-8BE542399AE3A49B,UNADJUDICATED,NONE,,,,,DISCOVERED
ANARCHI-TEST-OCC-6D6C79988BD6B6BE,ANARCHI-TEST-CONTENT-A8019628C448A74B,UNADJUDICATED,NONE,,,,,DISCOVERED
ANARCHI-TEST-OCC-6D774F55E48C089D,ANARCHI-TEST-CONTENT-E3B0C44298FC1C14,UNADJUDICATED,NONE,,,,,DISCOVERED
ANARCHI-TEST-OCC-6D82B96C0EF419B8,ANARCHI-TEST-CONTENT-AA85853C48F29B98,UNADJUDICATED,NONE,,,,,DISCOVERED
ANARCHI-TEST-OCC-6D9076AB71DEB421,ANARCHI-TEST-CONTENT-DEAA3C73DDD299E9,UNADJUDICATED,NONE,,,,,DISCOVERED
ANARCHI-TEST-OCC-6DBB79E65A3CF08F,ANARCHI-TEST-CONTENT-15FE65D502F61F13,UNADJUDICATED,NONE,,,,,DISCOVERED
ANARCHI-TEST-OCC-6DD111AE855402EC,ANARCHI-TEST-CONTENT-56B9B31DFC1E9DB2,UNADJUDICATED,NONE,,,,,DISCOVERED
ANARCHI-TEST-OCC-6DD410EC67900C36,ANARCHI-TEST-CONTENT-32325D17FCA654BE,UNADJUDICATED,NONE,,,,,DISCOVERED
ANARCHI-TEST-OCC-6DD8E0FD7A38CCDA,ANARCHI-TEST-CONTENT-F9D1BBE515DE6653,UNADJUDICATED,NONE,,,,,DISCOVERED
ANARCHI-TEST-OCC-6DF027BAC988B7FD,ANARCHI-TEST-CONTENT-15E5620EB5083486,UNADJUDICATED,NONE,,,,,DISCOVERED
ANARCHI-TEST-OCC-6DFEAD8AD594B4E0,ANARCHI-TEST-CONTENT-CFDC34CEC9A34C7D,UNADJUDICATED,NONE,,,,,DISCOVERED
ANARCHI-TEST-OCC-6E1E716C43D60E93,ANARCHI-TEST-CONTENT-701C214017D5DCA6,UNADJUDICATED,NONE,,,,,DISCOVERED
ANARCHI-TEST-OCC-6E2DA7ECD8531754,ANARCHI-TEST-CONTENT-0B6708E2D265A6FF,UNADJUDICATED,NONE,,,,,DISCOVERED
ANARCHI-TEST-OCC-6E3A862088B6F6DA,ANARCHI-TEST-CONTENT-4AB75E51F66DD9C8,UNADJUDICATED,NONE,,,,,DISCOVERED
ANARCHI-TEST-OCC-6E44079E91782C74,ANARCHI-TEST-CONTENT-DBA6FD011A612742,UNADJUDICATED,NONE,,,,,DISCOVERED
ANARCHI-TEST-OCC-6E6FF7D4ECB42616,ANARCHI-TEST-CONTENT-E3B0C44298FC1C14,UNADJUDICATED,NONE,,,,,DISCOVERED
ANARCHI-TEST-OCC-6E7F33DE7F77035F,ANARCHI-TEST-CONTENT-AA85853C48F29B98,UNADJUDICATED,NONE,,,,,DISCOVERED
ANARCHI-TEST-OCC-6EB3088675DF496F,ANARCHI-TEST-CONTENT-FA95D3F0DE0BA4BC,UNADJUDICATED,NONE,,,,,DISCOVERED
ANARCHI-TEST-OCC-6ED5D97064BCD491,ANARCHI-TEST-CONTENT-A2FDDC75A6017CFD,UNADJUDICATED,NONE,,,,,DISCOVERED
ANARCHI-TEST-OCC-6EDDF05DE5648AC0,ANARCHI-TEST-CONTENT-DB3A167D1FF102A6,UNADJUDICATED,NONE,,,,,DISCOVERED
ANARCHI-TEST-OCC-6EE748DC1ABE219C,ANARCHI-TEST-CONTENT-C55BEA318B914200,UNADJUDICATED,NONE,,,,,DISCOVERED
ANARCHI-TEST-OCC-6EEE4846DC1A3110,ANARCHI-TEST-CONTENT-779BB2D73A742206,UNADJUDICATED,NONE,,,,,DISCOVERED
ANARCHI-TEST-OCC-6EF949CE00E6F8D2,ANARCHI-TEST-CONTENT-E3B0C44298FC1C14,UNADJUDICATED,NONE,,,,,DISCOVERED
ANARCHI-TEST-OCC-6EFE34F947B044A0,ANARCHI-TEST-CONTENT-FE403102FB42FFDE,UNADJUDICATED,NONE,,,,,DISCOVERED
ANARCHI-TEST-OCC-6F100411986C4830,ANARCHI-TEST-CONTENT-32480F004CC641DF,UNADJUDICATED,NONE,,,,,DISCOVERED
ANARCHI-TEST-OCC-6F6639E040D2C9BB,ANARCHI-TEST-CONTENT-E3B0C44298FC1C14,UNADJUDICATED,NONE,,,,,DISCOVERED
ANARCHI-TEST-OCC-6F750D408744DED0,ANARCHI-TEST-CONTENT-A229009CCA2D3B6F,UNADJUDICATED,NONE,,,,,DISCOVERED
ANARCHI-TEST-OCC-6F766BBBB70AF2F1,ANARCHI-TEST-CONTENT-2E47991F588F5E0E,UNADJUDICATED,NONE,,,,,DISCOVERED
ANARCHI-TEST-OCC-6F869B6776F45F99,ANARCHI-TEST-CONTENT-8E7D7887E385519D,UNADJUDICATED,NONE,,,,,DISCOVERED
ANARCHI-TEST-OCC-6FAD08698602D57B,ANARCHI-TEST-CONTENT-334BD92019E33C11,UNADJUDICATED,NONE,,,,,DISCOVERED
ANARCHI-TEST-OCC-6FAE1162A1BC8F1C,ANARCHI-TEST-CONTENT-BB37BAD801BA1F8C,UNADJUDICATED,NONE,,,,,DISCOVERED
ANARCHI-TEST-OCC-6FCC46D308C7F543,ANARCHI-TEST-CONTENT-F514883BAD06A84C,UNADJUDICATED,NONE,,,,,DISCOVERED
ANARCHI-TEST-OCC-6FDBD5E193946961,ANARCHI-TEST-CONTENT-10AFE603F93DCC12,UNADJUDICATED,NONE,,,,,DISCOVERED
ANARCHI-TEST-OCC-6FE2C2230CE0D30F,ANARCHI-TEST-CONTENT-0093C7D45674F5F3,UNADJUDICATED,NONE,,,,,DISCOVERED
ANARCHI-TEST-OCC-6FE767C8A510719A,ANARCHI-TEST-CONTENT-CE0BF1CAF0BF0F75,UNADJUDICATED,NONE,,,,,DISCOVERED
ANARCHI-TEST-OCC-6FF201177E318BCF,ANARCHI-TEST-CONTENT-26ADBE11952B8749,UNADJUDICATED,NONE,,,,,DISCOVERED
ANARCHI-TEST-OCC-70046B6D87809246,ANARCHI-TEST-CONTENT-E3B0C44298FC1C14,UNADJUDICATED,NONE,,,,,DISCOVERED
ANARCHI-TEST-OCC-70199720BCAA5CCF,ANARCHI-TEST-CONTENT-034B10AF10C15474,UNADJUDICATED,NONE,,,,,DISCOVERED
ANARCHI-TEST-OCC-701BC996497D7F44,ANARCHI-TEST-CONTENT-CE27858E7156A8EB,UNADJUDICATED,NONE,,,,,DISCOVERED
ANARCHI-TEST-OCC-7029438B0BE37BA3,ANARCHI-TEST-CONTENT-6AF7863DD1B55FD3,UNADJUDICATED,NONE,,,,,DISCOVERED
ANARCHI-TEST-OCC-7030B10D1127BD54,ANARCHI-TEST-CONTENT-C3C43D26801C7462,UNADJUDICATED,NONE,,,,,DISCOVERED
ANARCHI-TEST-OCC-703579748365BDB5,ANARCHI-TEST-CONTENT-59BA5718C36F632E,UNADJUDICATED,NONE,,,,,DISCOVERED
ANARCHI-TEST-OCC-7041FDBB1F25E156,ANARCHI-TEST-CONTENT-AC515AD28D002588,UNADJUDICATED,NONE,,,,,DISCOVERED
ANARCHI-TEST-OCC-705558E078160050,ANARCHI-TEST-CONTENT-9EA26EEBF360B527,UNADJUDICATED,NONE,,,,,DISCOVERED
ANARCHI-TEST-OCC-7057BB1EF87E67FA,ANARCHI-TEST-CONTENT-D3CA23012E3C5BA4,UNADJUDICATED,NONE,,,,,DISCOVERED
ANARCHI-TEST-OCC-7061E29A8AF7CA76,ANARCHI-TEST-CONTENT-FEDDC0499DE385F0,UNADJUDICATED,NONE,,,,,DISCOVERED
ANARCHI-TEST-OCC-7080CA3CC1C76E1D,ANARCHI-TEST-CONTENT-6C7C5852708E108C,UNADJUDICATED,NONE,,,,,DISCOVERED
ANARCHI-TEST-OCC-7095AC410F34F4D7,ANARCHI-TEST-CONTENT-630205406BB88300,UNADJUDICATED,NONE,,,,,DISCOVERED
ANARCHI-TEST-OCC-709B86D64E8DE4D4,ANARCHI-TEST-CONTENT-E3B0C44298FC1C14,UNADJUDICATED,NONE,,,,,DISCOVERED
ANARCHI-TEST-OCC-70C91F6F51EF133D,ANARCHI-TEST-CONTENT-020EE6E3CB6A3023,UNADJUDICATED,NONE,,,,,DISCOVERED
ANARCHI-TEST-OCC-70DB520C46D0A0DB,ANARCHI-TEST-CONTENT-D283777925AF57DF,UNADJUDICATED,NONE,,,,,DISCOVERED
ANARCHI-TEST-OCC-70EDC2738EAF05EC,ANARCHI-TEST-CONTENT-24657B6C497EACBF,UNADJUDICATED,NONE,,,,,DISCOVERED
ANARCHI-TEST-OCC-710F5AB95B782595,ANARCHI-TEST-CONTENT-03891EF940AD199F,UNADJUDICATED,NONE,,,,,DISCOVERED
ANARCHI-TEST-OCC-715472C53773BA7A,ANARCHI-TEST-CONTENT-0D0CA6351E932ABC,UNADJUDICATED,NONE,,,,,DISCOVERED
ANARCHI-TEST-OCC-71BE14617FBB8B39,ANARCHI-TEST-CONTENT-0F524A2E128272CE,UNADJUDICATED,NONE,,,,,DISCOVERED
ANARCHI-TEST-OCC-71D5D1E412A3C336,ANARCHI-TEST-CONTENT-20495537CDF11627,UNADJUDICATED,NONE,,,,,DISCOVERED
ANARCHI-TEST-OCC-71E66E771E776F83,ANARCHI-TEST-CONTENT-C2D96EA70E4CA1A3,UNADJUDICATED,NONE,,,,,DISCOVERED
ANARCHI-TEST-OCC-71E993960BBC295D,ANARCHI-TEST-CONTENT-C97DEBF161802FCF,UNADJUDICATED,NONE,,,,,DISCOVERED
ANARCHI-TEST-OCC-71F5500540988172,ANARCHI-TEST-CONTENT-B74466B5E87C9525,UNADJUDICATED,NONE,,,,,DISCOVERED
ANARCHI-TEST-OCC-720DE3AFF1EE3632,ANARCHI-TEST-CONTENT-44DEC0221309E44A,UNADJUDICATED,NONE,,,,,DISCOVERED
ANARCHI-TEST-OCC-7212FBF4D3C8779B,ANARCHI-TEST-CONTENT-92EE8DC526F48A85,UNADJUDICATED,NONE,,,,,DISCOVERED
ANARCHI-TEST-OCC-7256A7345E1A6133,ANARCHI-TEST-CONTENT-68799FDE7BAB992A,UNADJUDICATED,NONE,,,,,DISCOVERED
ANARCHI-TEST-OCC-726A98511772DF0D,ANARCHI-TEST-CONTENT-9E2BA49B922820DF,UNADJUDICATED,NONE,,,,,DISCOVERED
ANARCHI-TEST-OCC-726AE17B1CAEA3B1,ANARCHI-TEST-CONTENT-91E06CB460E93484,UNADJUDICATED,NONE,,,,,DISCOVERED
ANARCHI-TEST-OCC-727107A9969BF803,ANARCHI-TEST-CONTENT-50222D649340C7D7,UNADJUDICATED,NONE,,,,,DISCOVERED
ANARCHI-TEST-OCC-727F106C872B454E,ANARCHI-TEST-CONTENT-05B3F2F977F21F02,UNADJUDICATED,NONE,,,,,DISCOVERED
ANARCHI-TEST-OCC-728250D488114E90,ANARCHI-TEST-CONTENT-E3B0C44298FC1C14,UNADJUDICATED,NONE,,,,,DISCOVERED
ANARCHI-TEST-OCC-728F8F6E2BE34B0C,ANARCHI-TEST-CONTENT-12EA13DDBF5AF4A4,UNADJUDICATED,NONE,,,,,DISCOVERED
ANARCHI-TEST-OCC-72B32864B9D8E3B4,ANARCHI-TEST-CONTENT-4EAEF6726C212368,UNADJUDICATED,NONE,,,,,DISCOVERED
ANARCHI-TEST-OCC-72F364DB06C8EBD3,ANARCHI-TEST-CONTENT-45B08FDEF6221BFD,UNADJUDICATED,NONE,,,,,DISCOVERED
ANARCHI-TEST-OCC-72FD100EDDBFC4C2,ANARCHI-TEST-CONTENT-CE52FD5ABBC27988,UNADJUDICATED,NONE,,,,,DISCOVERED
ANARCHI-TEST-OCC-73047523805F5AB2,ANARCHI-TEST-CONTENT-D84528CF40E5DE13,UNADJUDICATED,NONE,,,,,DISCOVERED
ANARCHI-TEST-OCC-7313807FEB2B09FE,ANARCHI-TEST-CONTENT-E5F3EC5AA5290D53,UNADJUDICATED,NONE,,,,,DISCOVERED
ANARCHI-TEST-OCC-731B7F527609092E,ANARCHI-TEST-CONTENT-455106FEA52C5E20,UNADJUDICATED,NONE,,,,,DISCOVERED
ANARCHI-TEST-OCC-7332FD6CB64A8F91,ANARCHI-TEST-CONTENT-755634520C9B6528,UNADJUDICATED,NONE,,,,,DISCOVERED
ANARCHI-TEST-OCC-7337463EA7822571,ANARCHI-TEST-CONTENT-2423F768C274A333,UNADJUDICATED,NONE,,,,,DISCOVERED
ANARCHI-TEST-OCC-733A15139F4C47F8,ANARCHI-TEST-CONTENT-4ECCBDD14F4C8E79,UNADJUDICATED,NONE,,,,,DISCOVERED
ANARCHI-TEST-OCC-7352732B9C5A0AFB,ANARCHI-TEST-CONTENT-56678A432B232592,UNADJUDICATED,NONE,,,,,DISCOVERED
ANARCHI-TEST-OCC-735B6EB65B0D1367,ANARCHI-TEST-CONTENT-2A604CA3733B2004,UNADJUDICATED,NONE,,,,,DISCOVERED
ANARCHI-TEST-OCC-737C8EB1DD3A6165,ANARCHI-TEST-CONTENT-9BA7560A15A7F44B,UNADJUDICATED,NONE,,,,,DISCOVERED
ANARCHI-TEST-OCC-73A66E4AD80CD2BF,ANARCHI-TEST-CONTENT-91D09C45FEC49B8C,UNADJUDICATED,NONE,,,,,DISCOVERED
ANARCHI-TEST-OCC-73AE7F9BB4F5608D,ANARCHI-TEST-CONTENT-2BCC020739338005,UNADJUDICATED,NONE,,,,,DISCOVERED
ANARCHI-TEST-OCC-73B877FB329EB769,ANARCHI-TEST-CONTENT-9E20EFFBE713119D,UNADJUDICATED,NONE,,,,,DISCOVERED
ANARCHI-TEST-OCC-73C3C27FA65B7296,ANARCHI-TEST-CONTENT-8D11EA9C654FCC23,UNADJUDICATED,NONE,,,,,DISCOVERED
ANARCHI-TEST-OCC-73E120437D1540FB,ANARCHI-TEST-CONTENT-4147098F7ECCEA0F,UNADJUDICATED,NONE,,,,,DISCOVERED
ANARCHI-TEST-OCC-73E8CEC75CC2047C,ANARCHI-TEST-CONTENT-A05097DD24A20C43,UNADJUDICATED,NONE,,,,,DISCOVERED
ANARCHI-TEST-OCC-73EC04FF5009335A,ANARCHI-TEST-CONTENT-42BC8A7DCACBFB39,UNADJUDICATED,NONE,,,,,DISCOVERED
ANARCHI-TEST-OCC-73EEE0263DC6F2E4,ANARCHI-TEST-CONTENT-FF1CBF93EFE5F7A1,UNADJUDICATED,NONE,,,,,DISCOVERED
ANARCHI-TEST-OCC-74045F3B2D0D2715,ANARCHI-TEST-CONTENT-C86EA6911247A531,UNADJUDICATED,NONE,,,,,DISCOVERED
ANARCHI-TEST-OCC-7407FD0E861AB45F,ANARCHI-TEST-CONTENT-B5DFA025FE9C98B2,UNADJUDICATED,NONE,,,,,DISCOVERED
ANARCHI-TEST-OCC-740BC633D9511E19,ANARCHI-TEST-CONTENT-045FB6C9B2E1A006,UNADJUDICATED,NONE,,,,,DISCOVERED
ANARCHI-TEST-OCC-74478DB54ABAADC9,ANARCHI-TEST-CONTENT-5E6B06CF42D24D0E,UNADJUDICATED,NONE,,,,,DISCOVERED
ANARCHI-TEST-OCC-74537BF6B530D1FC,ANARCHI-TEST-CONTENT-A12911D1A9056880,UNADJUDICATED,NONE,,,,,DISCOVERED
ANARCHI-TEST-OCC-7457C842E4EF90D9,ANARCHI-TEST-CONTENT-25EA535ADF3219DB,UNADJUDICATED,NONE,,,,,DISCOVERED
ANARCHI-TEST-OCC-745CEA167C4852A1,ANARCHI-TEST-CONTENT-0C7CE6EA733C407E,UNADJUDICATED,NONE,,,,,DISCOVERED
ANARCHI-TEST-OCC-7478BF64C4A73011,ANARCHI-TEST-CONTENT-B88EF18CCC7B26E5,UNADJUDICATED,NONE,,,,,DISCOVERED
ANARCHI-TEST-OCC-747DEC1C5B24ACA7,ANARCHI-TEST-CONTENT-70193DA9117A057F,UNADJUDICATED,NONE,,,,,DISCOVERED
ANARCHI-TEST-OCC-748178E302C94A6F,ANARCHI-TEST-CONTENT-24657B6C497EACBF,UNADJUDICATED,NONE,,,,,DISCOVERED
ANARCHI-TEST-OCC-7483D76C03DA25AD,ANARCHI-TEST-CONTENT-935CE62869E83F4D,UNADJUDICATED,NONE,,,,,DISCOVERED
ANARCHI-TEST-OCC-748CDB135561A9A7,ANARCHI-TEST-CONTENT-2AB7E89ED298BF5D,UNADJUDICATED,NONE,,,,,DISCOVERED
ANARCHI-TEST-OCC-74A2505E5C7C352D,ANARCHI-TEST-CONTENT-188E9EEF84879DB9,UNADJUDICATED,NONE,,,,,DISCOVERED
ANARCHI-TEST-OCC-74AB852F0F4E3D46,ANARCHI-TEST-CONTENT-0F9C6A872DB7D3E0,UNADJUDICATED,NONE,,,,,DISCOVERED
ANARCHI-TEST-OCC-74D841799EDA23AE,ANARCHI-TEST-CONTENT-D48211CA51B7F73E,UNADJUDICATED,NONE,,,,,DISCOVERED
ANARCHI-TEST-OCC-752BA4881759CAEB,ANARCHI-TEST-CONTENT-3A7F9781DA117937,UNADJUDICATED,NONE,,,,,DISCOVERED
ANARCHI-TEST-OCC-753B4AEABDB9973F,ANARCHI-TEST-CONTENT-5A68BC0428EEDB51,UNADJUDICATED,NONE,,,,,DISCOVERED
ANARCHI-TEST-OCC-753FA9994E1E69D3,ANARCHI-TEST-CONTENT-59A27AE868572780,UNADJUDICATED,NONE,,,,,DISCOVERED
ANARCHI-TEST-OCC-7558FD095DB7A6F4,ANARCHI-TEST-CONTENT-E3B0C44298FC1C14,UNADJUDICATED,NONE,,,,,DISCOVERED
ANARCHI-TEST-OCC-755A69D4C4E8B3D5,ANARCHI-TEST-CONTENT-5B6ECDD853423E44,UNADJUDICATED,NONE,,,,,DISCOVERED
ANARCHI-TEST-OCC-75629B037460CCD3,ANARCHI-TEST-CONTENT-44DEC0221309E44A,UNADJUDICATED,NONE,,,,,DISCOVERED
ANARCHI-TEST-OCC-7571C48836F4607D,ANARCHI-TEST-CONTENT-3E0DBA2D1A6FD324,UNADJUDICATED,NONE,,,,,DISCOVERED
ANARCHI-TEST-OCC-7579599D5E3C1763,ANARCHI-TEST-CONTENT-7CB5867C740D0B76,UNADJUDICATED,NONE,,,,,DISCOVERED
ANARCHI-TEST-OCC-757C71CF901673F9,ANARCHI-TEST-CONTENT-811B2A97D2347FB4,UNADJUDICATED,NONE,,,,,DISCOVERED
ANARCHI-TEST-OCC-7595F41B14FA6ED3,ANARCHI-TEST-CONTENT-F5D4D3F848D97411,UNADJUDICATED,NONE,,,,,DISCOVERED
ANARCHI-TEST-OCC-759B6B44B446255F,ANARCHI-TEST-CONTENT-146778BD8F371100,UNADJUDICATED,NONE,,,,,DISCOVERED
ANARCHI-TEST-OCC-75A01F4516FB84CA,ANARCHI-TEST-CONTENT-A14DEF11DBD37A3B,UNADJUDICATED,NONE,,,,,DISCOVERED
ANARCHI-TEST-OCC-75BBC13DDE9FFB00,ANARCHI-TEST-CONTENT-BBC6CAC9419B363B,UNADJUDICATED,NONE,,,,,DISCOVERED
ANARCHI-TEST-OCC-75C229E8B7C1423B,ANARCHI-TEST-CONTENT-F514883BAD06A84C,UNADJUDICATED,NONE,,,,,DISCOVERED
ANARCHI-TEST-OCC-75D109A3C5CBF567,ANARCHI-TEST-CONTENT-E3B0C44298FC1C14,UNADJUDICATED,NONE,,,,,DISCOVERED
ANARCHI-TEST-OCC-75D7A5CCC65723F0,ANARCHI-TEST-CONTENT-4E4FCC0D22A5C578,UNADJUDICATED,NONE,,,,,DISCOVERED
ANARCHI-TEST-OCC-75E5188989AA527C,ANARCHI-TEST-CONTENT-44DEC0221309E44A,UNADJUDICATED,NONE,,,,,DISCOVERED
ANARCHI-TEST-OCC-75F1465CC8395211,ANARCHI-TEST-CONTENT-5469ED4CC13BEB6E,UNADJUDICATED,NONE,,,,,DISCOVERED
ANARCHI-TEST-OCC-762D122E93599561,ANARCHI-TEST-CONTENT-E3B0C44298FC1C14,UNADJUDICATED,NONE,,,,,DISCOVERED
ANARCHI-TEST-OCC-763F6BCAD95B1AEB,ANARCHI-TEST-CONTENT-E3B0C44298FC1C14,UNADJUDICATED,NONE,,,,,DISCOVERED
ANARCHI-TEST-OCC-766D4BEE0D4DCE1A,ANARCHI-TEST-CONTENT-77DB2EE0F898CFE0,UNADJUDICATED,NONE,,,,,DISCOVERED
ANARCHI-TEST-OCC-7681DFC24295D705,ANARCHI-TEST-CONTENT-4A24DAB89ED26A13,UNADJUDICATED,NONE,,,,,DISCOVERED
ANARCHI-TEST-OCC-7681E25FF3939DD4,ANARCHI-TEST-CONTENT-2A1E7A76E71201AC,UNADJUDICATED,NONE,,,,,DISCOVERED
ANARCHI-TEST-OCC-769000561876DBB5,ANARCHI-TEST-CONTENT-46F7EDB9F9DC050E,UNADJUDICATED,NONE,,,,,DISCOVERED
ANARCHI-TEST-OCC-76B30581369F03A5,ANARCHI-TEST-CONTENT-BC8F44B8231DD4F3,UNADJUDICATED,NONE,,,,,DISCOVERED
ANARCHI-TEST-OCC-76BB1AFC97E5861C,ANARCHI-TEST-CONTENT-47606B779B9AA2F3,UNADJUDICATED,NONE,,,,,DISCOVERED
ANARCHI-TEST-OCC-76BC5D5634ACFC29,ANARCHI-TEST-CONTENT-C3B6EE5445111CE5,UNADJUDICATED,NONE,,,,,DISCOVERED
ANARCHI-TEST-OCC-76D0512DDEE5D467,ANARCHI-TEST-CONTENT-A633708C440DD733,UNADJUDICATED,NONE,,,,,DISCOVERED
ANARCHI-TEST-OCC-76D2985580C9538C,ANARCHI-TEST-CONTENT-013F63BF20722A99,UNADJUDICATED,NONE,,,,,DISCOVERED
ANARCHI-TEST-OCC-76FA2E48F5C13490,ANARCHI-TEST-CONTENT-12098571044671C2,UNADJUDICATED,NONE,,,,,DISCOVERED
ANARCHI-TEST-OCC-7700B3F697EE3C4F,ANARCHI-TEST-CONTENT-3E0DBA2D1A6FD324,UNADJUDICATED,NONE,,,,,DISCOVERED
ANARCHI-TEST-OCC-77259F56D186595C,ANARCHI-TEST-CONTENT-F43CA18A4E0ACD68,UNADJUDICATED,NONE,,,,,DISCOVERED
ANARCHI-TEST-OCC-772AC54DF958515D,ANARCHI-TEST-CONTENT-AB891A5A36F54485,UNADJUDICATED,NONE,,,,,DISCOVERED
ANARCHI-TEST-OCC-772B070F79786988,ANARCHI-TEST-CONTENT-E3B0C44298FC1C14,UNADJUDICATED,NONE,,,,,DISCOVERED
ANARCHI-TEST-OCC-7740F8B683D6ADC5,ANARCHI-TEST-CONTENT-6CF993D3D485D21A,UNADJUDICATED,NONE,,,,,DISCOVERED
ANARCHI-TEST-OCC-777A4C9790973FE2,ANARCHI-TEST-CONTENT-BFF950F35D3845BE,UNADJUDICATED,NONE,,,,,DISCOVERED
ANARCHI-TEST-OCC-77970FC45E0D042F,ANARCHI-TEST-CONTENT-E3B0C44298FC1C14,UNADJUDICATED,NONE,,,,,DISCOVERED
ANARCHI-TEST-OCC-779C035635C295F2,ANARCHI-TEST-CONTENT-1E919C36BFBBC398,UNADJUDICATED,NONE,,,,,DISCOVERED
ANARCHI-TEST-OCC-77A039F20EE2F59C,ANARCHI-TEST-CONTENT-4BE5D08B68FDD410,UNADJUDICATED,NONE,,,,,DISCOVERED
ANARCHI-TEST-OCC-77A21E7948564A20,ANARCHI-TEST-CONTENT-E970D00D7BA9C3B5,UNADJUDICATED,NONE,,,,,DISCOVERED
ANARCHI-TEST-OCC-77DCD73B77E7236D,ANARCHI-TEST-CONTENT-05B3F2F977F21F02,UNADJUDICATED,NONE,,,,,DISCOVERED
ANARCHI-TEST-OCC-77E7A63E57D8AC54,ANARCHI-TEST-CONTENT-04261F5B3DDCE0C3,UNADJUDICATED,NONE,,,,,DISCOVERED
ANARCHI-TEST-OCC-77FA0B4E42C866B9,ANARCHI-TEST-CONTENT-4711BB3779739823,UNADJUDICATED,NONE,,,,,DISCOVERED
ANARCHI-TEST-OCC-783C8E1913D6F98F,ANARCHI-TEST-CONTENT-4AB75E51F66DD9C8,UNADJUDICATED,NONE,,,,,DISCOVERED
ANARCHI-TEST-OCC-784A05E99E6551CB,ANARCHI-TEST-CONTENT-05B2A1F80B97026D,UNADJUDICATED,NONE,,,,,DISCOVERED
ANARCHI-TEST-OCC-784BF0B65C0BC2B0,ANARCHI-TEST-CONTENT-2B84BD6C0D44DAD8,UNADJUDICATED,NONE,,,,,DISCOVERED
ANARCHI-TEST-OCC-786EB183B8821EAB,ANARCHI-TEST-CONTENT-12098571044671C2,UNADJUDICATED,NONE,,,,,DISCOVERED
ANARCHI-TEST-OCC-7872E26DCFBB11F0,ANARCHI-TEST-CONTENT-D48211CA51B7F73E,UNADJUDICATED,NONE,,,,,DISCOVERED
ANARCHI-TEST-OCC-787F1897D91707A8,ANARCHI-TEST-CONTENT-9A8D3B771F822209,UNADJUDICATED,NONE,,,,,DISCOVERED
ANARCHI-TEST-OCC-78C3161A05EBFFA2,ANARCHI-TEST-CONTENT-A6C6478E34EA19CD,UNADJUDICATED,NONE,,,,,DISCOVERED
ANARCHI-TEST-OCC-78E1958BAAF838AA,ANARCHI-TEST-CONTENT-BF9F0F81C54F3278,UNADJUDICATED,NONE,,,,,DISCOVERED
ANARCHI-TEST-OCC-78EC91B9BC9FBD91,ANARCHI-TEST-CONTENT-15E5620EB5083486,UNADJUDICATED,NONE,,,,,DISCOVERED
ANARCHI-TEST-OCC-78FE5D14ED01D5E0,ANARCHI-TEST-CONTENT-CE803E58122AE8AA,UNADJUDICATED,NONE,,,,,DISCOVERED
ANARCHI-TEST-OCC-790498B239C02E87,ANARCHI-TEST-CONTENT-7AC0D8B0FAF84C58,UNADJUDICATED,NONE,,,,,DISCOVERED
ANARCHI-TEST-OCC-7906079329690AC0,ANARCHI-TEST-CONTENT-5ADD666195FDDD4C,UNADJUDICATED,NONE,,,,,DISCOVERED
ANARCHI-TEST-OCC-791A026562FA3419,ANARCHI-TEST-CONTENT-AB98397FA5858281,UNADJUDICATED,NONE,,,,,DISCOVERED
ANARCHI-TEST-OCC-791F6922F67BCF45,ANARCHI-TEST-CONTENT-AA85853C48F29B98,UNADJUDICATED,NONE,,,,,DISCOVERED
ANARCHI-TEST-OCC-7930D3EC5158AF72,ANARCHI-TEST-CONTENT-31A098EB8BAF7D68,UNADJUDICATED,NONE,,,,,DISCOVERED
ANARCHI-TEST-OCC-79589B5D6DB3B4C0,ANARCHI-TEST-CONTENT-D05A5855B6E5A61C,UNADJUDICATED,NONE,,,,,DISCOVERED
ANARCHI-TEST-OCC-79769B9AAD81C3DC,ANARCHI-TEST-CONTENT-45CA3B18479C50CC,UNADJUDICATED,NONE,,,,,DISCOVERED
ANARCHI-TEST-OCC-797E5A0DAC38F219,ANARCHI-TEST-CONTENT-259DECE0D46CB5E3,UNADJUDICATED,NONE,,,,,DISCOVERED
ANARCHI-TEST-OCC-798ABBD49F6BFE71,ANARCHI-TEST-CONTENT-52451094B027BACB,UNADJUDICATED,NONE,,,,,DISCOVERED
ANARCHI-TEST-OCC-79CD04AF6020CE93,ANARCHI-TEST-CONTENT-04261F5B3DDCE0C3,UNADJUDICATED,NONE,,,,,DISCOVERED
ANARCHI-TEST-OCC-79D4B895A0AAAC22,ANARCHI-TEST-CONTENT-D48211CA51B7F73E,UNADJUDICATED,NONE,,,,,DISCOVERED
ANARCHI-TEST-OCC-79E6BDEAC29AF064,ANARCHI-TEST-CONTENT-C0492F60FFF493E8,UNADJUDICATED,NONE,,,,,DISCOVERED
ANARCHI-TEST-OCC-7A20446A42332DC2,ANARCHI-TEST-CONTENT-E3B0C44298FC1C14,UNADJUDICATED,NONE,,,,,DISCOVERED
ANARCHI-TEST-OCC-7A42D08E394F0161,ANARCHI-TEST-CONTENT-3E0DBA2D1A6FD324,UNADJUDICATED,NONE,,,,,DISCOVERED
ANARCHI-TEST-OCC-7A5D6B8220C91461,ANARCHI-TEST-CONTENT-F514883BAD06A84C,UNADJUDICATED,NONE,,,,,DISCOVERED
ANARCHI-TEST-OCC-7A647720D8D7BAB2,ANARCHI-TEST-CONTENT-EA47D22C3C84BCD5,UNADJUDICATED,NONE,,,,,DISCOVERED
ANARCHI-TEST-OCC-7A6E696D39CB4D79,ANARCHI-TEST-CONTENT-8CCB7D84DF7999D8,UNADJUDICATED,NONE,,,,,DISCOVERED
ANARCHI-TEST-OCC-7A7AAE29EB0F37E7,ANARCHI-TEST-CONTENT-44DEC0221309E44A,UNADJUDICATED,NONE,,,,,DISCOVERED
ANARCHI-TEST-OCC-7A7BE5395AF9E020,ANARCHI-TEST-CONTENT-2CE35D22F5090F47,UNADJUDICATED,NONE,,,,,DISCOVERED
ANARCHI-TEST-OCC-7A97623DBF14C943,ANARCHI-TEST-CONTENT-3BE4A6B95270905A,UNADJUDICATED,NONE,,,,,DISCOVERED
ANARCHI-TEST-OCC-7AA0EE88259F68EE,ANARCHI-TEST-CONTENT-E8C70CDB850E0D04,UNADJUDICATED,NONE,,,,,DISCOVERED
ANARCHI-TEST-OCC-7AFA59B96AC332BF,ANARCHI-TEST-CONTENT-79AA74080688DB7B,UNADJUDICATED,NONE,,,,,DISCOVERED
ANARCHI-TEST-OCC-7B2B6BE2B26D9606,ANARCHI-TEST-CONTENT-97392019F117307C,UNADJUDICATED,NONE,,,,,DISCOVERED
ANARCHI-TEST-OCC-7B433E33E111D061,ANARCHI-TEST-CONTENT-0DD839BD1D9A453B,UNADJUDICATED,NONE,,,,,DISCOVERED
ANARCHI-TEST-OCC-7B48DD6316987674,ANARCHI-TEST-CONTENT-0C1ABABEBB4E4421,UNADJUDICATED,NONE,,,,,DISCOVERED
ANARCHI-TEST-OCC-7B5AE844973C2999,ANARCHI-TEST-CONTENT-0CBE6654DC08E7F2,UNADJUDICATED,NONE,,,,,DISCOVERED
ANARCHI-TEST-OCC-7B614FA7342A3875,ANARCHI-TEST-CONTENT-8CCB7D84DF7999D8,UNADJUDICATED,NONE,,,,,DISCOVERED
ANARCHI-TEST-OCC-7B7BFEF4D500DEA4,ANARCHI-TEST-CONTENT-3EF7DA6E9518705E,UNADJUDICATED,NONE,,,,,DISCOVERED
ANARCHI-TEST-OCC-7B99CCF4F2509453,ANARCHI-TEST-CONTENT-81FAE7BCA4972C26,UNADJUDICATED,NONE,,,,,DISCOVERED
ANARCHI-TEST-OCC-7BA3E5F4371F009B,ANARCHI-TEST-CONTENT-15CF2156B2675950,UNADJUDICATED,NONE,,,,,DISCOVERED
ANARCHI-TEST-OCC-7BB658AC92564C7D,ANARCHI-TEST-CONTENT-2989F9DFF7491AFD,UNADJUDICATED,NONE,,,,,DISCOVERED
ANARCHI-TEST-OCC-7BBE44BCBE9FA32A,ANARCHI-TEST-CONTENT-B510BCF57F75D1BC,UNADJUDICATED,NONE,,,,,DISCOVERED
ANARCHI-TEST-OCC-7BEBCD85D952FC6D,ANARCHI-TEST-CONTENT-F514883BAD06A84C,UNADJUDICATED,NONE,,,,,DISCOVERED
ANARCHI-TEST-OCC-7C280E7976E1F9E2,ANARCHI-TEST-CONTENT-D48211CA51B7F73E,UNADJUDICATED,NONE,,,,,DISCOVERED
ANARCHI-TEST-OCC-7C28A46306D8601E,ANARCHI-TEST-CONTENT-B20D748FD4618C1A,UNADJUDICATED,NONE,,,,,DISCOVERED
ANARCHI-TEST-OCC-7C4F010B2DD90AE7,ANARCHI-TEST-CONTENT-2BBD41D5D5843FC1,UNADJUDICATED,NONE,,,,,DISCOVERED
ANARCHI-TEST-OCC-7C94449359191DE0,ANARCHI-TEST-CONTENT-566066CB3069CAC1,UNADJUDICATED,NONE,,,,,DISCOVERED
ANARCHI-TEST-OCC-7C9FEC7C91F38669,ANARCHI-TEST-CONTENT-3E0DBA2D1A6FD324,UNADJUDICATED,NONE,,,,,DISCOVERED
ANARCHI-TEST-OCC-7CA356AE06188E7E,ANARCHI-TEST-CONTENT-568B29A97F35FAC3,UNADJUDICATED,NONE,,,,,DISCOVERED
ANARCHI-TEST-OCC-7CAF1B04D811F33B,ANARCHI-TEST-CONTENT-66CC1C34EBBB0775,UNADJUDICATED,NONE,,,,,DISCOVERED
ANARCHI-TEST-OCC-7CFCFFF75F0C5AC6,ANARCHI-TEST-CONTENT-B4710F55DC63B868,UNADJUDICATED,NONE,,,,,DISCOVERED
ANARCHI-TEST-OCC-7D089BFBA45E7BD3,ANARCHI-TEST-CONTENT-3E0DBA2D1A6FD324,UNADJUDICATED,NONE,,,,,DISCOVERED
ANARCHI-TEST-OCC-7D13622B1D02F38A,ANARCHI-TEST-CONTENT-0C6F08A14B710B2D,UNADJUDICATED,NONE,,,,,DISCOVERED
ANARCHI-TEST-OCC-7D1776E89906C32C,ANARCHI-TEST-CONTENT-314CE8FE8519F2EC,UNADJUDICATED,NONE,,,,,DISCOVERED
ANARCHI-TEST-OCC-7D30D187F67C875A,ANARCHI-TEST-CONTENT-004C87E38896599B,UNADJUDICATED,NONE,,,,,DISCOVERED
ANARCHI-TEST-OCC-7D3301EB87F9E291,ANARCHI-TEST-CONTENT-5A24D68C070069C8,UNADJUDICATED,NONE,,,,,DISCOVERED
ANARCHI-TEST-OCC-7D4B495F9EEBDEEA,ANARCHI-TEST-CONTENT-56EDD3237E52BABC,UNADJUDICATED,NONE,,,,,DISCOVERED
ANARCHI-TEST-OCC-7D5303C2BB845027,ANARCHI-TEST-CONTENT-3F4BEBB1DB2B6877,UNADJUDICATED,NONE,,,,,DISCOVERED
ANARCHI-TEST-OCC-7D5A9F3A899352A5,ANARCHI-TEST-CONTENT-C089E1A02DAB7B68,UNADJUDICATED,NONE,,,,,DISCOVERED
ANARCHI-TEST-OCC-7D5EF291FB7625DF,ANARCHI-TEST-CONTENT-303651C98C60AFD0,UNADJUDICATED,NONE,,,,,DISCOVERED
ANARCHI-TEST-OCC-7D7408699E59CB88,ANARCHI-TEST-CONTENT-9DC97E9E9261DB3F,UNADJUDICATED,NONE,,,,,DISCOVERED
ANARCHI-TEST-OCC-7D8878F2CD71DF4C,ANARCHI-TEST-CONTENT-79A3CE663311BB9B,UNADJUDICATED,NONE,,,,,DISCOVERED
ANARCHI-TEST-OCC-7DA604F629B841FB,ANARCHI-TEST-CONTENT-5ECF067330C44063,UNADJUDICATED,NONE,,,,,DISCOVERED
ANARCHI-TEST-OCC-7DB9589229130C94,ANARCHI-TEST-CONTENT-4466130C66CB7C5B,UNADJUDICATED,NONE,,,,,DISCOVERED
ANARCHI-TEST-OCC-7DBA238E90B47880,ANARCHI-TEST-CONTENT-8B83A8374C792921,UNADJUDICATED,NONE,,,,,DISCOVERED
ANARCHI-TEST-OCC-7DC13EE08C6FA748,ANARCHI-TEST-CONTENT-18D5F482ABFB954D,UNADJUDICATED,NONE,,,,,DISCOVERED
ANARCHI-TEST-OCC-7DC55438432504DE,ANARCHI-TEST-CONTENT-05B3F2F977F21F02,UNADJUDICATED,NONE,,,,,DISCOVERED
ANARCHI-TEST-OCC-7DC56347101A571D,ANARCHI-TEST-CONTENT-B09485B004A11611,UNADJUDICATED,NONE,,,,,DISCOVERED
ANARCHI-TEST-OCC-7DC5DE2603A1594E,ANARCHI-TEST-CONTENT-3350B8C5288D066D,UNADJUDICATED,NONE,,,,,DISCOVERED
ANARCHI-TEST-OCC-7DC9C0CEC3A378DD,ANARCHI-TEST-CONTENT-C80C22BB6785549F,UNADJUDICATED,NONE,,,,,DISCOVERED
ANARCHI-TEST-OCC-7DCA4135A8215486,ANARCHI-TEST-CONTENT-AE72FF476A6EDF11,UNADJUDICATED,NONE,,,,,DISCOVERED
ANARCHI-TEST-OCC-7DDDDFBAAF56E132,ANARCHI-TEST-CONTENT-B447B217DBC39B0F,UNADJUDICATED,NONE,,,,,DISCOVERED
ANARCHI-TEST-OCC-7DEEB497D119FF41,ANARCHI-TEST-CONTENT-FC9D01FB2C3BBE57,UNADJUDICATED,NONE,,,,,DISCOVERED
ANARCHI-TEST-OCC-7DFCE6CB192FBEF9,ANARCHI-TEST-CONTENT-3E0DBA2D1A6FD324,UNADJUDICATED,NONE,,,,,DISCOVERED
ANARCHI-TEST-OCC-7E05C3EB5CF670E2,ANARCHI-TEST-CONTENT-3BF741843BF5E2DB,UNADJUDICATED,NONE,,,,,DISCOVERED
ANARCHI-TEST-OCC-7E1D95B24D63E2B4,ANARCHI-TEST-CONTENT-281D9619A6A3DC10,UNADJUDICATED,NONE,,,,,DISCOVERED
ANARCHI-TEST-OCC-7E2C1986F1EF76DF,ANARCHI-TEST-CONTENT-E3B0C44298FC1C14,UNADJUDICATED,NONE,,,,,DISCOVERED
ANARCHI-TEST-OCC-7E425D83DD6A84E6,ANARCHI-TEST-CONTENT-E3B0C44298FC1C14,UNADJUDICATED,NONE,,,,,DISCOVERED
ANARCHI-TEST-OCC-7E4E7A381ACDCCA6,ANARCHI-TEST-CONTENT-A921B08B0BCE50F8,UNADJUDICATED,NONE,,,,,DISCOVERED
ANARCHI-TEST-OCC-7E819FF9B3D64AD5,ANARCHI-TEST-CONTENT-6AFFF688266B95F8,UNADJUDICATED,NONE,,,,,DISCOVERED
ANARCHI-TEST-OCC-7E8E547C0FBF9638,ANARCHI-TEST-CONTENT-EA1381F119F833E3,UNADJUDICATED,NONE,,,,,DISCOVERED
ANARCHI-TEST-OCC-7EB9EEF738BAC5F0,ANARCHI-TEST-CONTENT-91CF98CCF14A2285,UNADJUDICATED,NONE,,,,,DISCOVERED
ANARCHI-TEST-OCC-7EC74234A3923C37,ANARCHI-TEST-CONTENT-E3B0C44298FC1C14,UNADJUDICATED,NONE,,,,,DISCOVERED
ANARCHI-TEST-OCC-7ED7E6B151DE4801,ANARCHI-TEST-CONTENT-81EC50A14AC23B01,UNADJUDICATED,NONE,,,,,DISCOVERED
ANARCHI-TEST-OCC-7EE805F7260C49A1,ANARCHI-TEST-CONTENT-4650939E53922673,UNADJUDICATED,NONE,,,,,DISCOVERED
ANARCHI-TEST-OCC-7EFDED45E75B73C6,ANARCHI-TEST-CONTENT-9179993FE80C2F06,UNADJUDICATED,NONE,,,,,DISCOVERED
ANARCHI-TEST-OCC-7F0340319CED92A7,ANARCHI-TEST-CONTENT-5E6B06CF42D24D0E,UNADJUDICATED,NONE,,,,,DISCOVERED
ANARCHI-TEST-OCC-7F0D34DD9258E62F,ANARCHI-TEST-CONTENT-0284C13E2F9D91DE,UNADJUDICATED,NONE,,,,,DISCOVERED
ANARCHI-TEST-OCC-7F3E854F5EB4694E,ANARCHI-TEST-CONTENT-8D11EA9C654FCC23,UNADJUDICATED,NONE,,,,,DISCOVERED
ANARCHI-TEST-OCC-7F4B0D3936C1107F,ANARCHI-TEST-CONTENT-63408EEF2C41AD8C,UNADJUDICATED,NONE,,,,,DISCOVERED
ANARCHI-TEST-OCC-7F5A6C8FBAEE01EB,ANARCHI-TEST-CONTENT-F514883BAD06A84C,UNADJUDICATED,NONE,,,,,DISCOVERED
ANARCHI-TEST-OCC-7F9662B26EC235D8,ANARCHI-TEST-CONTENT-DCBE95B3F62BDFA6,UNADJUDICATED,NONE,,,,,DISCOVERED
ANARCHI-TEST-OCC-7F9E25B7A73391B6,ANARCHI-TEST-CONTENT-40BCF6A843FD7DB8,UNADJUDICATED,NONE,,,,,DISCOVERED
ANARCHI-TEST-OCC-7FA07E3768C5E824,ANARCHI-TEST-CONTENT-54478FBF3EC11D67,UNADJUDICATED,NONE,,,,,DISCOVERED
ANARCHI-TEST-OCC-7FD078E3F306F146,ANARCHI-TEST-CONTENT-05B3F2F977F21F02,UNADJUDICATED,NONE,,,,,DISCOVERED
ANARCHI-TEST-OCC-7FD706759C4CADA6,ANARCHI-TEST-CONTENT-F366EE2C0628B039,UNADJUDICATED,NONE,,,,,DISCOVERED
ANARCHI-TEST-OCC-7FE751C04BD56BF6,ANARCHI-TEST-CONTENT-138266628CF610AF,UNADJUDICATED,NONE,,,,,DISCOVERED
ANARCHI-TEST-OCC-7FFDFFDFAE832EA8,ANARCHI-TEST-CONTENT-3027348E86DA7FE7,UNADJUDICATED,NONE,,,,,DISCOVERED
ANARCHI-TEST-OCC-801AA063EAA46D81,ANARCHI-TEST-CONTENT-893BC03A731ABC18,UNADJUDICATED,NONE,,,,,DISCOVERED
ANARCHI-TEST-OCC-802E22F169502F1E,ANARCHI-TEST-CONTENT-4CF30101B12752C5,UNADJUDICATED,NONE,,,,,DISCOVERED
ANARCHI-TEST-OCC-803A183B42EDBD3D,ANARCHI-TEST-CONTENT-0E9203E037089BEF,UNADJUDICATED,NONE,,,,,DISCOVERED
ANARCHI-TEST-OCC-803A7BD30D819FA9,ANARCHI-TEST-CONTENT-0CBCC80A7656C484,UNADJUDICATED,NONE,,,,,DISCOVERED
ANARCHI-TEST-OCC-804F0887166DE499,ANARCHI-TEST-CONTENT-705E752930E676CC,UNADJUDICATED,NONE,,,,,DISCOVERED
ANARCHI-TEST-OCC-80535BBB71AE6BE4,ANARCHI-TEST-CONTENT-E3B0C44298FC1C14,UNADJUDICATED,NONE,,,,,DISCOVERED
ANARCHI-TEST-OCC-807D20EDC048497B,ANARCHI-TEST-CONTENT-A6863A93A9762D22,UNADJUDICATED,NONE,,,,,DISCOVERED
ANARCHI-TEST-OCC-80887D90642CB062,ANARCHI-TEST-CONTENT-79A3CE663311BB9B,UNADJUDICATED,NONE,,,,,DISCOVERED
ANARCHI-TEST-OCC-808F598E21AB1E7A,ANARCHI-TEST-CONTENT-F5D4D3F848D97411,UNADJUDICATED,NONE,,,,,DISCOVERED
ANARCHI-TEST-OCC-80A5D39019B0B5BD,ANARCHI-TEST-CONTENT-3EF7DA6E9518705E,UNADJUDICATED,NONE,,,,,DISCOVERED
ANARCHI-TEST-OCC-80C79A2E1C6991BB,ANARCHI-TEST-CONTENT-1A810F2DE5C08893,UNADJUDICATED,NONE,,,,,DISCOVERED
ANARCHI-TEST-OCC-80CBFEEB0B8732C9,ANARCHI-TEST-CONTENT-F828687E2913DBE0,UNADJUDICATED,NONE,,,,,DISCOVERED
ANARCHI-TEST-OCC-80D44DD324CCB874,ANARCHI-TEST-CONTENT-04261F5B3DDCE0C3,UNADJUDICATED,NONE,,,,,DISCOVERED
ANARCHI-TEST-OCC-80D5732EABE9038C,ANARCHI-TEST-CONTENT-D48211CA51B7F73E,UNADJUDICATED,NONE,,,,,DISCOVERED
ANARCHI-TEST-OCC-80DE2C6407489781,ANARCHI-TEST-CONTENT-F99CC569B39F3163,UNADJUDICATED,NONE,,,,,DISCOVERED
ANARCHI-TEST-OCC-8105179B87A5995F,ANARCHI-TEST-CONTENT-24657B6C497EACBF,UNADJUDICATED,NONE,,,,,DISCOVERED
ANARCHI-TEST-OCC-8115F9A0BB7DA22F,ANARCHI-TEST-CONTENT-A238C2D1A69F59A4,UNADJUDICATED,NONE,,,,,DISCOVERED
ANARCHI-TEST-OCC-811CC620B744FE2E,ANARCHI-TEST-CONTENT-B7A2692DB21DCB68,UNADJUDICATED,NONE,,,,,DISCOVERED
ANARCHI-TEST-OCC-8129E4019DC96A27,ANARCHI-TEST-CONTENT-800104BA787C0091,UNADJUDICATED,NONE,,,,,DISCOVERED
ANARCHI-TEST-OCC-8129FDF9EA7A9061,ANARCHI-TEST-CONTENT-0AB921582FED6FC3,UNADJUDICATED,NONE,,,,,DISCOVERED
ANARCHI-TEST-OCC-812E179495EEA767,ANARCHI-TEST-CONTENT-A427CE5433D44429,UNADJUDICATED,NONE,,,,,DISCOVERED
ANARCHI-TEST-OCC-813FBB7AF1760B75,ANARCHI-TEST-CONTENT-6DD25BB60A5B2D72,UNADJUDICATED,NONE,,,,,DISCOVERED
ANARCHI-TEST-OCC-817B9D4838E1C1BF,ANARCHI-TEST-CONTENT-816800BD8FC901FC,UNADJUDICATED,NONE,,,,,DISCOVERED
ANARCHI-TEST-OCC-81A0C07ADC71ACC6,ANARCHI-TEST-CONTENT-427952AE8A03B42C,UNADJUDICATED,NONE,,,,,DISCOVERED
ANARCHI-TEST-OCC-81AFED537C4EB865,ANARCHI-TEST-CONTENT-B707640CA4D5BFDF,UNADJUDICATED,NONE,,,,,DISCOVERED
ANARCHI-TEST-OCC-821BEEE275D3A1A9,ANARCHI-TEST-CONTENT-9B484599C4F3BD9F,UNADJUDICATED,NONE,,,,,DISCOVERED
ANARCHI-TEST-OCC-82210A14CBA486C6,ANARCHI-TEST-CONTENT-DE93045E9665CF38,UNADJUDICATED,NONE,,,,,DISCOVERED
ANARCHI-TEST-OCC-8226EBE515B09838,ANARCHI-TEST-CONTENT-A08B9C8F6F8E6314,UNADJUDICATED,NONE,,,,,DISCOVERED
ANARCHI-TEST-OCC-822BA9393B72F1C2,ANARCHI-TEST-CONTENT-32480F004CC641DF,UNADJUDICATED,NONE,,,,,DISCOVERED
ANARCHI-TEST-OCC-826E567BF931C29F,ANARCHI-TEST-CONTENT-4147098F7ECCEA0F,UNADJUDICATED,NONE,,,,,DISCOVERED
ANARCHI-TEST-OCC-8286E846A6D96889,ANARCHI-TEST-CONTENT-4AB75E51F66DD9C8,UNADJUDICATED,NONE,,,,,DISCOVERED
ANARCHI-TEST-OCC-82B7783744CD6593,ANARCHI-TEST-CONTENT-8B720740D5D00721,UNADJUDICATED,NONE,,,,,DISCOVERED
ANARCHI-TEST-OCC-82CC8B725D729E95,ANARCHI-TEST-CONTENT-B89CE7E9CF46B761,UNADJUDICATED,NONE,,,,,DISCOVERED
ANARCHI-TEST-OCC-833994DC5568735C,ANARCHI-TEST-CONTENT-F75F0DDB0190F6B0,UNADJUDICATED,NONE,,,,,DISCOVERED
ANARCHI-TEST-OCC-8387C5BF586483F5,ANARCHI-TEST-CONTENT-4D176D8BFB08B0A4,UNADJUDICATED,NONE,,,,,DISCOVERED
ANARCHI-TEST-OCC-838B341151063915,ANARCHI-TEST-CONTENT-8D257E56663A70AF,UNADJUDICATED,NONE,,,,,DISCOVERED
ANARCHI-TEST-OCC-83A75D438D58CC72,ANARCHI-TEST-CONTENT-E010E4A95AAB4E5B,UNADJUDICATED,NONE,,,,,DISCOVERED
ANARCHI-TEST-OCC-83BF7FC4E9F49792,ANARCHI-TEST-CONTENT-12098571044671C2,UNADJUDICATED,NONE,,,,,DISCOVERED
ANARCHI-TEST-OCC-83DEA105487F3E8C,ANARCHI-TEST-CONTENT-F107D275E80784F2,UNADJUDICATED,NONE,,,,,DISCOVERED
ANARCHI-TEST-OCC-83E10F02FD32884E,ANARCHI-TEST-CONTENT-C4B249817C2691B2,UNADJUDICATED,NONE,,,,,DISCOVERED
ANARCHI-TEST-OCC-83E254C1B8660FB0,ANARCHI-TEST-CONTENT-48998C849A0141C5,UNADJUDICATED,NONE,,,,,DISCOVERED
ANARCHI-TEST-OCC-83E7572FA2F3DA33,ANARCHI-TEST-CONTENT-BBAA0F883F663430,UNADJUDICATED,NONE,,,,,DISCOVERED
ANARCHI-TEST-OCC-843F4185EA1AB3CC,ANARCHI-TEST-CONTENT-FE19C3085BAF33CA,UNADJUDICATED,NONE,,,,,DISCOVERED
ANARCHI-TEST-OCC-844394EDDB6E61EC,ANARCHI-TEST-CONTENT-12098571044671C2,UNADJUDICATED,NONE,,,,,DISCOVERED
ANARCHI-TEST-OCC-845D0802FA0492B2,ANARCHI-TEST-CONTENT-72D4D3FDA40E349C,UNADJUDICATED,NONE,,,,,DISCOVERED
ANARCHI-TEST-OCC-84704022556C7301,ANARCHI-TEST-CONTENT-8981A21A28EB4D12,UNADJUDICATED,NONE,,,,,DISCOVERED
ANARCHI-TEST-OCC-847B4DEB8CE39EA4,ANARCHI-TEST-CONTENT-C5095AF4E539A3A6,UNADJUDICATED,NONE,,,,,DISCOVERED
ANARCHI-TEST-OCC-8490FABA7C7B7EE3,ANARCHI-TEST-CONTENT-D4D6FA22C45FCC74,UNADJUDICATED,NONE,,,,,DISCOVERED
ANARCHI-TEST-OCC-84A12AEFF0851C96,ANARCHI-TEST-CONTENT-C26D0BEA976F75D0,UNADJUDICATED,NONE,,,,,DISCOVERED
ANARCHI-TEST-OCC-84A2EE4A70E6669C,ANARCHI-TEST-CONTENT-D928C212308F91FD,UNADJUDICATED,NONE,,,,,DISCOVERED
ANARCHI-TEST-OCC-8502C00247050158,ANARCHI-TEST-CONTENT-E3B0C44298FC1C14,UNADJUDICATED,NONE,,,,,DISCOVERED
ANARCHI-TEST-OCC-851C4BD5976632FA,ANARCHI-TEST-CONTENT-5CFB8CEAE97B5EB5,UNADJUDICATED,NONE,,,,,DISCOVERED
ANARCHI-TEST-OCC-851F4D63C125233F,ANARCHI-TEST-CONTENT-043F9BE9EF49CACF,UNADJUDICATED,NONE,,,,,DISCOVERED
ANARCHI-TEST-OCC-8524199CAF501424,ANARCHI-TEST-CONTENT-5A84E70FF20685EC,UNADJUDICATED,NONE,,,,,DISCOVERED
ANARCHI-TEST-OCC-854AEE88E5A22F30,ANARCHI-TEST-CONTENT-E3B0C44298FC1C14,UNADJUDICATED,NONE,,,,,DISCOVERED
ANARCHI-TEST-OCC-855A669D6C69BD27,ANARCHI-TEST-CONTENT-8C92F031D86E51A9,UNADJUDICATED,NONE,,,,,DISCOVERED
ANARCHI-TEST-OCC-8571EA8206E52AC8,ANARCHI-TEST-CONTENT-EA9CA12D85791EE5,UNADJUDICATED,NONE,,,,,DISCOVERED
ANARCHI-TEST-OCC-85744D247C2E8A0E,ANARCHI-TEST-CONTENT-583499E6748A010E,UNADJUDICATED,NONE,,,,,DISCOVERED
ANARCHI-TEST-OCC-858456F9D6590F2D,ANARCHI-TEST-CONTENT-DA4D17F7537B74E1,UNADJUDICATED,NONE,,,,,DISCOVERED
ANARCHI-TEST-OCC-858567822872911A,ANARCHI-TEST-CONTENT-BFEB064DA5BD4BE8,UNADJUDICATED,NONE,,,,,DISCOVERED
ANARCHI-TEST-OCC-8588CAE1D18BB293,ANARCHI-TEST-CONTENT-3FC335D72575763F,UNADJUDICATED,NONE,,,,,DISCOVERED
ANARCHI-TEST-OCC-85896F5EABA2B061,ANARCHI-TEST-CONTENT-7F7514570BBB6EDE,UNADJUDICATED,NONE,,,,,DISCOVERED
ANARCHI-TEST-OCC-859A9910869083F6,ANARCHI-TEST-CONTENT-1159B9F84B4E105A,UNADJUDICATED,NONE,,,,,DISCOVERED
ANARCHI-TEST-OCC-85CAC65A81FE82FA,ANARCHI-TEST-CONTENT-7D403BC932488A16,UNADJUDICATED,NONE,,,,,DISCOVERED
ANARCHI-TEST-OCC-85D22EA40612F810,ANARCHI-TEST-CONTENT-613B5C96DFF9D27F,UNADJUDICATED,NONE,,,,,DISCOVERED
ANARCHI-TEST-OCC-85D9F8D12220E909,ANARCHI-TEST-CONTENT-210E3A068EF92A2B,UNADJUDICATED,NONE,,,,,DISCOVERED
ANARCHI-TEST-OCC-85E2276BE07F88B3,ANARCHI-TEST-CONTENT-FD06840AEDC94114,UNADJUDICATED,NONE,,,,,DISCOVERED
ANARCHI-TEST-OCC-85EEBC801C19F2C5,ANARCHI-TEST-CONTENT-893BC03A731ABC18,UNADJUDICATED,NONE,,,,,DISCOVERED
ANARCHI-TEST-OCC-8601AB2C3671EE3C,ANARCHI-TEST-CONTENT-BF9F0F81C54F3278,UNADJUDICATED,NONE,,,,,DISCOVERED
ANARCHI-TEST-OCC-86020BD7C4911C12,ANARCHI-TEST-CONTENT-1CFF1849B4FD255A,UNADJUDICATED,NONE,,,,,DISCOVERED
ANARCHI-TEST-OCC-862B1C483E83BE17,ANARCHI-TEST-CONTENT-8A602B39DFB26903,UNADJUDICATED,NONE,,,,,DISCOVERED
ANARCHI-TEST-OCC-8648F1C4D34F29BA,ANARCHI-TEST-CONTENT-8B78C1D0F7307556,UNADJUDICATED,NONE,,,,,DISCOVERED
ANARCHI-TEST-OCC-8649920B58F54ED8,ANARCHI-TEST-CONTENT-D3BD83E7A82E059D,UNADJUDICATED,NONE,,,,,DISCOVERED
ANARCHI-TEST-OCC-8681611F730E4141,ANARCHI-TEST-CONTENT-BD6CD3B088CC8D55,UNADJUDICATED,NONE,,,,,DISCOVERED
ANARCHI-TEST-OCC-8683B4A99252AB3E,ANARCHI-TEST-CONTENT-1619A8695B4E1F92,UNADJUDICATED,NONE,,,,,DISCOVERED
ANARCHI-TEST-OCC-8697B9BC79280964,ANARCHI-TEST-CONTENT-8CCB7D84DF7999D8,UNADJUDICATED,NONE,,,,,DISCOVERED
ANARCHI-TEST-OCC-86A77A1D488AE56D,ANARCHI-TEST-CONTENT-B9145E4548918023,UNADJUDICATED,NONE,,,,,DISCOVERED
ANARCHI-TEST-OCC-86A88EE599B57556,ANARCHI-TEST-CONTENT-0DF1467BA5B5A695,UNADJUDICATED,NONE,,,,,DISCOVERED
ANARCHI-TEST-OCC-86AA9BC5900C95D2,ANARCHI-TEST-CONTENT-6CF993D3D485D21A,UNADJUDICATED,NONE,,,,,DISCOVERED
ANARCHI-TEST-OCC-86C7C381C0111DD9,ANARCHI-TEST-CONTENT-371EF5DD5EBCBB3E,UNADJUDICATED,NONE,,,,,DISCOVERED
ANARCHI-TEST-OCC-86D7C386DF0E26A3,ANARCHI-TEST-CONTENT-EA551E65F99A056B,UNADJUDICATED,NONE,,,,,DISCOVERED
ANARCHI-TEST-OCC-86D7CC9288DC802B,ANARCHI-TEST-CONTENT-9E8876C83EA45C60,UNADJUDICATED,NONE,,,,,DISCOVERED
ANARCHI-TEST-OCC-86E567E199DC5DCC,ANARCHI-TEST-CONTENT-50C0F77987FF3E88,UNADJUDICATED,NONE,,,,,DISCOVERED
ANARCHI-TEST-OCC-86F3BA5B43396F9C,ANARCHI-TEST-CONTENT-FCB90182B4EE7A6F,UNADJUDICATED,NONE,,,,,DISCOVERED
ANARCHI-TEST-OCC-86F5049854DFD8DA,ANARCHI-TEST-CONTENT-55DB692BF3F50154,UNADJUDICATED,NONE,,,,,DISCOVERED
ANARCHI-TEST-OCC-86FA1E15C47D98AE,ANARCHI-TEST-CONTENT-3F4DFF35C230D67F,UNADJUDICATED,NONE,,,,,DISCOVERED
ANARCHI-TEST-OCC-86FBBC339255FB87,ANARCHI-TEST-CONTENT-A41CFD0E36733CAF,UNADJUDICATED,NONE,,,,,DISCOVERED
ANARCHI-TEST-OCC-8710553E7FF1CFBF,ANARCHI-TEST-CONTENT-B2414E59944DA83B,UNADJUDICATED,NONE,,,,,DISCOVERED
ANARCHI-TEST-OCC-8737F4D0B706C62E,ANARCHI-TEST-CONTENT-04261F5B3DDCE0C3,UNADJUDICATED,NONE,,,,,DISCOVERED
ANARCHI-TEST-OCC-874307E2757677DB,ANARCHI-TEST-CONTENT-DD81AB5C2B052E12,UNADJUDICATED,NONE,,,,,DISCOVERED
ANARCHI-TEST-OCC-874326682494D245,ANARCHI-TEST-CONTENT-E3B0C44298FC1C14,UNADJUDICATED,NONE,,,,,DISCOVERED
ANARCHI-TEST-OCC-875E688F6C738014,ANARCHI-TEST-CONTENT-68F9E42BA6111C04,UNADJUDICATED,NONE,,,,,DISCOVERED
ANARCHI-TEST-OCC-87C1107DD331AB11,ANARCHI-TEST-CONTENT-498E848F88AF87EB,UNADJUDICATED,NONE,,,,,DISCOVERED
ANARCHI-TEST-OCC-87C213C49684398C,ANARCHI-TEST-CONTENT-B1D33645630836F4,UNADJUDICATED,NONE,,,,,DISCOVERED
ANARCHI-TEST-OCC-87E1792A1C98C8AE,ANARCHI-TEST-CONTENT-31D0309E99884237,UNADJUDICATED,NONE,,,,,DISCOVERED
ANARCHI-TEST-OCC-87EC52E49EB46625,ANARCHI-TEST-CONTENT-1757599DF21CC81E,UNADJUDICATED,NONE,,,,,DISCOVERED
ANARCHI-TEST-OCC-87F6782664B21B07,ANARCHI-TEST-CONTENT-9499637E9D3E6894,UNADJUDICATED,NONE,,,,,DISCOVERED
ANARCHI-TEST-OCC-8806AD72D88B5063,ANARCHI-TEST-CONTENT-AA85853C48F29B98,UNADJUDICATED,NONE,,,,,DISCOVERED
ANARCHI-TEST-OCC-8823E9AB65A60695,ANARCHI-TEST-CONTENT-B0733CC4382F2D36,UNADJUDICATED,NONE,,,,,DISCOVERED
ANARCHI-TEST-OCC-8831A866900E2C4B,ANARCHI-TEST-CONTENT-1DDF48BC2CAFC0F4,UNADJUDICATED,NONE,,,,,DISCOVERED
ANARCHI-TEST-OCC-8835DECF569523FA,ANARCHI-TEST-CONTENT-26E99D7ABCA3A549,UNADJUDICATED,NONE,,,,,DISCOVERED
ANARCHI-TEST-OCC-88652F5585D24B00,ANARCHI-TEST-CONTENT-203C62A46C1A2BBA,UNADJUDICATED,NONE,,,,,DISCOVERED
ANARCHI-TEST-OCC-886AB3C0429D5117,ANARCHI-TEST-CONTENT-725C8786CD4270C4,UNADJUDICATED,NONE,,,,,DISCOVERED
ANARCHI-TEST-OCC-886B12C477C58BF6,ANARCHI-TEST-CONTENT-12098571044671C2,UNADJUDICATED,NONE,,,,,DISCOVERED
ANARCHI-TEST-OCC-8873DA3D89246C8D,ANARCHI-TEST-CONTENT-C62EC67B76E3DAB2,UNADJUDICATED,NONE,,,,,DISCOVERED
ANARCHI-TEST-OCC-88769AB3022B443D,ANARCHI-TEST-CONTENT-D834483954BAA7E6,UNADJUDICATED,NONE,,,,,DISCOVERED
ANARCHI-TEST-OCC-88D0FCD27A9BFEAC,ANARCHI-TEST-CONTENT-5B6F2B09161CCEFE,UNADJUDICATED,NONE,,,,,DISCOVERED
ANARCHI-TEST-OCC-88D1C72B3AB61D1B,ANARCHI-TEST-CONTENT-F514883BAD06A84C,UNADJUDICATED,NONE,,,,,DISCOVERED
ANARCHI-TEST-OCC-88E16E44E905725D,ANARCHI-TEST-CONTENT-E109E35163803009,UNADJUDICATED,NONE,,,,,DISCOVERED
ANARCHI-TEST-OCC-892F9CF3EE5EBA54,ANARCHI-TEST-CONTENT-CDEE295FADBAA47B,UNADJUDICATED,NONE,,,,,DISCOVERED
ANARCHI-TEST-OCC-896B0C2C292C12E9,ANARCHI-TEST-CONTENT-0F02942929784AB7,UNADJUDICATED,NONE,,,,,DISCOVERED
ANARCHI-TEST-OCC-896FCE520718267D,ANARCHI-TEST-CONTENT-DBD7878B214ACC6D,UNADJUDICATED,NONE,,,,,DISCOVERED
ANARCHI-TEST-OCC-8991E9092AD10A64,ANARCHI-TEST-CONTENT-05F962E142A1811F,UNADJUDICATED,NONE,,,,,DISCOVERED
ANARCHI-TEST-OCC-89953D0AE5658C8F,ANARCHI-TEST-CONTENT-38CE13274E8297B8,UNADJUDICATED,NONE,,,,,DISCOVERED
ANARCHI-TEST-OCC-899B01EF0FAA0D8C,ANARCHI-TEST-CONTENT-EA59B4FB37B1A3BA,UNADJUDICATED,NONE,,,,,DISCOVERED
ANARCHI-TEST-OCC-89AE478029CC2698,ANARCHI-TEST-CONTENT-63F90A8085A9AE2F,UNADJUDICATED,NONE,,,,,DISCOVERED
ANARCHI-TEST-OCC-89D24107150F1ECD,ANARCHI-TEST-CONTENT-6C12D0636052AC57,UNADJUDICATED,NONE,,,,,DISCOVERED
ANARCHI-TEST-OCC-89D36F5459C403D5,ANARCHI-TEST-CONTENT-EA59B4FB37B1A3BA,UNADJUDICATED,NONE,,,,,DISCOVERED
ANARCHI-TEST-OCC-89DD85A91C34600F,ANARCHI-TEST-CONTENT-8450B35AC2238549,UNADJUDICATED,NONE,,,,,DISCOVERED
ANARCHI-TEST-OCC-89ECF288B1202D3A,ANARCHI-TEST-CONTENT-83BDEC517B58371C,UNADJUDICATED,NONE,,,,,DISCOVERED
ANARCHI-TEST-OCC-89F062B7A8EC389D,ANARCHI-TEST-CONTENT-77834C4ED0FD57F7,UNADJUDICATED,NONE,,,,,DISCOVERED
ANARCHI-TEST-OCC-89F30E244956DAF0,ANARCHI-TEST-CONTENT-E79666BE9D8A0BA3,UNADJUDICATED,NONE,,,,,DISCOVERED
ANARCHI-TEST-OCC-89FDC1C06D6F3EF4,ANARCHI-TEST-CONTENT-9D9CAECCC6B30BF1,UNADJUDICATED,NONE,,,,,DISCOVERED
ANARCHI-TEST-OCC-8A1B90BFC213005E,ANARCHI-TEST-CONTENT-B4ABEA80CCF88F4C,UNADJUDICATED,NONE,,,,,DISCOVERED
ANARCHI-TEST-OCC-8A3A9B8797F4BAE9,ANARCHI-TEST-CONTENT-072FAF431B47FC4C,UNADJUDICATED,NONE,,,,,DISCOVERED
ANARCHI-TEST-OCC-8A4933FF7209E66E,ANARCHI-TEST-CONTENT-E23F78ADCFF4C99B,UNADJUDICATED,NONE,,,,,DISCOVERED
ANARCHI-TEST-OCC-8A51750B022D1810,ANARCHI-TEST-CONTENT-0BB386010413CF46,UNADJUDICATED,NONE,,,,,DISCOVERED
ANARCHI-TEST-OCC-8A569ADA90FB5BD5,ANARCHI-TEST-CONTENT-D48211CA51B7F73E,UNADJUDICATED,NONE,,,,,DISCOVERED
ANARCHI-TEST-OCC-8A5CCF114961FCF4,ANARCHI-TEST-CONTENT-5FDB0FFD57CF8B86,UNADJUDICATED,NONE,,,,,DISCOVERED
ANARCHI-TEST-OCC-8A6E4FA23CB4438F,ANARCHI-TEST-CONTENT-39B6A16677BD9506,UNADJUDICATED,NONE,,,,,DISCOVERED
ANARCHI-TEST-OCC-8A6FE5D133B6254E,ANARCHI-TEST-CONTENT-E3B0C44298FC1C14,UNADJUDICATED,NONE,,,,,DISCOVERED
ANARCHI-TEST-OCC-8A8DA169E6C53D08,ANARCHI-TEST-CONTENT-61D9056A8CEC56D8,UNADJUDICATED,NONE,,,,,DISCOVERED
ANARCHI-TEST-OCC-8A924FCB4D3570D5,ANARCHI-TEST-CONTENT-800104BA787C0091,UNADJUDICATED,NONE,,,,,DISCOVERED
ANARCHI-TEST-OCC-8A946A7CA7AF7B21,ANARCHI-TEST-CONTENT-D48211CA51B7F73E,UNADJUDICATED,NONE,,,,,DISCOVERED
ANARCHI-TEST-OCC-8AACD252F32DAF84,ANARCHI-TEST-CONTENT-B36FF644027039A3,UNADJUDICATED,NONE,,,,,DISCOVERED
ANARCHI-TEST-OCC-8AEF5444778B31BE,ANARCHI-TEST-CONTENT-324FA5FDECB2BB45,UNADJUDICATED,NONE,,,,,DISCOVERED
ANARCHI-TEST-OCC-8AFE84A8FFC57BA3,ANARCHI-TEST-CONTENT-8ED3E92FB05D0C9E,UNADJUDICATED,NONE,,,,,DISCOVERED
ANARCHI-TEST-OCC-8B1017F902F82FBD,ANARCHI-TEST-CONTENT-3E0DBA2D1A6FD324,UNADJUDICATED,NONE,,,,,DISCOVERED
ANARCHI-TEST-OCC-8B14B07202C2B5A1,ANARCHI-TEST-CONTENT-DA4D17F7537B74E1,UNADJUDICATED,NONE,,,,,DISCOVERED
ANARCHI-TEST-OCC-8B1CBA975B508BC0,ANARCHI-TEST-CONTENT-43B80E2BCCC77DBE,UNADJUDICATED,NONE,,,,,DISCOVERED
ANARCHI-TEST-OCC-8B32BED0ABEF25CD,ANARCHI-TEST-CONTENT-78D6D99BB3E1DEAB,UNADJUDICATED,NONE,,,,,DISCOVERED
ANARCHI-TEST-OCC-8B3D79F857DD85BD,ANARCHI-TEST-CONTENT-1CFF1849B4FD255A,UNADJUDICATED,NONE,,,,,DISCOVERED
ANARCHI-TEST-OCC-8B5DCD122AFBE941,ANARCHI-TEST-CONTENT-42489A5558F49EA1,UNADJUDICATED,NONE,,,,,DISCOVERED
ANARCHI-TEST-OCC-8B7DB61624B4DF99,ANARCHI-TEST-CONTENT-E3B0C44298FC1C14,UNADJUDICATED,NONE,,,,,DISCOVERED
ANARCHI-TEST-OCC-8B92D4A604BD2802,ANARCHI-TEST-CONTENT-87D16A1B95457268,UNADJUDICATED,NONE,,,,,DISCOVERED
ANARCHI-TEST-OCC-8BB1FAFEBEF19276,ANARCHI-TEST-CONTENT-6E3FF32ABD6855CB,UNADJUDICATED,NONE,,,,,DISCOVERED
ANARCHI-TEST-OCC-8BB3467FBF58CFAD,ANARCHI-TEST-CONTENT-4D166785024135D1,UNADJUDICATED,NONE,,,,,DISCOVERED
ANARCHI-TEST-OCC-8BBC68DD0824C797,ANARCHI-TEST-CONTENT-5F634DB329F079F8,UNADJUDICATED,NONE,,,,,DISCOVERED
ANARCHI-TEST-OCC-8BC5AD3306FFFC09,ANARCHI-TEST-CONTENT-E3B0C44298FC1C14,UNADJUDICATED,NONE,,,,,DISCOVERED
ANARCHI-TEST-OCC-8BCDBB0475A7E544,ANARCHI-TEST-CONTENT-F6C9F9A9E628A45D,UNADJUDICATED,NONE,,,,,DISCOVERED
ANARCHI-TEST-OCC-8BDB9C55D5EFDE3C,ANARCHI-TEST-CONTENT-4D166785024135D1,UNADJUDICATED,NONE,,,,,DISCOVERED
ANARCHI-TEST-OCC-8BE5B6CDFB00717F,ANARCHI-TEST-CONTENT-E3B0C44298FC1C14,UNADJUDICATED,NONE,,,,,DISCOVERED
ANARCHI-TEST-OCC-8BF50B0CACBE828E,ANARCHI-TEST-CONTENT-5A46D8456E80E85A,UNADJUDICATED,NONE,,,,,DISCOVERED
ANARCHI-TEST-OCC-8C1C133C8533C8A9,ANARCHI-TEST-CONTENT-76CF84A140AF7E24,UNADJUDICATED,NONE,,,,,DISCOVERED
ANARCHI-TEST-OCC-8C31C0E6035A2F40,ANARCHI-TEST-CONTENT-E3B0C44298FC1C14,UNADJUDICATED,NONE,,,,,DISCOVERED
ANARCHI-TEST-OCC-8C391815FD455649,ANARCHI-TEST-CONTENT-4A389C8C0A6D7191,UNADJUDICATED,NONE,,,,,DISCOVERED
ANARCHI-TEST-OCC-8C3B30B6AEE77232,ANARCHI-TEST-CONTENT-AB2038325D82BCDB,UNADJUDICATED,NONE,,,,,DISCOVERED
ANARCHI-TEST-OCC-8C5BFE4C41B3F14C,ANARCHI-TEST-CONTENT-D834483954BAA7E6,UNADJUDICATED,NONE,,,,,DISCOVERED
ANARCHI-TEST-OCC-8C7A6DCA2A84DD7D,ANARCHI-TEST-CONTENT-BA641E80468A1E66,UNADJUDICATED,NONE,,,,,DISCOVERED
ANARCHI-TEST-OCC-8CC58ACB5245732E,ANARCHI-TEST-CONTENT-A042575E520922E8,UNADJUDICATED,NONE,,,,,DISCOVERED
ANARCHI-TEST-OCC-8CD91F53F6D884DB,ANARCHI-TEST-CONTENT-71C614DA38387D1D,UNADJUDICATED,NONE,,,,,DISCOVERED
ANARCHI-TEST-OCC-8CDD29A312101E0B,ANARCHI-TEST-CONTENT-4D88E18B78348B0C,UNADJUDICATED,NONE,,,,,DISCOVERED
ANARCHI-TEST-OCC-8CE07BC0BA40D0C9,ANARCHI-TEST-CONTENT-B2AD3C54DD92D235,UNADJUDICATED,NONE,,,,,DISCOVERED
ANARCHI-TEST-OCC-8CEECBFDA2F56E6A,ANARCHI-TEST-CONTENT-287FBD2C0304DE57,UNADJUDICATED,NONE,,,,,DISCOVERED
ANARCHI-TEST-OCC-8CEF95BBD13E4756,ANARCHI-TEST-CONTENT-D0770C758F2BD4BB,UNADJUDICATED,NONE,,,,,DISCOVERED
ANARCHI-TEST-OCC-8D32021F0A2DACEA,ANARCHI-TEST-CONTENT-407AD3D64AAC850B,UNADJUDICATED,NONE,,,,,DISCOVERED
ANARCHI-TEST-OCC-8D39FD8301EE24D4,ANARCHI-TEST-CONTENT-54A26DA135340381,UNADJUDICATED,NONE,,,,,DISCOVERED
ANARCHI-TEST-OCC-8D3EAF3E1E8D9CDD,ANARCHI-TEST-CONTENT-05B3F2F977F21F02,UNADJUDICATED,NONE,,,,,DISCOVERED
ANARCHI-TEST-OCC-8D413D1B01B33920,ANARCHI-TEST-CONTENT-5291ECCB166CC2C9,UNADJUDICATED,NONE,,,,,DISCOVERED
ANARCHI-TEST-OCC-8D5854A6775BBC41,ANARCHI-TEST-CONTENT-91F26B656B58BA5C,UNADJUDICATED,NONE,,,,,DISCOVERED
ANARCHI-TEST-OCC-8D68164D28D91DF1,ANARCHI-TEST-CONTENT-6EF9B1D418F2A5C2,UNADJUDICATED,NONE,,,,,DISCOVERED
ANARCHI-TEST-OCC-8D7C7922EC5F44F0,ANARCHI-TEST-CONTENT-D48211CA51B7F73E,UNADJUDICATED,NONE,,,,,DISCOVERED
ANARCHI-TEST-OCC-8D9677DAF1BEC068,ANARCHI-TEST-CONTENT-ACD18DC5ED57C3A3,UNADJUDICATED,NONE,,,,,DISCOVERED
ANARCHI-TEST-OCC-8D9E8C243C7AB67A,ANARCHI-TEST-CONTENT-24657B6C497EACBF,UNADJUDICATED,NONE,,,,,DISCOVERED
ANARCHI-TEST-OCC-8E022E66F8244091,ANARCHI-TEST-CONTENT-319070A36834B4E9,UNADJUDICATED,NONE,,,,,DISCOVERED
ANARCHI-TEST-OCC-8E0E4ED2125C7D8C,ANARCHI-TEST-CONTENT-FFC3C602158C43F0,UNADJUDICATED,NONE,,,,,DISCOVERED
ANARCHI-TEST-OCC-8E30BD4ED04C6717,ANARCHI-TEST-CONTENT-9AD5E0AD3E5BA472,UNADJUDICATED,NONE,,,,,DISCOVERED
ANARCHI-TEST-OCC-8E32D2EDBC8CCBE4,ANARCHI-TEST-CONTENT-0CBE6654DC08E7F2,UNADJUDICATED,NONE,,,,,DISCOVERED
ANARCHI-TEST-OCC-8E34F55E0A934857,ANARCHI-TEST-CONTENT-5BA5CF5C2665263D,UNADJUDICATED,NONE,,,,,DISCOVERED
ANARCHI-TEST-OCC-8E36E5AB6AA02A27,ANARCHI-TEST-CONTENT-541A276D6834B8B7,UNADJUDICATED,NONE,,,,,DISCOVERED
ANARCHI-TEST-OCC-8E4242C4CD22FE4C,ANARCHI-TEST-CONTENT-7AEC1D3BD76D57EE,UNADJUDICATED,NONE,,,,,DISCOVERED
ANARCHI-TEST-OCC-8E60EC302AA2DB26,ANARCHI-TEST-CONTENT-EB56D035BE491991,UNADJUDICATED,NONE,,,,,DISCOVERED
ANARCHI-TEST-OCC-8E66A80BB83E780B,ANARCHI-TEST-CONTENT-AAD7F5C35EB0E848,UNADJUDICATED,NONE,,,,,DISCOVERED
ANARCHI-TEST-OCC-8E681E59BE8DDA96,ANARCHI-TEST-CONTENT-9F0FB5AF4320C5BC,UNADJUDICATED,NONE,,,,,DISCOVERED
ANARCHI-TEST-OCC-8E6A0D91C9469A50,ANARCHI-TEST-CONTENT-9AB4DFC1BA0C0909,UNADJUDICATED,NONE,,,,,DISCOVERED
ANARCHI-TEST-OCC-8E6FFD5D4CB59F8C,ANARCHI-TEST-CONTENT-0F524A2E128272CE,UNADJUDICATED,NONE,,,,,DISCOVERED
ANARCHI-TEST-OCC-8E79FE4C1846C995,ANARCHI-TEST-CONTENT-701C214017D5DCA6,UNADJUDICATED,NONE,,,,,DISCOVERED
ANARCHI-TEST-OCC-8E7A57604C462279,ANARCHI-TEST-CONTENT-89C76AE697A4EC68,UNADJUDICATED,NONE,,,,,DISCOVERED
ANARCHI-TEST-OCC-8E98A24B044083C7,ANARCHI-TEST-CONTENT-F29E2961CD794E55,UNADJUDICATED,NONE,,,,,DISCOVERED
ANARCHI-TEST-OCC-8E993153095BBA55,ANARCHI-TEST-CONTENT-08B1969773CFB619,UNADJUDICATED,NONE,,,,,DISCOVERED
ANARCHI-TEST-OCC-8EDDD87883D8B9F0,ANARCHI-TEST-CONTENT-0903D475FF9570B4,UNADJUDICATED,NONE,,,,,DISCOVERED
ANARCHI-TEST-OCC-8EE354E8DE056907,ANARCHI-TEST-CONTENT-05B3F2F977F21F02,UNADJUDICATED,NONE,,,,,DISCOVERED
ANARCHI-TEST-OCC-8EF747DC133EA23C,ANARCHI-TEST-CONTENT-2080A5ABE2EB4E03,UNADJUDICATED,NONE,,,,,DISCOVERED
ANARCHI-TEST-OCC-8EFD24124C7B6687,ANARCHI-TEST-CONTENT-01D68501684436A6,UNADJUDICATED,NONE,,,,,DISCOVERED
ANARCHI-TEST-OCC-8F1E00C9632690BF,ANARCHI-TEST-CONTENT-8CCB7D84DF7999D8,UNADJUDICATED,NONE,,,,,DISCOVERED
ANARCHI-TEST-OCC-8F4A49B53D8B5B08,ANARCHI-TEST-CONTENT-F366EE2C0628B039,UNADJUDICATED,NONE,,,,,DISCOVERED
ANARCHI-TEST-OCC-8F6C29032149687A,ANARCHI-TEST-CONTENT-3EF82C52144CBC12,UNADJUDICATED,NONE,,,,,DISCOVERED
ANARCHI-TEST-OCC-8F8CAF80CF3A0985,ANARCHI-TEST-CONTENT-C7E9FE4FE0A89FEF,UNADJUDICATED,NONE,,,,,DISCOVERED
ANARCHI-TEST-OCC-8FAA952855D876CF,ANARCHI-TEST-CONTENT-FBC1B81408BFB839,UNADJUDICATED,NONE,,,,,DISCOVERED
ANARCHI-TEST-OCC-8FE088A3EEF46395,ANARCHI-TEST-CONTENT-13D8009AB54CE558,UNADJUDICATED,NONE,,,,,DISCOVERED
ANARCHI-TEST-OCC-8FEB7CAC2AF9B5DA,ANARCHI-TEST-CONTENT-60A5D0765053416B,UNADJUDICATED,NONE,,,,,DISCOVERED
ANARCHI-TEST-OCC-8FF7D9C50C596121,ANARCHI-TEST-CONTENT-B1EABDA39D5DB1AD,UNADJUDICATED,NONE,,,,,DISCOVERED
ANARCHI-TEST-OCC-90051288A4777F51,ANARCHI-TEST-CONTENT-EC652C0D0419B586,UNADJUDICATED,NONE,,,,,DISCOVERED
ANARCHI-TEST-OCC-90116FB23A362C0C,ANARCHI-TEST-CONTENT-04261F5B3DDCE0C3,UNADJUDICATED,NONE,,,,,DISCOVERED
ANARCHI-TEST-OCC-9023EB593D8B18F8,ANARCHI-TEST-CONTENT-C6DDDD97F0E3C6EC,UNADJUDICATED,NONE,,,,,DISCOVERED
ANARCHI-TEST-OCC-904E708716FA8C46,ANARCHI-TEST-CONTENT-DB5BD39EC7B6B54B,UNADJUDICATED,NONE,,,,,DISCOVERED
ANARCHI-TEST-OCC-905310E7A232830B,ANARCHI-TEST-CONTENT-AA85853C48F29B98,UNADJUDICATED,NONE,,,,,DISCOVERED
ANARCHI-TEST-OCC-906A56FDADDAC4EF,ANARCHI-TEST-CONTENT-46104701DE518D9E,UNADJUDICATED,NONE,,,,,DISCOVERED
ANARCHI-TEST-OCC-90762120AFE33316,ANARCHI-TEST-CONTENT-7894B7ECC3EC7C22,UNADJUDICATED,NONE,,,,,DISCOVERED
ANARCHI-TEST-OCC-908079FDE755B42C,ANARCHI-TEST-CONTENT-0D4BDC6B1ED61ADC,UNADJUDICATED,NONE,,,,,DISCOVERED
ANARCHI-TEST-OCC-90B022C4A07DBAB3,ANARCHI-TEST-CONTENT-8D11EA9C654FCC23,UNADJUDICATED,NONE,,,,,DISCOVERED
ANARCHI-TEST-OCC-90B2A8283F2742E0,ANARCHI-TEST-CONTENT-05B3F2F977F21F02,UNADJUDICATED,NONE,,,,,DISCOVERED
ANARCHI-TEST-OCC-90BAA2D58D831D47,ANARCHI-TEST-CONTENT-F5D4D3F848D97411,UNADJUDICATED,NONE,,,,,DISCOVERED
ANARCHI-TEST-OCC-90C3328C2B95E226,ANARCHI-TEST-CONTENT-E3B0C44298FC1C14,UNADJUDICATED,NONE,,,,,DISCOVERED
ANARCHI-TEST-OCC-90C8F0BA6EDF8445,ANARCHI-TEST-CONTENT-885E66EC4B8897B8,UNADJUDICATED,NONE,,,,,DISCOVERED
ANARCHI-TEST-OCC-90C954896C733178,ANARCHI-TEST-CONTENT-6137550D52EF3548,UNADJUDICATED,NONE,,,,,DISCOVERED
ANARCHI-TEST-OCC-90CA877C6633F0B7,ANARCHI-TEST-CONTENT-87B3E05337924E0E,UNADJUDICATED,NONE,,,,,DISCOVERED
ANARCHI-TEST-OCC-90E6688C8D2BF808,ANARCHI-TEST-CONTENT-E3B0C44298FC1C14,UNADJUDICATED,NONE,,,,,DISCOVERED
ANARCHI-TEST-OCC-90F2E29781BA5C2B,ANARCHI-TEST-CONTENT-2D5C8951EA1F89AC,UNADJUDICATED,NONE,,,,,DISCOVERED
ANARCHI-TEST-OCC-90FDA141F5F20C69,ANARCHI-TEST-CONTENT-8500C7FE88ED7C4D,UNADJUDICATED,NONE,,,,,DISCOVERED
ANARCHI-TEST-OCC-9115F3A53E42EEB7,ANARCHI-TEST-CONTENT-A04836C475386C00,UNADJUDICATED,NONE,,,,,DISCOVERED
ANARCHI-TEST-OCC-9125F536A7238EB1,ANARCHI-TEST-CONTENT-D48211CA51B7F73E,UNADJUDICATED,NONE,,,,,DISCOVERED
ANARCHI-TEST-OCC-91429FF279B5A485,ANARCHI-TEST-CONTENT-9BE3B652AB6F7F53,UNADJUDICATED,NONE,,,,,DISCOVERED
ANARCHI-TEST-OCC-915BC86B5EE1A02E,ANARCHI-TEST-CONTENT-F4DFE661669A4386,UNADJUDICATED,NONE,,,,,DISCOVERED
ANARCHI-TEST-OCC-916127A80D4D3828,ANARCHI-TEST-CONTENT-E0BD106748707EB8,UNADJUDICATED,NONE,,,,,DISCOVERED
ANARCHI-TEST-OCC-9178C8AAA4817B00,ANARCHI-TEST-CONTENT-97937E9B8628E480,UNADJUDICATED,NONE,,,,,DISCOVERED
ANARCHI-TEST-OCC-918D04FF2A8389F8,ANARCHI-TEST-CONTENT-6EF9B1D418F2A5C2,UNADJUDICATED,NONE,,,,,DISCOVERED
ANARCHI-TEST-OCC-918E3BBA61D9D360,ANARCHI-TEST-CONTENT-6DDAF2668E5F5DF4,UNADJUDICATED,NONE,,,,,DISCOVERED
ANARCHI-TEST-OCC-91ADFC0684219704,ANARCHI-TEST-CONTENT-DDEE3A1A84DB48FF,UNADJUDICATED,NONE,,,,,DISCOVERED
ANARCHI-TEST-OCC-91AFC50791EE4E44,ANARCHI-TEST-CONTENT-45B13D0437370B43,UNADJUDICATED,NONE,,,,,DISCOVERED
ANARCHI-TEST-OCC-91B0010A9693E9DD,ANARCHI-TEST-CONTENT-4B1B727DDA4F7BAC,UNADJUDICATED,NONE,,,,,DISCOVERED
ANARCHI-TEST-OCC-91BEF25C52CD4D48,ANARCHI-TEST-CONTENT-D5E6596193990F8D,UNADJUDICATED,NONE,,,,,DISCOVERED
ANARCHI-TEST-OCC-91C61A3DEC7597CA,ANARCHI-TEST-CONTENT-C67CCDB0E88E818D,UNADJUDICATED,NONE,,,,,DISCOVERED
ANARCHI-TEST-OCC-91D68869D2D31D7C,ANARCHI-TEST-CONTENT-4B5535377C5F07E7,UNADJUDICATED,NONE,,,,,DISCOVERED
ANARCHI-TEST-OCC-91E144717527B2CF,ANARCHI-TEST-CONTENT-45DB37893B2675BD,UNADJUDICATED,NONE,,,,,DISCOVERED
ANARCHI-TEST-OCC-92005ECC41E67DBE,ANARCHI-TEST-CONTENT-6F5725BE9DD1AFB1,UNADJUDICATED,NONE,,,,,DISCOVERED
ANARCHI-TEST-OCC-920FF3DD5097CF71,ANARCHI-TEST-CONTENT-24657B6C497EACBF,UNADJUDICATED,NONE,,,,,DISCOVERED
ANARCHI-TEST-OCC-921C6ED74ED4ACEF,ANARCHI-TEST-CONTENT-105854FD4CDC4BA0,UNADJUDICATED,NONE,,,,,DISCOVERED
ANARCHI-TEST-OCC-92239679B040E195,ANARCHI-TEST-CONTENT-D6E8220E8F383C76,UNADJUDICATED,NONE,,,,,DISCOVERED
ANARCHI-TEST-OCC-9241DA9E546E4088,ANARCHI-TEST-CONTENT-5C4C4C078E81616C,UNADJUDICATED,NONE,,,,,DISCOVERED
ANARCHI-TEST-OCC-9252893E0DB26F57,ANARCHI-TEST-CONTENT-E3B0C44298FC1C14,UNADJUDICATED,NONE,,,,,DISCOVERED
ANARCHI-TEST-OCC-92594ED87A44557C,ANARCHI-TEST-CONTENT-A2C59A94C28134C3,UNADJUDICATED,NONE,,,,,DISCOVERED
ANARCHI-TEST-OCC-926BF2C90CF305FC,ANARCHI-TEST-CONTENT-E7159682AAD15752,UNADJUDICATED,NONE,,,,,DISCOVERED
ANARCHI-TEST-OCC-926E932B55A09CA8,ANARCHI-TEST-CONTENT-5B6ECDD853423E44,UNADJUDICATED,NONE,,,,,DISCOVERED
ANARCHI-TEST-OCC-9276B4A5DC743B7E,ANARCHI-TEST-CONTENT-51D3288C5227DDFD,UNADJUDICATED,NONE,,,,,DISCOVERED
ANARCHI-TEST-OCC-92799F1C85D96BB1,ANARCHI-TEST-CONTENT-3E628960B505CEA3,UNADJUDICATED,NONE,,,,,DISCOVERED
ANARCHI-TEST-OCC-927C29A1BAAF26EE,ANARCHI-TEST-CONTENT-AAF0A6AB7DAE6658,UNADJUDICATED,NONE,,,,,DISCOVERED
ANARCHI-TEST-OCC-9282D6EEF4DF03A0,ANARCHI-TEST-CONTENT-A23850741B1637A9,UNADJUDICATED,NONE,,,,,DISCOVERED
ANARCHI-TEST-OCC-92AAFBEAE58F18CD,ANARCHI-TEST-CONTENT-3AB9C3B4FC7FF12C,UNADJUDICATED,NONE,,,,,DISCOVERED
ANARCHI-TEST-OCC-92B5CF5C47A4DBFA,ANARCHI-TEST-CONTENT-C398F684BF1A6C20,UNADJUDICATED,NONE,,,,,DISCOVERED
ANARCHI-TEST-OCC-92CC0102076C2D5A,ANARCHI-TEST-CONTENT-52A7A1918949560B,UNADJUDICATED,NONE,,,,,DISCOVERED
ANARCHI-TEST-OCC-92FC1D38B538ECC5,ANARCHI-TEST-CONTENT-5F16FCFD9B27D10E,UNADJUDICATED,NONE,,,,,DISCOVERED
ANARCHI-TEST-OCC-93092A3F6D5D8A76,ANARCHI-TEST-CONTENT-6FE209DD21E4930D,UNADJUDICATED,NONE,,,,,DISCOVERED
ANARCHI-TEST-OCC-9328B6A106BB4A28,ANARCHI-TEST-CONTENT-44DEC0221309E44A,UNADJUDICATED,NONE,,,,,DISCOVERED
ANARCHI-TEST-OCC-933CBEB422A53521,ANARCHI-TEST-CONTENT-AEC12A763927533D,UNADJUDICATED,NONE,,,,,DISCOVERED
ANARCHI-TEST-OCC-934A18F90BEDAB82,ANARCHI-TEST-CONTENT-47AE593C17D69EFC,UNADJUDICATED,NONE,,,,,DISCOVERED
ANARCHI-TEST-OCC-934D93A24B5B724A,ANARCHI-TEST-CONTENT-C089E1A02DAB7B68,UNADJUDICATED,NONE,,,,,DISCOVERED
ANARCHI-TEST-OCC-934F85912C387E6D,ANARCHI-TEST-CONTENT-42750DAF729F8697,UNADJUDICATED,NONE,,,,,DISCOVERED
ANARCHI-TEST-OCC-935ACDE30409151B,ANARCHI-TEST-CONTENT-30EF738E57068C05,UNADJUDICATED,NONE,,,,,DISCOVERED
ANARCHI-TEST-OCC-9367D879D618C31B,ANARCHI-TEST-CONTENT-D60C2F8E1D4F3BCD,UNADJUDICATED,NONE,,,,,DISCOVERED
ANARCHI-TEST-OCC-9392EF95026E3244,ANARCHI-TEST-CONTENT-B912A08C3D9BFA1C,UNADJUDICATED,NONE,,,,,DISCOVERED
ANARCHI-TEST-OCC-93A4543BA8581964,ANARCHI-TEST-CONTENT-F69FD1C0329E1BFF,UNADJUDICATED,NONE,,,,,DISCOVERED
ANARCHI-TEST-OCC-93BA287A82B34DEE,ANARCHI-TEST-CONTENT-C512C875E9334F28,UNADJUDICATED,NONE,,,,,DISCOVERED
ANARCHI-TEST-OCC-93CB4899C5FE0C35,ANARCHI-TEST-CONTENT-4D166785024135D1,UNADJUDICATED,NONE,,,,,DISCOVERED
ANARCHI-TEST-OCC-93CF1CDDA27D5104,ANARCHI-TEST-CONTENT-44DEC0221309E44A,UNADJUDICATED,NONE,,,,,DISCOVERED
ANARCHI-TEST-OCC-93E6D1D4C081074C,ANARCHI-TEST-CONTENT-872C11A1795C3CF0,UNADJUDICATED,NONE,,,,,DISCOVERED
ANARCHI-TEST-OCC-93F5612552A67CA4,ANARCHI-TEST-CONTENT-4BAD1C6F40BB00F3,UNADJUDICATED,NONE,,,,,DISCOVERED
ANARCHI-TEST-OCC-9405306B6CA17175,ANARCHI-TEST-CONTENT-5F57857D258286A3,UNADJUDICATED,NONE,,,,,DISCOVERED
ANARCHI-TEST-OCC-9409A236D4EA0DA4,ANARCHI-TEST-CONTENT-E3B0C44298FC1C14,UNADJUDICATED,NONE,,,,,DISCOVERED
ANARCHI-TEST-OCC-941175A1E8A3CCF6,ANARCHI-TEST-CONTENT-79AA74080688DB7B,UNADJUDICATED,NONE,,,,,DISCOVERED
ANARCHI-TEST-OCC-941A28D5DD5247BE,ANARCHI-TEST-CONTENT-7D403BC932488A16,UNADJUDICATED,NONE,,,,,DISCOVERED
ANARCHI-TEST-OCC-94324B2D931819C8,ANARCHI-TEST-CONTENT-0E286EEFBA8CE7F4,UNADJUDICATED,NONE,,,,,DISCOVERED
ANARCHI-TEST-OCC-943528B9E11ADBC7,ANARCHI-TEST-CONTENT-B1D33645630836F4,UNADJUDICATED,NONE,,,,,DISCOVERED
ANARCHI-TEST-OCC-94551F14F9440115,ANARCHI-TEST-CONTENT-B291F0B2F8F31035,UNADJUDICATED,NONE,,,,,DISCOVERED
ANARCHI-TEST-OCC-947837574DCD80A9,ANARCHI-TEST-CONTENT-018B58D398F24ADE,UNADJUDICATED,NONE,,,,,DISCOVERED
ANARCHI-TEST-OCC-94856C5C564953D8,ANARCHI-TEST-CONTENT-F4DFE661669A4386,UNADJUDICATED,NONE,,,,,DISCOVERED
ANARCHI-TEST-OCC-948F55BF6A236B49,ANARCHI-TEST-CONTENT-1E919C36BFBBC398,UNADJUDICATED,NONE,,,,,DISCOVERED
ANARCHI-TEST-OCC-949CF4068F6F8A0C,ANARCHI-TEST-CONTENT-EE8057D47A169EB6,UNADJUDICATED,NONE,,,,,DISCOVERED
ANARCHI-TEST-OCC-94A31DA13AB4681A,ANARCHI-TEST-CONTENT-43D30D5F375C13FE,UNADJUDICATED,NONE,,,,,DISCOVERED
ANARCHI-TEST-OCC-94A3D03BBF2CF14A,ANARCHI-TEST-CONTENT-15E5620EB5083486,UNADJUDICATED,NONE,,,,,DISCOVERED
ANARCHI-TEST-OCC-94D2AE7A04F3AC95,ANARCHI-TEST-CONTENT-5B37B425855D38D2,UNADJUDICATED,NONE,,,,,DISCOVERED
ANARCHI-TEST-OCC-94F2BE19CB4A1E52,ANARCHI-TEST-CONTENT-A400C26F15F45D5F,UNADJUDICATED,NONE,,,,,DISCOVERED
ANARCHI-TEST-OCC-94FAB6F3B5A5C58F,ANARCHI-TEST-CONTENT-1047EEF3AF2E4A6D,UNADJUDICATED,NONE,,,,,DISCOVERED
ANARCHI-TEST-OCC-95031D6893A4CD69,ANARCHI-TEST-CONTENT-4287FD08C20A63D7,UNADJUDICATED,NONE,,,,,DISCOVERED
ANARCHI-TEST-OCC-952AFE79983C2ACC,ANARCHI-TEST-CONTENT-C9520960794534B6,UNADJUDICATED,NONE,,,,,DISCOVERED
ANARCHI-TEST-OCC-95498D7098320BF2,ANARCHI-TEST-CONTENT-654C6431DE04D867,UNADJUDICATED,NONE,,,,,DISCOVERED
ANARCHI-TEST-OCC-95835CCBFD6ECE42,ANARCHI-TEST-CONTENT-23D4D7EC3C1AD9C0,UNADJUDICATED,NONE,,,,,DISCOVERED
ANARCHI-TEST-OCC-958B67DDE5A30F15,ANARCHI-TEST-CONTENT-F5D4D3F848D97411,UNADJUDICATED,NONE,,,,,DISCOVERED
ANARCHI-TEST-OCC-9591791A30011800,ANARCHI-TEST-CONTENT-05D877E5930EE678,UNADJUDICATED,NONE,,,,,DISCOVERED
ANARCHI-TEST-OCC-95CBC77AFC7F2115,ANARCHI-TEST-CONTENT-E943C0FD48422F92,UNADJUDICATED,NONE,,,,,DISCOVERED
ANARCHI-TEST-OCC-95DDC76BCFEBF554,ANARCHI-TEST-CONTENT-922B26FE6D244FCB,UNADJUDICATED,NONE,,,,,DISCOVERED
ANARCHI-TEST-OCC-9635A71B20D7F3FF,ANARCHI-TEST-CONTENT-59AFBB5F02BFBFBF,UNADJUDICATED,NONE,,,,,DISCOVERED
ANARCHI-TEST-OCC-964F49DDCB3A60E9,ANARCHI-TEST-CONTENT-C7EED50422C80F83,UNADJUDICATED,NONE,,,,,DISCOVERED
ANARCHI-TEST-OCC-965BE2A304F686FD,ANARCHI-TEST-CONTENT-7822F7D149ACBAC0,UNADJUDICATED,NONE,,,,,DISCOVERED
ANARCHI-TEST-OCC-96756BB05BC44465,ANARCHI-TEST-CONTENT-9A5F16BBABEB030C,UNADJUDICATED,NONE,,,,,DISCOVERED
ANARCHI-TEST-OCC-969D383D70BA7849,ANARCHI-TEST-CONTENT-AAD8AEC2EA39679A,UNADJUDICATED,NONE,,,,,DISCOVERED
ANARCHI-TEST-OCC-96C7F9261556EF86,ANARCHI-TEST-CONTENT-8442A88F4B776D34,UNADJUDICATED,NONE,,,,,DISCOVERED
ANARCHI-TEST-OCC-96C9C13376DA50B3,ANARCHI-TEST-CONTENT-4CB4A02707763CFE,UNADJUDICATED,NONE,,,,,DISCOVERED
ANARCHI-TEST-OCC-96D534E51D884FE1,ANARCHI-TEST-CONTENT-E3B0C44298FC1C14,UNADJUDICATED,NONE,,,,,DISCOVERED
ANARCHI-TEST-OCC-96F26BDA21AE4684,ANARCHI-TEST-CONTENT-258315FB19FC2EAF,UNADJUDICATED,NONE,,,,,DISCOVERED
ANARCHI-TEST-OCC-97230EBF0D85CF8F,ANARCHI-TEST-CONTENT-C2E899691FCBC1A3,UNADJUDICATED,NONE,,,,,DISCOVERED
ANARCHI-TEST-OCC-975B2ABE49B4AF69,ANARCHI-TEST-CONTENT-75FF2B3E762E0570,UNADJUDICATED,NONE,,,,,DISCOVERED
ANARCHI-TEST-OCC-975DA42647D35103,ANARCHI-TEST-CONTENT-C0C14EE391C2AA2D,UNADJUDICATED,NONE,,,,,DISCOVERED
ANARCHI-TEST-OCC-976449025F29E731,ANARCHI-TEST-CONTENT-7C179D1EDF37F7E9,UNADJUDICATED,NONE,,,,,DISCOVERED
ANARCHI-TEST-OCC-9771B4C17B5E7EDE,ANARCHI-TEST-CONTENT-0D0CA6351E932ABC,UNADJUDICATED,NONE,,,,,DISCOVERED
ANARCHI-TEST-OCC-9777F8C96421640A,ANARCHI-TEST-CONTENT-F8DD5CBAAE175332,UNADJUDICATED,NONE,,,,,DISCOVERED
ANARCHI-TEST-OCC-97B69B7930934862,ANARCHI-TEST-CONTENT-3E0DBA2D1A6FD324,UNADJUDICATED,NONE,,,,,DISCOVERED
ANARCHI-TEST-OCC-97EACF4E984855AD,ANARCHI-TEST-CONTENT-292B2772CEDA7CBA,UNADJUDICATED,NONE,,,,,DISCOVERED
ANARCHI-TEST-OCC-98030ECBCB36A3F7,ANARCHI-TEST-CONTENT-2BF8EF70F5592D08,UNADJUDICATED,NONE,,,,,DISCOVERED
ANARCHI-TEST-OCC-982EC12892584C83,ANARCHI-TEST-CONTENT-0366F6F68D644435,UNADJUDICATED,NONE,,,,,DISCOVERED
ANARCHI-TEST-OCC-983569AA51E834F6,ANARCHI-TEST-CONTENT-09418309B09CB250,UNADJUDICATED,NONE,,,,,DISCOVERED
ANARCHI-TEST-OCC-98454D4404AF109B,ANARCHI-TEST-CONTENT-AE72FF476A6EDF11,UNADJUDICATED,NONE,,,,,DISCOVERED
ANARCHI-TEST-OCC-987222363CDC1320,ANARCHI-TEST-CONTENT-794CE7CFEFA978A0,UNADJUDICATED,NONE,,,,,DISCOVERED
ANARCHI-TEST-OCC-9876784C1C9389FC,ANARCHI-TEST-CONTENT-530F860AAA35CD4D,UNADJUDICATED,NONE,,,,,DISCOVERED
ANARCHI-TEST-OCC-987E957F31966906,ANARCHI-TEST-CONTENT-E3B0C44298FC1C14,UNADJUDICATED,NONE,,,,,DISCOVERED
ANARCHI-TEST-OCC-988F8697BFCB3BD1,ANARCHI-TEST-CONTENT-E3B0C44298FC1C14,UNADJUDICATED,NONE,,,,,DISCOVERED
ANARCHI-TEST-OCC-98950919D84E7207,ANARCHI-TEST-CONTENT-C20D77B93BA6165B,UNADJUDICATED,NONE,,,,,DISCOVERED
ANARCHI-TEST-OCC-98B4858C6411C4C8,ANARCHI-TEST-CONTENT-E957EC079057F13C,UNADJUDICATED,NONE,,,,,DISCOVERED
ANARCHI-TEST-OCC-98BE81AF554C8939,ANARCHI-TEST-CONTENT-4CF30101B12752C5,UNADJUDICATED,NONE,,,,,DISCOVERED
ANARCHI-TEST-OCC-98C863D4390211E0,ANARCHI-TEST-CONTENT-043F9BE9EF49CACF,UNADJUDICATED,NONE,,,,,DISCOVERED
ANARCHI-TEST-OCC-98D81DBFD701E9DE,ANARCHI-TEST-CONTENT-E595DACCB4E630AB,UNADJUDICATED,NONE,,,,,DISCOVERED
ANARCHI-TEST-OCC-98DBD5DC2BE1197D,ANARCHI-TEST-CONTENT-12098571044671C2,UNADJUDICATED,NONE,,,,,DISCOVERED
ANARCHI-TEST-OCC-98FB804C919AEB5F,ANARCHI-TEST-CONTENT-893BC03A731ABC18,UNADJUDICATED,NONE,,,,,DISCOVERED
ANARCHI-TEST-OCC-9916823FE2227B2D,ANARCHI-TEST-CONTENT-D4C77C4DE539C475,UNADJUDICATED,NONE,,,,,DISCOVERED
ANARCHI-TEST-OCC-99398E97A9A24514,ANARCHI-TEST-CONTENT-E3B0C44298FC1C14,UNADJUDICATED,NONE,,,,,DISCOVERED
ANARCHI-TEST-OCC-994CDE56D13CBF98,ANARCHI-TEST-CONTENT-D425101300AF2A09,UNADJUDICATED,NONE,,,,,DISCOVERED
ANARCHI-TEST-OCC-9954E9C2F9794AB4,ANARCHI-TEST-CONTENT-B7F57E3EDD1FC683,UNADJUDICATED,NONE,,,,,DISCOVERED
ANARCHI-TEST-OCC-9987E2F2D2421434,ANARCHI-TEST-CONTENT-30EF738E57068C05,UNADJUDICATED,NONE,,,,,DISCOVERED
ANARCHI-TEST-OCC-99A103F1038A10C3,ANARCHI-TEST-CONTENT-E3B0C44298FC1C14,UNADJUDICATED,NONE,,,,,DISCOVERED
ANARCHI-TEST-OCC-99A19F8CF4202D29,ANARCHI-TEST-CONTENT-E3B0C44298FC1C14,UNADJUDICATED,NONE,,,,,DISCOVERED
ANARCHI-TEST-OCC-99AC0CB6C7B47800,ANARCHI-TEST-CONTENT-05C9D49EDCF75D1D,UNADJUDICATED,NONE,,,,,DISCOVERED
ANARCHI-TEST-OCC-99B7539258EFE999,ANARCHI-TEST-CONTENT-3E407E486677B35F,UNADJUDICATED,NONE,,,,,DISCOVERED
ANARCHI-TEST-OCC-99C6A53791AC618A,ANARCHI-TEST-CONTENT-E6C3A198535A7450,UNADJUDICATED,NONE,,,,,DISCOVERED
ANARCHI-TEST-OCC-99D049031FA56F13,ANARCHI-TEST-CONTENT-BC4C253CCE7D37FE,UNADJUDICATED,NONE,,,,,DISCOVERED
ANARCHI-TEST-OCC-9A032CF22E403668,ANARCHI-TEST-CONTENT-FC7C822C71CD8986,UNADJUDICATED,NONE,,,,,DISCOVERED
ANARCHI-TEST-OCC-9A73A86EBAF8DC1C,ANARCHI-TEST-CONTENT-1B98BD98C3D586FF,UNADJUDICATED,NONE,,,,,DISCOVERED
ANARCHI-TEST-OCC-9A81B91DBF669EAE,ANARCHI-TEST-CONTENT-435931050E70B3E9,UNADJUDICATED,NONE,,,,,DISCOVERED
ANARCHI-TEST-OCC-9A8A71E5A57C2C70,ANARCHI-TEST-CONTENT-CAC4B2FAFCC4F653,UNADJUDICATED,NONE,,,,,DISCOVERED
ANARCHI-TEST-OCC-9AE74E69E6EE90C1,ANARCHI-TEST-CONTENT-752571886A9D351E,UNADJUDICATED,NONE,,,,,DISCOVERED
ANARCHI-TEST-OCC-9AE865A230279FCF,ANARCHI-TEST-CONTENT-AEC12A763927533D,UNADJUDICATED,NONE,,,,,DISCOVERED
ANARCHI-TEST-OCC-9AF186799BD70AF5,ANARCHI-TEST-CONTENT-20495537CDF11627,UNADJUDICATED,NONE,,,,,DISCOVERED
ANARCHI-TEST-OCC-9AF5FBE2DD2BF0ED,ANARCHI-TEST-CONTENT-1944088FA623B0CB,UNADJUDICATED,NONE,,,,,DISCOVERED
ANARCHI-TEST-OCC-9B026FA4A0A462E6,ANARCHI-TEST-CONTENT-E3B0C44298FC1C14,UNADJUDICATED,NONE,,,,,DISCOVERED
ANARCHI-TEST-OCC-9B2691D2C4096D9C,ANARCHI-TEST-CONTENT-3E0DBA2D1A6FD324,UNADJUDICATED,NONE,,,,,DISCOVERED
ANARCHI-TEST-OCC-9B270630E038B76A,ANARCHI-TEST-CONTENT-DF126E57336A126F,UNADJUDICATED,NONE,,,,,DISCOVERED
ANARCHI-TEST-OCC-9B5F94C1989D06D9,ANARCHI-TEST-CONTENT-71CB37C0AD81259F,UNADJUDICATED,NONE,,,,,DISCOVERED
ANARCHI-TEST-OCC-9B9EEACB060738FC,ANARCHI-TEST-CONTENT-80BAD982E87AA44D,UNADJUDICATED,NONE,,,,,DISCOVERED
ANARCHI-TEST-OCC-9BDBFA880CD7A485,ANARCHI-TEST-CONTENT-E3B0C44298FC1C14,UNADJUDICATED,NONE,,,,,DISCOVERED
ANARCHI-TEST-OCC-9BF931D2940E590A,ANARCHI-TEST-CONTENT-81995DA7CA72F66E,UNADJUDICATED,NONE,,,,,DISCOVERED
ANARCHI-TEST-OCC-9C10549F7DEF5D97,ANARCHI-TEST-CONTENT-73D31A16466E665F,UNADJUDICATED,NONE,,,,,DISCOVERED
ANARCHI-TEST-OCC-9C459DBF027A81E6,ANARCHI-TEST-CONTENT-39B8EB2716455612,UNADJUDICATED,NONE,,,,,DISCOVERED
ANARCHI-TEST-OCC-9C524E71E71A0E5A,ANARCHI-TEST-CONTENT-E340FF6AA443E900,UNADJUDICATED,NONE,,,,,DISCOVERED
ANARCHI-TEST-OCC-9C565F403955F8E6,ANARCHI-TEST-CONTENT-7B7C8B87BC7CD5EA,UNADJUDICATED,NONE,,,,,DISCOVERED
ANARCHI-TEST-OCC-9C6CFDBB32D9C6AD,ANARCHI-TEST-CONTENT-1CE4C113FA4D83F9,UNADJUDICATED,NONE,,,,,DISCOVERED
ANARCHI-TEST-OCC-9C7BF8C89CC59F3E,ANARCHI-TEST-CONTENT-147EB6B7722DC06E,UNADJUDICATED,NONE,,,,,DISCOVERED
ANARCHI-TEST-OCC-9C8AF9727B9ECC6D,ANARCHI-TEST-CONTENT-A251F90F9C304C13,UNADJUDICATED,NONE,,,,,DISCOVERED
ANARCHI-TEST-OCC-9CB2CFDA2A4ECA4B,ANARCHI-TEST-CONTENT-A909BD63262259EF,UNADJUDICATED,NONE,,,,,DISCOVERED
ANARCHI-TEST-OCC-9CD2F23195A61DCC,ANARCHI-TEST-CONTENT-E9E4D35C1601D760,UNADJUDICATED,NONE,,,,,DISCOVERED
ANARCHI-TEST-OCC-9CE142BE11323460,ANARCHI-TEST-CONTENT-ADED756FB81F8601,UNADJUDICATED,NONE,,,,,DISCOVERED
ANARCHI-TEST-OCC-9CF186911153C71A,ANARCHI-TEST-CONTENT-42CBEB606342C984,UNADJUDICATED,NONE,,,,,DISCOVERED
ANARCHI-TEST-OCC-9D01A44F13363C14,ANARCHI-TEST-CONTENT-630323D4703F6D39,UNADJUDICATED,NONE,,,,,DISCOVERED
ANARCHI-TEST-OCC-9D0F74342D4834C2,ANARCHI-TEST-CONTENT-F11B4DF594206B6A,UNADJUDICATED,NONE,,,,,DISCOVERED
ANARCHI-TEST-OCC-9D14E7AF77CEB0D6,ANARCHI-TEST-CONTENT-15E5620EB5083486,UNADJUDICATED,NONE,,,,,DISCOVERED
ANARCHI-TEST-OCC-9D21C0975D1E49F1,ANARCHI-TEST-CONTENT-7F1856143ED113C9,UNADJUDICATED,NONE,,,,,DISCOVERED
ANARCHI-TEST-OCC-9D2B601D2FF5B268,ANARCHI-TEST-CONTENT-4129080FBBACE5F7,UNADJUDICATED,NONE,,,,,DISCOVERED
ANARCHI-TEST-OCC-9D323A725C0597FB,ANARCHI-TEST-CONTENT-44DEC0221309E44A,UNADJUDICATED,NONE,,,,,DISCOVERED
ANARCHI-TEST-OCC-9D376D4484A396F3,ANARCHI-TEST-CONTENT-00D351EDED9E8862,UNADJUDICATED,NONE,,,,,DISCOVERED
ANARCHI-TEST-OCC-9D44424AC8F94146,ANARCHI-TEST-CONTENT-ABB302F34CD88BBF,UNADJUDICATED,NONE,,,,,DISCOVERED
ANARCHI-TEST-OCC-9D4FE9D506DB48AD,ANARCHI-TEST-CONTENT-A1EE6F9B67882A7D,UNADJUDICATED,NONE,,,,,DISCOVERED
ANARCHI-TEST-OCC-9D6C1BA714AD5AF7,ANARCHI-TEST-CONTENT-DDADC60A0E95E7F9,UNADJUDICATED,NONE,,,,,DISCOVERED
ANARCHI-TEST-OCC-9D7EC9D78092F6BB,ANARCHI-TEST-CONTENT-04261F5B3DDCE0C3,UNADJUDICATED,NONE,,,,,DISCOVERED
ANARCHI-TEST-OCC-9DA0EC19C4E09696,ANARCHI-TEST-CONTENT-1652395CFDFD2B79,UNADJUDICATED,NONE,,,,,DISCOVERED
ANARCHI-TEST-OCC-9DA5A4F6DA709992,ANARCHI-TEST-CONTENT-DD21154EE1C5C679,UNADJUDICATED,NONE,,,,,DISCOVERED
ANARCHI-TEST-OCC-9DB4A87E7EEB60C3,ANARCHI-TEST-CONTENT-44DEC0221309E44A,UNADJUDICATED,NONE,,,,,DISCOVERED
ANARCHI-TEST-OCC-9DDD150028C3A3DE,ANARCHI-TEST-CONTENT-7E6676C6AA3AF9E6,UNADJUDICATED,NONE,,,,,DISCOVERED
ANARCHI-TEST-OCC-9DEF57CCC8E402CC,ANARCHI-TEST-CONTENT-3E0DBA2D1A6FD324,UNADJUDICATED,NONE,,,,,DISCOVERED
ANARCHI-TEST-OCC-9DF1D90EE7AED5E1,ANARCHI-TEST-CONTENT-C98048464DB3F38A,UNADJUDICATED,NONE,,,,,DISCOVERED
ANARCHI-TEST-OCC-9E13DF6E62FE4EEF,ANARCHI-TEST-CONTENT-1B70206D16EDD034,UNADJUDICATED,NONE,,,,,DISCOVERED
ANARCHI-TEST-OCC-9E1F614B37E3993A,ANARCHI-TEST-CONTENT-D141BD15EA7B6E50,UNADJUDICATED,NONE,,,,,DISCOVERED
ANARCHI-TEST-OCC-9E2464F3AE2A4D2D,ANARCHI-TEST-CONTENT-1E076A26A652F9D3,UNADJUDICATED,NONE,,,,,DISCOVERED
ANARCHI-TEST-OCC-9E351293ADD75F3F,ANARCHI-TEST-CONTENT-4F4CF6A2A027E012,UNADJUDICATED,NONE,,,,,DISCOVERED
ANARCHI-TEST-OCC-9E512D399F8DC081,ANARCHI-TEST-CONTENT-05B3F2F977F21F02,UNADJUDICATED,NONE,,,,,DISCOVERED
ANARCHI-TEST-OCC-9E762242F130E244,ANARCHI-TEST-CONTENT-7136C315FF4D3807,UNADJUDICATED,NONE,,,,,DISCOVERED
ANARCHI-TEST-OCC-9E94FE4CC059FA09,ANARCHI-TEST-CONTENT-8442A88F4B776D34,UNADJUDICATED,NONE,,,,,DISCOVERED
ANARCHI-TEST-OCC-9E985F061C0D1881,ANARCHI-TEST-CONTENT-9D25E84B5EC8EB04,UNADJUDICATED,NONE,,,,,DISCOVERED
ANARCHI-TEST-OCC-9E9B63A4BD649C1A,ANARCHI-TEST-CONTENT-172FEFD2CA27EFE8,UNADJUDICATED,NONE,,,,,DISCOVERED
ANARCHI-TEST-OCC-9EADF476A4EEA3AD,ANARCHI-TEST-CONTENT-12098571044671C2,UNADJUDICATED,NONE,,,,,DISCOVERED
ANARCHI-TEST-OCC-9EB09E1945C88F29,ANARCHI-TEST-CONTENT-6DE09E82AFECB4E7,UNADJUDICATED,NONE,,,,,DISCOVERED
ANARCHI-TEST-OCC-9ED0B482F569FB1F,ANARCHI-TEST-CONTENT-E3B0C44298FC1C14,UNADJUDICATED,NONE,,,,,DISCOVERED
ANARCHI-TEST-OCC-9EDC8B16A3E43507,ANARCHI-TEST-CONTENT-D17CCCE2E5A86163,UNADJUDICATED,NONE,,,,,DISCOVERED
ANARCHI-TEST-OCC-9F23E3E4FD1EA479,ANARCHI-TEST-CONTENT-54EF7E380325B24F,UNADJUDICATED,NONE,,,,,DISCOVERED
ANARCHI-TEST-OCC-9F4E8265935EBBF7,ANARCHI-TEST-CONTENT-137E858FBD87C4C2,UNADJUDICATED,NONE,,,,,DISCOVERED
ANARCHI-TEST-OCC-9F4F07A81A86C1E9,ANARCHI-TEST-CONTENT-005F9A0913254590,UNADJUDICATED,NONE,,,,,DISCOVERED
ANARCHI-TEST-OCC-9F79FD4DEC51A4D3,ANARCHI-TEST-CONTENT-5291ECCB166CC2C9,UNADJUDICATED,NONE,,,,,DISCOVERED
ANARCHI-TEST-OCC-9F83334264492F10,ANARCHI-TEST-CONTENT-DA69EA5404C66EC2,UNADJUDICATED,NONE,,,,,DISCOVERED
ANARCHI-TEST-OCC-9F853D155FC9F5B3,ANARCHI-TEST-CONTENT-72682F316F06F8B6,UNADJUDICATED,NONE,,,,,DISCOVERED
ANARCHI-TEST-OCC-9F8D263B432F14C5,ANARCHI-TEST-CONTENT-E0F9C1749B980D69,UNADJUDICATED,NONE,,,,,DISCOVERED
ANARCHI-TEST-OCC-9FAA9AC6F3B9E722,ANARCHI-TEST-CONTENT-3F2DC17CCFDE6B1A,UNADJUDICATED,NONE,,,,,DISCOVERED
ANARCHI-TEST-OCC-9FBD5CD9D4BA8C3E,ANARCHI-TEST-CONTENT-235B47EE0DE2E449,UNADJUDICATED,NONE,,,,,DISCOVERED
ANARCHI-TEST-OCC-9FC51E3CFDD397D8,ANARCHI-TEST-CONTENT-922B26FE6D244FCB,UNADJUDICATED,NONE,,,,,DISCOVERED
ANARCHI-TEST-OCC-9FCC58822BD38094,ANARCHI-TEST-CONTENT-05F962E142A1811F,UNADJUDICATED,NONE,,,,,DISCOVERED
ANARCHI-TEST-OCC-9FE64F5133EB2D60,ANARCHI-TEST-CONTENT-F6DFBA4746FB1E61,UNADJUDICATED,NONE,,,,,DISCOVERED
ANARCHI-TEST-OCC-A00B609560F14DE4,ANARCHI-TEST-CONTENT-3731A1911DA950C7,UNADJUDICATED,NONE,,,,,DISCOVERED
ANARCHI-TEST-OCC-A01A9C179E6CF74E,ANARCHI-TEST-CONTENT-7AD204809C25196C,UNADJUDICATED,NONE,,,,,DISCOVERED
ANARCHI-TEST-OCC-A057745368DB9A1B,ANARCHI-TEST-CONTENT-46780D2F899D5E86,UNADJUDICATED,NONE,,,,,DISCOVERED
ANARCHI-TEST-OCC-A05A7AEADE772425,ANARCHI-TEST-CONTENT-42CBEB606342C984,UNADJUDICATED,NONE,,,,,DISCOVERED
ANARCHI-TEST-OCC-A0663D1A1D18AB42,ANARCHI-TEST-CONTENT-A042575E520922E8,UNADJUDICATED,NONE,,,,,DISCOVERED
ANARCHI-TEST-OCC-A067B6AA33B93A32,ANARCHI-TEST-CONTENT-12098571044671C2,UNADJUDICATED,NONE,,,,,DISCOVERED
ANARCHI-TEST-OCC-A075DC796E794987,ANARCHI-TEST-CONTENT-AD8070F3CE521BBA,UNADJUDICATED,NONE,,,,,DISCOVERED
ANARCHI-TEST-OCC-A0824342CFA4AA0C,ANARCHI-TEST-CONTENT-62BC2B73356C4EE2,UNADJUDICATED,NONE,,,,,DISCOVERED
ANARCHI-TEST-OCC-A08ED9A21B34C24E,ANARCHI-TEST-CONTENT-1D2386D14D9D2F2F,UNADJUDICATED,NONE,,,,,DISCOVERED
ANARCHI-TEST-OCC-A09D7D3C0C9FC55B,ANARCHI-TEST-CONTENT-15E5620EB5083486,UNADJUDICATED,NONE,,,,,DISCOVERED
ANARCHI-TEST-OCC-A0B27FCDD873AC66,ANARCHI-TEST-CONTENT-176DCAAC503197EE,UNADJUDICATED,NONE,,,,,DISCOVERED
ANARCHI-TEST-OCC-A0E508FBCFD53AC3,ANARCHI-TEST-CONTENT-2ACEB867225499C7,UNADJUDICATED,NONE,,,,,DISCOVERED
ANARCHI-TEST-OCC-A0F32AE687800054,ANARCHI-TEST-CONTENT-90AC84BE6AADF751,UNADJUDICATED,NONE,,,,,DISCOVERED
ANARCHI-TEST-OCC-A106932E5CAAA219,ANARCHI-TEST-CONTENT-44DEC0221309E44A,UNADJUDICATED,NONE,,,,,DISCOVERED
ANARCHI-TEST-OCC-A113171E9164CA97,ANARCHI-TEST-CONTENT-ADE4362AD7CEB003,UNADJUDICATED,NONE,,,,,DISCOVERED
ANARCHI-TEST-OCC-A117A8AB021F70A9,ANARCHI-TEST-CONTENT-CFA1E3DFD1F93173,UNADJUDICATED,NONE,,,,,DISCOVERED
ANARCHI-TEST-OCC-A11A5DBE598B0332,ANARCHI-TEST-CONTENT-3E628960B505CEA3,UNADJUDICATED,NONE,,,,,DISCOVERED
ANARCHI-TEST-OCC-A120034A4124B51C,ANARCHI-TEST-CONTENT-5958D1AE93642AF4,UNADJUDICATED,NONE,,,,,DISCOVERED
ANARCHI-TEST-OCC-A1262A656C18B19C,ANARCHI-TEST-CONTENT-D8CEC10FC9583BF3,UNADJUDICATED,NONE,,,,,DISCOVERED
ANARCHI-TEST-OCC-A12D23AC62556768,ANARCHI-TEST-CONTENT-F239653B4FA62306,UNADJUDICATED,NONE,,,,,DISCOVERED
ANARCHI-TEST-OCC-A14B5BD94988979D,ANARCHI-TEST-CONTENT-DF75630A06598AF5,UNADJUDICATED,NONE,,,,,DISCOVERED
ANARCHI-TEST-OCC-A15E73011BD06B46,ANARCHI-TEST-CONTENT-116CD515FAFDA5B1,UNADJUDICATED,NONE,,,,,DISCOVERED
ANARCHI-TEST-OCC-A1601440E9B6B653,ANARCHI-TEST-CONTENT-8373F5C622506DBE,UNADJUDICATED,NONE,,,,,DISCOVERED
ANARCHI-TEST-OCC-A1696B5AC2EAFCAC,ANARCHI-TEST-CONTENT-D5331F1D0C7EEFB1,UNADJUDICATED,NONE,,,,,DISCOVERED
ANARCHI-TEST-OCC-A1766B0986060AA6,ANARCHI-TEST-CONTENT-0D5162DD60EA05A9,UNADJUDICATED,NONE,,,,,DISCOVERED
ANARCHI-TEST-OCC-A1773431C5334318,ANARCHI-TEST-CONTENT-E3B0C44298FC1C14,UNADJUDICATED,NONE,,,,,DISCOVERED
ANARCHI-TEST-OCC-A17A944D4F6D4DBB,ANARCHI-TEST-CONTENT-BDC6E77C0E13A957,UNADJUDICATED,NONE,,,,,DISCOVERED
ANARCHI-TEST-OCC-A19D0673D86B9DBC,ANARCHI-TEST-CONTENT-79D977968F538799,UNADJUDICATED,NONE,,,,,DISCOVERED
ANARCHI-TEST-OCC-A1C0D35A5257C6CE,ANARCHI-TEST-CONTENT-0C6E31BF6DFEA7EB,UNADJUDICATED,NONE,,,,,DISCOVERED
ANARCHI-TEST-OCC-A1F1180292AD9E8C,ANARCHI-TEST-CONTENT-BFD97C131F0AD8CB,UNADJUDICATED,NONE,,,,,DISCOVERED
ANARCHI-TEST-OCC-A2083B5F765329CC,ANARCHI-TEST-CONTENT-73334E6F72A488F6,UNADJUDICATED,NONE,,,,,DISCOVERED
ANARCHI-TEST-OCC-A2269D9CC66955F7,ANARCHI-TEST-CONTENT-D2AAD440B934A336,UNADJUDICATED,NONE,,,,,DISCOVERED
ANARCHI-TEST-OCC-A23F730FEEED675E,ANARCHI-TEST-CONTENT-BB397E6A0C8BA193,UNADJUDICATED,NONE,,,,,DISCOVERED
ANARCHI-TEST-OCC-A25EB52078027CC5,ANARCHI-TEST-CONTENT-1BE04A357B54BB43,UNADJUDICATED,NONE,,,,,DISCOVERED
ANARCHI-TEST-OCC-A260FD3EA233F3B3,ANARCHI-TEST-CONTENT-A896147EF9EAD45E,UNADJUDICATED,NONE,,,,,DISCOVERED
ANARCHI-TEST-OCC-A279BBB7B07F3D04,ANARCHI-TEST-CONTENT-2395D49796585126,UNADJUDICATED,NONE,,,,,DISCOVERED
ANARCHI-TEST-OCC-A2A2DF48B235548B,ANARCHI-TEST-CONTENT-04261F5B3DDCE0C3,UNADJUDICATED,NONE,,,,,DISCOVERED
ANARCHI-TEST-OCC-A2B17EAA2AA07F51,ANARCHI-TEST-CONTENT-760E493E79B192E0,UNADJUDICATED,NONE,,,,,DISCOVERED
ANARCHI-TEST-OCC-A2B81E798CED6A97,ANARCHI-TEST-CONTENT-5A05AD62B3C7407B,UNADJUDICATED,NONE,,,,,DISCOVERED
ANARCHI-TEST-OCC-A2BC34FB28E08185,ANARCHI-TEST-CONTENT-1548E1D7C43307A7,UNADJUDICATED,NONE,,,,,DISCOVERED
ANARCHI-TEST-OCC-A2C449D1B9DF388A,ANARCHI-TEST-CONTENT-32480F004CC641DF,UNADJUDICATED,NONE,,,,,DISCOVERED
ANARCHI-TEST-OCC-A2D3BD271190CF14,ANARCHI-TEST-CONTENT-4A980934B7504F7F,UNADJUDICATED,NONE,,,,,DISCOVERED
ANARCHI-TEST-OCC-A2DDBC3B98685389,ANARCHI-TEST-CONTENT-0FAB29DCC3AF5875,UNADJUDICATED,NONE,,,,,DISCOVERED
ANARCHI-TEST-OCC-A2DFD79B2B7230A4,ANARCHI-TEST-CONTENT-001DF83B40D5EC09,UNADJUDICATED,NONE,,,,,DISCOVERED
ANARCHI-TEST-OCC-A2EE5362A96136FD,ANARCHI-TEST-CONTENT-8404D0EA12EB455B,UNADJUDICATED,NONE,,,,,DISCOVERED
ANARCHI-TEST-OCC-A3072DEF962D5B94,ANARCHI-TEST-CONTENT-0B8AD69D227293B2,UNADJUDICATED,NONE,,,,,DISCOVERED
ANARCHI-TEST-OCC-A31F7E11F28FC9D1,ANARCHI-TEST-CONTENT-720406D30C675AAE,UNADJUDICATED,NONE,,,,,DISCOVERED
ANARCHI-TEST-OCC-A343A2E765FC9A51,ANARCHI-TEST-CONTENT-B39644650DBADA07,UNADJUDICATED,NONE,,,,,DISCOVERED
ANARCHI-TEST-OCC-A3459D9984257B7B,ANARCHI-TEST-CONTENT-E3B0C44298FC1C14,UNADJUDICATED,NONE,,,,,DISCOVERED
ANARCHI-TEST-OCC-A34B0D1FF9F1B2FA,ANARCHI-TEST-CONTENT-4693D7061E018FEE,UNADJUDICATED,NONE,,,,,DISCOVERED
ANARCHI-TEST-OCC-A34B7F9CDBB8F4AD,ANARCHI-TEST-CONTENT-20495537CDF11627,UNADJUDICATED,NONE,,,,,DISCOVERED
ANARCHI-TEST-OCC-A34E13C5D883BC2A,ANARCHI-TEST-CONTENT-8A769891995B8FAB,UNADJUDICATED,NONE,,,,,DISCOVERED
ANARCHI-TEST-OCC-A35B944F487D512D,ANARCHI-TEST-CONTENT-51F1FFEDCCAF67A3,UNADJUDICATED,NONE,,,,,DISCOVERED
ANARCHI-TEST-OCC-A36CFF2CE591EF61,ANARCHI-TEST-CONTENT-9F8BEDD10B5B2B47,UNADJUDICATED,NONE,,,,,DISCOVERED
ANARCHI-TEST-OCC-A37E9763B6B62851,ANARCHI-TEST-CONTENT-7D19FF20C31BF78D,UNADJUDICATED,NONE,,,,,DISCOVERED
ANARCHI-TEST-OCC-A3A0DD17C1D74B93,ANARCHI-TEST-CONTENT-32BB631A293F02A3,UNADJUDICATED,NONE,,,,,DISCOVERED
ANARCHI-TEST-OCC-A3A4ABF97C7F15FA,ANARCHI-TEST-CONTENT-840BB05EF6E9FFF4,UNADJUDICATED,NONE,,,,,DISCOVERED
ANARCHI-TEST-OCC-A3A71991B24E3647,ANARCHI-TEST-CONTENT-1566ABB5D1C40BF2,UNADJUDICATED,NONE,,,,,DISCOVERED
ANARCHI-TEST-OCC-A3B19B7C6F72375B,ANARCHI-TEST-CONTENT-4923E38E705D4F32,UNADJUDICATED,NONE,,,,,DISCOVERED
ANARCHI-TEST-OCC-A3D1A72384BA0FD0,ANARCHI-TEST-CONTENT-3BD587FF74064862,UNADJUDICATED,NONE,,,,,DISCOVERED
ANARCHI-TEST-OCC-A3DE337F824412E4,ANARCHI-TEST-CONTENT-AAFADB63FB9142EE,UNADJUDICATED,NONE,,,,,DISCOVERED
ANARCHI-TEST-OCC-A3E4F06E3B824857,ANARCHI-TEST-CONTENT-C20B45D466D05F98,UNADJUDICATED,NONE,,,,,DISCOVERED
ANARCHI-TEST-OCC-A3EEDFF86461F206,ANARCHI-TEST-CONTENT-E28C6D35F3293B84,UNADJUDICATED,NONE,,,,,DISCOVERED
ANARCHI-TEST-OCC-A3FE00A58C358ABE,ANARCHI-TEST-CONTENT-E3B0C44298FC1C14,UNADJUDICATED,NONE,,,,,DISCOVERED
ANARCHI-TEST-OCC-A4240A23B7325EC0,ANARCHI-TEST-CONTENT-AEC12A763927533D,UNADJUDICATED,NONE,,,,,DISCOVERED
ANARCHI-TEST-OCC-A44CC3EE2725EDAA,ANARCHI-TEST-CONTENT-41401DC50F53BC1A,UNADJUDICATED,NONE,,,,,DISCOVERED
ANARCHI-TEST-OCC-A459DF87061E31C7,ANARCHI-TEST-CONTENT-B1A24FA465CBA4B3,UNADJUDICATED,NONE,,,,,DISCOVERED
ANARCHI-TEST-OCC-A470BC0A41E698D5,ANARCHI-TEST-CONTENT-CB17E0BBEC263447,UNADJUDICATED,NONE,,,,,DISCOVERED
ANARCHI-TEST-OCC-A4A1E29A4D07FB99,ANARCHI-TEST-CONTENT-B407F192733AE4E4,UNADJUDICATED,NONE,,,,,DISCOVERED
ANARCHI-TEST-OCC-A514EBFA766C2A57,ANARCHI-TEST-CONTENT-38A45ADB2B8732D9,UNADJUDICATED,NONE,,,,,DISCOVERED
ANARCHI-TEST-OCC-A52153E56639CC52,ANARCHI-TEST-CONTENT-203C62A46C1A2BBA,UNADJUDICATED,NONE,,,,,DISCOVERED
ANARCHI-TEST-OCC-A523D4D14CBC9FDA,ANARCHI-TEST-CONTENT-E113A773511FDE45,UNADJUDICATED,NONE,,,,,DISCOVERED
ANARCHI-TEST-OCC-A52C8BAD20261602,ANARCHI-TEST-CONTENT-D4F1082B46245386,UNADJUDICATED,NONE,,,,,DISCOVERED
ANARCHI-TEST-OCC-A52EDDFEE90898E2,ANARCHI-TEST-CONTENT-79AA74080688DB7B,UNADJUDICATED,NONE,,,,,DISCOVERED
ANARCHI-TEST-OCC-A538459F9954F2B6,ANARCHI-TEST-CONTENT-67F7C1333EC59BD2,UNADJUDICATED,NONE,,,,,DISCOVERED
ANARCHI-TEST-OCC-A53F29FD04F07918,ANARCHI-TEST-CONTENT-26D9AFBCB717DA1B,UNADJUDICATED,NONE,,,,,DISCOVERED
ANARCHI-TEST-OCC-A54422499697A13C,ANARCHI-TEST-CONTENT-8450B35AC2238549,UNADJUDICATED,NONE,,,,,DISCOVERED
ANARCHI-TEST-OCC-A557F8ED0C683D0C,ANARCHI-TEST-CONTENT-C21A130AFCC95FE9,UNADJUDICATED,NONE,,,,,DISCOVERED
ANARCHI-TEST-OCC-A55BB85DDE3CE2FF,ANARCHI-TEST-CONTENT-981AC07AFD87C5EE,UNADJUDICATED,NONE,,,,,DISCOVERED
ANARCHI-TEST-OCC-A55D48EADAAA5C97,ANARCHI-TEST-CONTENT-901E266F2C4E3B7E,UNADJUDICATED,NONE,,,,,DISCOVERED
ANARCHI-TEST-OCC-A5623AC2C8C2ECA6,ANARCHI-TEST-CONTENT-E3B0C44298FC1C14,UNADJUDICATED,NONE,,,,,DISCOVERED
ANARCHI-TEST-OCC-A5638D53860A4420,ANARCHI-TEST-CONTENT-2196E946F1F5F54E,UNADJUDICATED,NONE,,,,,DISCOVERED
ANARCHI-TEST-OCC-A58B2DD399589A0A,ANARCHI-TEST-CONTENT-3AB9C3B4FC7FF12C,UNADJUDICATED,NONE,,,,,DISCOVERED
ANARCHI-TEST-OCC-A58BE3654DB01833,ANARCHI-TEST-CONTENT-3E0DBA2D1A6FD324,UNADJUDICATED,NONE,,,,,DISCOVERED
ANARCHI-TEST-OCC-A5B69617ACAE2BC5,ANARCHI-TEST-CONTENT-2EAF84F8DBEC0C77,UNADJUDICATED,NONE,,,,,DISCOVERED
ANARCHI-TEST-OCC-A5D4278D9D72B47E,ANARCHI-TEST-CONTENT-89EE03BD04FB6D23,UNADJUDICATED,NONE,,,,,DISCOVERED
ANARCHI-TEST-OCC-A5D8EB196F428E0E,ANARCHI-TEST-CONTENT-41171FA03B09B42B,UNADJUDICATED,NONE,,,,,DISCOVERED
ANARCHI-TEST-OCC-A61C7C13A4FD12C6,ANARCHI-TEST-CONTENT-F2AF0656A997827F,UNADJUDICATED,NONE,,,,,DISCOVERED
ANARCHI-TEST-OCC-A62601A8A7075326,ANARCHI-TEST-CONTENT-F6622F5C1F036B12,UNADJUDICATED,NONE,,,,,DISCOVERED
ANARCHI-TEST-OCC-A628256443086138,ANARCHI-TEST-CONTENT-0F52A372B2F10303,UNADJUDICATED,NONE,,,,,DISCOVERED
ANARCHI-TEST-OCC-A635E1E1FBD61E2F,ANARCHI-TEST-CONTENT-7BFD986A0C72EC0B,UNADJUDICATED,NONE,,,,,DISCOVERED
ANARCHI-TEST-OCC-A637B75D111F9F31,ANARCHI-TEST-CONTENT-15CF2156B2675950,UNADJUDICATED,NONE,,,,,DISCOVERED
ANARCHI-TEST-OCC-A639AB597FDC4531,ANARCHI-TEST-CONTENT-9158FFBC96E70A52,UNADJUDICATED,NONE,,,,,DISCOVERED
ANARCHI-TEST-OCC-A657623820814961,ANARCHI-TEST-CONTENT-1E919C36BFBBC398,UNADJUDICATED,NONE,,,,,DISCOVERED
ANARCHI-TEST-OCC-A65ABAD42EE192C1,ANARCHI-TEST-CONTENT-79CE96473AE2C15F,UNADJUDICATED,NONE,,,,,DISCOVERED
ANARCHI-TEST-OCC-A66D17C22340E6B2,ANARCHI-TEST-CONTENT-8901B6F53A4C4555,UNADJUDICATED,NONE,,,,,DISCOVERED
ANARCHI-TEST-OCC-A68454AA273B01B4,ANARCHI-TEST-CONTENT-2131C946A659B1AA,UNADJUDICATED,NONE,,,,,DISCOVERED
ANARCHI-TEST-OCC-A6AC26006EC259B8,ANARCHI-TEST-CONTENT-A9B2127B8C1D36A0,UNADJUDICATED,NONE,,,,,DISCOVERED
ANARCHI-TEST-OCC-A6F7A89A7765364F,ANARCHI-TEST-CONTENT-E3B0C44298FC1C14,UNADJUDICATED,NONE,,,,,DISCOVERED
ANARCHI-TEST-OCC-A7012B48E00AFEE8,ANARCHI-TEST-CONTENT-C86EA6911247A531,UNADJUDICATED,NONE,,,,,DISCOVERED
ANARCHI-TEST-OCC-A70D3A098CAA379E,ANARCHI-TEST-CONTENT-841FB1F9B3C8AE92,UNADJUDICATED,NONE,,,,,DISCOVERED
ANARCHI-TEST-OCC-A72AE6FDCC51CC32,ANARCHI-TEST-CONTENT-05B3F2F977F21F02,UNADJUDICATED,NONE,,,,,DISCOVERED
ANARCHI-TEST-OCC-A733141B1AD0653F,ANARCHI-TEST-CONTENT-D816661036AC771F,UNADJUDICATED,NONE,,,,,DISCOVERED
ANARCHI-TEST-OCC-A73E04712E907BD8,ANARCHI-TEST-CONTENT-BEF396AC5AC9B8D0,UNADJUDICATED,NONE,,,,,DISCOVERED
ANARCHI-TEST-OCC-A74C2D1AF60C47DE,ANARCHI-TEST-CONTENT-242B177C969AE22E,UNADJUDICATED,NONE,,,,,DISCOVERED
ANARCHI-TEST-OCC-A75E741761DA4285,ANARCHI-TEST-CONTENT-74A4B0EB0EE2E19F,UNADJUDICATED,NONE,,,,,DISCOVERED
ANARCHI-TEST-OCC-A75FC9B12D5BF358,ANARCHI-TEST-CONTENT-6E3FF32ABD6855CB,UNADJUDICATED,NONE,,,,,DISCOVERED
ANARCHI-TEST-OCC-A77310D8FC577DE9,ANARCHI-TEST-CONTENT-40B61E1B91A5C1F2,UNADJUDICATED,NONE,,,,,DISCOVERED
ANARCHI-TEST-OCC-A782391516AA1EFB,ANARCHI-TEST-CONTENT-295887316D5D3D79,UNADJUDICATED,NONE,,,,,DISCOVERED
ANARCHI-TEST-OCC-A788D5249A293EDF,ANARCHI-TEST-CONTENT-AA85853C48F29B98,UNADJUDICATED,NONE,,,,,DISCOVERED
ANARCHI-TEST-OCC-A799CC3D91E63AF9,ANARCHI-TEST-CONTENT-C40C221077EA55B9,UNADJUDICATED,NONE,,,,,DISCOVERED
ANARCHI-TEST-OCC-A79F5D70B363D600,ANARCHI-TEST-CONTENT-C585B2A03B559187,UNADJUDICATED,NONE,,,,,DISCOVERED
ANARCHI-TEST-OCC-A7B1F9891086CCF2,ANARCHI-TEST-CONTENT-12098571044671C2,UNADJUDICATED,NONE,,,,,DISCOVERED
ANARCHI-TEST-OCC-A7BA9080DDD5820D,ANARCHI-TEST-CONTENT-4AF4D5654A4C59F7,UNADJUDICATED,NONE,,,,,DISCOVERED
ANARCHI-TEST-OCC-A7C513EDC86E20EE,ANARCHI-TEST-CONTENT-0C889CE5DD48A302,UNADJUDICATED,NONE,,,,,DISCOVERED
ANARCHI-TEST-OCC-A7D20158BF60B381,ANARCHI-TEST-CONTENT-AA85853C48F29B98,UNADJUDICATED,NONE,,,,,DISCOVERED
ANARCHI-TEST-OCC-A7F27A2A606DE8FF,ANARCHI-TEST-CONTENT-1B98BD98C3D586FF,UNADJUDICATED,NONE,,,,,DISCOVERED
ANARCHI-TEST-OCC-A7F27AC73F1489D4,ANARCHI-TEST-CONTENT-4A33572B4B5F1588,UNADJUDICATED,NONE,,,,,DISCOVERED
ANARCHI-TEST-OCC-A81252DEAF76054C,ANARCHI-TEST-CONTENT-8220BFAE1F4A3620,UNADJUDICATED,NONE,,,,,DISCOVERED
ANARCHI-TEST-OCC-A8179F6BB80D559B,ANARCHI-TEST-CONTENT-37517E5F3DC66819,UNADJUDICATED,NONE,,,,,DISCOVERED
ANARCHI-TEST-OCC-A81CBEE064800B0D,ANARCHI-TEST-CONTENT-8FFF589CB0949DF3,UNADJUDICATED,NONE,,,,,DISCOVERED
ANARCHI-TEST-OCC-A82AECB7C94D26A1,ANARCHI-TEST-CONTENT-0CCA087D13665241,UNADJUDICATED,NONE,,,,,DISCOVERED
ANARCHI-TEST-OCC-A843A5652044CD5C,ANARCHI-TEST-CONTENT-FCA402667AE40780,UNADJUDICATED,NONE,,,,,DISCOVERED
ANARCHI-TEST-OCC-A84CAD24DCECFE8F,ANARCHI-TEST-CONTENT-29667FAFFF61A380,UNADJUDICATED,NONE,,,,,DISCOVERED
ANARCHI-TEST-OCC-A8635162FBAE70ED,ANARCHI-TEST-CONTENT-ADEDE09552D6F5B8,UNADJUDICATED,NONE,,,,,DISCOVERED
ANARCHI-TEST-OCC-A87976EEFCB38645,ANARCHI-TEST-CONTENT-6887F6C4CB85A26A,UNADJUDICATED,NONE,,,,,DISCOVERED
ANARCHI-TEST-OCC-A8888F3F244FB12E,ANARCHI-TEST-CONTENT-A87BF4927D50E3E6,UNADJUDICATED,NONE,,,,,DISCOVERED
ANARCHI-TEST-OCC-A896DF2AA0C15D07,ANARCHI-TEST-CONTENT-A33F4341D43D86CE,UNADJUDICATED,NONE,,,,,DISCOVERED
ANARCHI-TEST-OCC-A8AA613FAD2520EF,ANARCHI-TEST-CONTENT-D48211CA51B7F73E,UNADJUDICATED,NONE,,,,,DISCOVERED
ANARCHI-TEST-OCC-A8AB9D54BD8A5FDF,ANARCHI-TEST-CONTENT-42CDD0425D166264,UNADJUDICATED,NONE,,,,,DISCOVERED
ANARCHI-TEST-OCC-A8B4BC0B771DC607,ANARCHI-TEST-CONTENT-3E0DBA2D1A6FD324,UNADJUDICATED,NONE,,,,,DISCOVERED
ANARCHI-TEST-OCC-A8B529B9A1EED5C5,ANARCHI-TEST-CONTENT-820BEC25D9A2FFD3,UNADJUDICATED,NONE,,,,,DISCOVERED
ANARCHI-TEST-OCC-A8C748250D347699,ANARCHI-TEST-CONTENT-BC6E4F0D30CD3AE1,UNADJUDICATED,NONE,,,,,DISCOVERED
ANARCHI-TEST-OCC-A8CC4B1D157BB40A,ANARCHI-TEST-CONTENT-4978311056D0A8E4,UNADJUDICATED,NONE,,,,,DISCOVERED
ANARCHI-TEST-OCC-A8E938079031086A,ANARCHI-TEST-CONTENT-DC1796E79890E2A5,UNADJUDICATED,NONE,,,,,DISCOVERED
ANARCHI-TEST-OCC-A8EB424069B8E711,ANARCHI-TEST-CONTENT-1E6B352A5FB035FD,UNADJUDICATED,NONE,,,,,DISCOVERED
ANARCHI-TEST-OCC-A8FCCE0FBC015EC0,ANARCHI-TEST-CONTENT-5ED2F29EC01DFD1C,UNADJUDICATED,NONE,,,,,DISCOVERED
ANARCHI-TEST-OCC-A9240E18C7C6F601,ANARCHI-TEST-CONTENT-A0CB6A72BF60AFAF,UNADJUDICATED,NONE,,,,,DISCOVERED
ANARCHI-TEST-OCC-A928E6AE57763285,ANARCHI-TEST-CONTENT-CC12BA64F54033AD,UNADJUDICATED,NONE,,,,,DISCOVERED
ANARCHI-TEST-OCC-A92F3708F1C1E31F,ANARCHI-TEST-CONTENT-8981A21A28EB4D12,UNADJUDICATED,NONE,,,,,DISCOVERED
ANARCHI-TEST-OCC-A939F1BFDDB27FA8,ANARCHI-TEST-CONTENT-871E05C8B94303F9,UNADJUDICATED,NONE,,,,,DISCOVERED
ANARCHI-TEST-OCC-A93C9ADC37B09574,ANARCHI-TEST-CONTENT-10B3F388D2370AC2,UNADJUDICATED,NONE,,,,,DISCOVERED
ANARCHI-TEST-OCC-A96B3F7514CDC13D,ANARCHI-TEST-CONTENT-8D11EA9C654FCC23,UNADJUDICATED,NONE,,,,,DISCOVERED
ANARCHI-TEST-OCC-A97D36F1B0117B28,ANARCHI-TEST-CONTENT-F9D0A2271332210A,UNADJUDICATED,NONE,,,,,DISCOVERED
ANARCHI-TEST-OCC-A99393D89BF09E74,ANARCHI-TEST-CONTENT-10D0775E834D8BB8,UNADJUDICATED,NONE,,,,,DISCOVERED
ANARCHI-TEST-OCC-A9AA120450130E4B,ANARCHI-TEST-CONTENT-04261F5B3DDCE0C3,UNADJUDICATED,NONE,,,,,DISCOVERED
ANARCHI-TEST-OCC-A9CBDA26A071D2F6,ANARCHI-TEST-CONTENT-6BC707910BA7E003,UNADJUDICATED,NONE,,,,,DISCOVERED
ANARCHI-TEST-OCC-A9CF63A174D271CD,ANARCHI-TEST-CONTENT-33EE3596C5375538,UNADJUDICATED,NONE,,,,,DISCOVERED
ANARCHI-TEST-OCC-A9CF8E78333DC3D0,ANARCHI-TEST-CONTENT-BA0B1095FB8AE8F3,UNADJUDICATED,NONE,,,,,DISCOVERED
ANARCHI-TEST-OCC-A9E91BEA435B0118,ANARCHI-TEST-CONTENT-44AF89DE757550EF,UNADJUDICATED,NONE,,,,,DISCOVERED
ANARCHI-TEST-OCC-A9F12C19430209E1,ANARCHI-TEST-CONTENT-32480F004CC641DF,UNADJUDICATED,NONE,,,,,DISCOVERED
ANARCHI-TEST-OCC-AA05EC088E8393C9,ANARCHI-TEST-CONTENT-2973B56CFC48F62B,UNADJUDICATED,NONE,,,,,DISCOVERED
ANARCHI-TEST-OCC-AA1796A870CC4F0D,ANARCHI-TEST-CONTENT-1B1010C4C93D026C,UNADJUDICATED,NONE,,,,,DISCOVERED
ANARCHI-TEST-OCC-AA245DC1436E2DB9,ANARCHI-TEST-CONTENT-5A245490F49F2A65,UNADJUDICATED,NONE,,,,,DISCOVERED
ANARCHI-TEST-OCC-AA66A4A9F50EDAFA,ANARCHI-TEST-CONTENT-AA85853C48F29B98,UNADJUDICATED,NONE,,,,,DISCOVERED
ANARCHI-TEST-OCC-AA7B01305333B64F,ANARCHI-TEST-CONTENT-1DA5A0D099C4ADDA,UNADJUDICATED,NONE,,,,,DISCOVERED
ANARCHI-TEST-OCC-AAA195377229071C,ANARCHI-TEST-CONTENT-0E9203E037089BEF,UNADJUDICATED,NONE,,,,,DISCOVERED
ANARCHI-TEST-OCC-AAABEF0551D15EC0,ANARCHI-TEST-CONTENT-DBD7878B214ACC6D,UNADJUDICATED,NONE,,,,,DISCOVERED
ANARCHI-TEST-OCC-AAB178D59934AB5A,ANARCHI-TEST-CONTENT-F4E00292299D2062,UNADJUDICATED,NONE,,,,,DISCOVERED
ANARCHI-TEST-OCC-AAB497CC95452742,ANARCHI-TEST-CONTENT-705E752930E676CC,UNADJUDICATED,NONE,,,,,DISCOVERED
ANARCHI-TEST-OCC-AAE347A5A0080046,ANARCHI-TEST-CONTENT-4B5535377C5F07E7,UNADJUDICATED,NONE,,,,,DISCOVERED
ANARCHI-TEST-OCC-AAFEA4B54942E6F9,ANARCHI-TEST-CONTENT-6F573420C6D71C32,UNADJUDICATED,NONE,,,,,DISCOVERED
ANARCHI-TEST-OCC-AB443C9DC583A1B3,ANARCHI-TEST-CONTENT-17DAA96FFBA4A3F0,UNADJUDICATED,NONE,,,,,DISCOVERED
ANARCHI-TEST-OCC-AB495A079DBF48F5,ANARCHI-TEST-CONTENT-09AAE140F80FAB42,UNADJUDICATED,NONE,,,,,DISCOVERED
ANARCHI-TEST-OCC-AB4AA5286862A824,ANARCHI-TEST-CONTENT-85D9CCB0504B8E5A,UNADJUDICATED,NONE,,,,,DISCOVERED
ANARCHI-TEST-OCC-AB6EC86AFD40AE5A,ANARCHI-TEST-CONTENT-B4710F55DC63B868,UNADJUDICATED,NONE,,,,,DISCOVERED
ANARCHI-TEST-OCC-AB6F89924D364374,ANARCHI-TEST-CONTENT-24657B6C497EACBF,UNADJUDICATED,NONE,,,,,DISCOVERED
ANARCHI-TEST-OCC-AB9BBCBBD66784BA,ANARCHI-TEST-CONTENT-8073199D89228285,UNADJUDICATED,NONE,,,,,DISCOVERED
ANARCHI-TEST-OCC-ABD89B6C7A316906,ANARCHI-TEST-CONTENT-6DB9520E43C0059E,UNADJUDICATED,NONE,,,,,DISCOVERED
ANARCHI-TEST-OCC-AC04A11447D0B379,ANARCHI-TEST-CONTENT-D84719675AA9443D,UNADJUDICATED,NONE,,,,,DISCOVERED
ANARCHI-TEST-OCC-AC105CD315AA168A,ANARCHI-TEST-CONTENT-E3B0C44298FC1C14,UNADJUDICATED,NONE,,,,,DISCOVERED
ANARCHI-TEST-OCC-AC1801B8AECC282A,ANARCHI-TEST-CONTENT-F9D0A2271332210A,UNADJUDICATED,NONE,,,,,DISCOVERED
ANARCHI-TEST-OCC-AC1F1BACD396124D,ANARCHI-TEST-CONTENT-79733A013DAEA719,UNADJUDICATED,NONE,,,,,DISCOVERED
ANARCHI-TEST-OCC-AC3C77E81D53D103,ANARCHI-TEST-CONTENT-034B10AF10C15474,UNADJUDICATED,NONE,,,,,DISCOVERED
ANARCHI-TEST-OCC-AC75155FFE5587AB,ANARCHI-TEST-CONTENT-6C2D77E1A6FB1879,UNADJUDICATED,NONE,,,,,DISCOVERED
ANARCHI-TEST-OCC-AC783157C106771A,ANARCHI-TEST-CONTENT-DAAE4F0BE1DF5365,UNADJUDICATED,NONE,,,,,DISCOVERED
ANARCHI-TEST-OCC-AC78C9099DACAF6D,ANARCHI-TEST-CONTENT-D6167DF0F4C6B0E4,UNADJUDICATED,NONE,,,,,DISCOVERED
ANARCHI-TEST-OCC-AC8723ECCE6D1B80,ANARCHI-TEST-CONTENT-3E407E486677B35F,UNADJUDICATED,NONE,,,,,DISCOVERED
ANARCHI-TEST-OCC-ACA1C97EDE216CA8,ANARCHI-TEST-CONTENT-E1396072157A356B,UNADJUDICATED,NONE,,,,,DISCOVERED
ANARCHI-TEST-OCC-ACA31AAAF42327C2,ANARCHI-TEST-CONTENT-424970F333786055,UNADJUDICATED,NONE,,,,,DISCOVERED
ANARCHI-TEST-OCC-ACB5E5125DEC3D7B,ANARCHI-TEST-CONTENT-55604F76321460D1,UNADJUDICATED,NONE,,,,,DISCOVERED
ANARCHI-TEST-OCC-ACBF447EACAC7921,ANARCHI-TEST-CONTENT-E3B0C44298FC1C14,UNADJUDICATED,NONE,,,,,DISCOVERED
ANARCHI-TEST-OCC-ACCEB023C70B4221,ANARCHI-TEST-CONTENT-05C0648B25FB7B54,UNADJUDICATED,NONE,,,,,DISCOVERED
ANARCHI-TEST-OCC-ACCFC44B1DA93C12,ANARCHI-TEST-CONTENT-859FE7B8600E21A7,UNADJUDICATED,NONE,,,,,DISCOVERED
ANARCHI-TEST-OCC-ACE275F1CC688CFB,ANARCHI-TEST-CONTENT-1E919C36BFBBC398,UNADJUDICATED,NONE,,,,,DISCOVERED
ANARCHI-TEST-OCC-ACF159D35EB4EA2F,ANARCHI-TEST-CONTENT-028720CD9591B3C7,UNADJUDICATED,NONE,,,,,DISCOVERED
ANARCHI-TEST-OCC-ACF62AD36E674C77,ANARCHI-TEST-CONTENT-B138FB7D8D785D1C,UNADJUDICATED,NONE,,,,,DISCOVERED
ANARCHI-TEST-OCC-AD1D98DC5EDAF2F9,ANARCHI-TEST-CONTENT-9AD5E0AD3E5BA472,UNADJUDICATED,NONE,,,,,DISCOVERED
ANARCHI-TEST-OCC-AD2823742B2AE640,ANARCHI-TEST-CONTENT-2973B56CFC48F62B,UNADJUDICATED,NONE,,,,,DISCOVERED
ANARCHI-TEST-OCC-AD3428528F048BC4,ANARCHI-TEST-CONTENT-034B10AF10C15474,UNADJUDICATED,NONE,,,,,DISCOVERED
ANARCHI-TEST-OCC-AD69F6F6EFEB8F97,ANARCHI-TEST-CONTENT-CBE7B230E08348FB,UNADJUDICATED,NONE,,,,,DISCOVERED
ANARCHI-TEST-OCC-AD738FCBBC8270F0,ANARCHI-TEST-CONTENT-DB7290589C42FF64,UNADJUDICATED,NONE,,,,,DISCOVERED
ANARCHI-TEST-OCC-AD7883BFCCB51037,ANARCHI-TEST-CONTENT-54EF7E380325B24F,UNADJUDICATED,NONE,,,,,DISCOVERED
ANARCHI-TEST-OCC-AD7E55CE00BA9489,ANARCHI-TEST-CONTENT-D89371BC9EB53498,UNADJUDICATED,NONE,,,,,DISCOVERED
ANARCHI-TEST-OCC-AD8AA83C2650BBF8,ANARCHI-TEST-CONTENT-17AD0F60BDA7496D,UNADJUDICATED,NONE,,,,,DISCOVERED
ANARCHI-TEST-OCC-AD91EB0E0EB56566,ANARCHI-TEST-CONTENT-2D1A76077C96B30F,UNADJUDICATED,NONE,,,,,DISCOVERED
ANARCHI-TEST-OCC-ADA704767137DF73,ANARCHI-TEST-CONTENT-3177B1C997D96ABF,UNADJUDICATED,NONE,,,,,DISCOVERED
ANARCHI-TEST-OCC-ADAC3FE2E12BEF74,ANARCHI-TEST-CONTENT-3BE4A6B95270905A,UNADJUDICATED,NONE,,,,,DISCOVERED
ANARCHI-TEST-OCC-ADB66EC4CDFF8B32,ANARCHI-TEST-CONTENT-C14235D28757B1BF,UNADJUDICATED,NONE,,,,,DISCOVERED
ANARCHI-TEST-OCC-ADD8155EB859D264,ANARCHI-TEST-CONTENT-CCC8F12FF8CA42C2,UNADJUDICATED,NONE,,,,,DISCOVERED
ANARCHI-TEST-OCC-ADDAA50F864C72D9,ANARCHI-TEST-CONTENT-8F7B3AAECD351AEF,UNADJUDICATED,NONE,,,,,DISCOVERED
ANARCHI-TEST-OCC-AE02639DCB8D7894,ANARCHI-TEST-CONTENT-CA07E3826A843AB1,UNADJUDICATED,NONE,,,,,DISCOVERED
ANARCHI-TEST-OCC-AE39130DCE2B4E8E,ANARCHI-TEST-CONTENT-C63E2F372BCC41EC,UNADJUDICATED,NONE,,,,,DISCOVERED
ANARCHI-TEST-OCC-AE3E01167B386F83,ANARCHI-TEST-CONTENT-C9CA3BEE092759EE,UNADJUDICATED,NONE,,,,,DISCOVERED
ANARCHI-TEST-OCC-AE433450CA2D010D,ANARCHI-TEST-CONTENT-E03D2DF7C4842D01,UNADJUDICATED,NONE,,,,,DISCOVERED
ANARCHI-TEST-OCC-AE441BA9ED7C2D84,ANARCHI-TEST-CONTENT-8B934780A9A0DAAD,UNADJUDICATED,NONE,,,,,DISCOVERED
ANARCHI-TEST-OCC-AE488B8A9BB8C4D7,ANARCHI-TEST-CONTENT-F17537B81DE671AB,UNADJUDICATED,NONE,,,,,DISCOVERED
ANARCHI-TEST-OCC-AE55208C008B5256,ANARCHI-TEST-CONTENT-DDDD8E96A1F23440,UNADJUDICATED,NONE,,,,,DISCOVERED
ANARCHI-TEST-OCC-AE66F7CD5F9F2010,ANARCHI-TEST-CONTENT-4693D7061E018FEE,UNADJUDICATED,NONE,,,,,DISCOVERED
ANARCHI-TEST-OCC-AE69D9DA7FB1DCDD,ANARCHI-TEST-CONTENT-44DEC0221309E44A,UNADJUDICATED,NONE,,,,,DISCOVERED
ANARCHI-TEST-OCC-AEB5086416622990,ANARCHI-TEST-CONTENT-66CC1C34EBBB0775,UNADJUDICATED,NONE,,,,,DISCOVERED
ANARCHI-TEST-OCC-AEDAF10A45BC128D,ANARCHI-TEST-CONTENT-E9FB93C5D22FB6A4,UNADJUDICATED,NONE,,,,,DISCOVERED
ANARCHI-TEST-OCC-AEEE6F4636A4D8B0,ANARCHI-TEST-CONTENT-24657B6C497EACBF,UNADJUDICATED,NONE,,,,,DISCOVERED
ANARCHI-TEST-OCC-AEFA65EA105E7485,ANARCHI-TEST-CONTENT-456BB6503C3DE827,UNADJUDICATED,NONE,,,,,DISCOVERED
ANARCHI-TEST-OCC-AF2CD8563C21F9D1,ANARCHI-TEST-CONTENT-FBD00F487173D330,UNADJUDICATED,NONE,,,,,DISCOVERED
ANARCHI-TEST-OCC-AF3A3AB29B8621B5,ANARCHI-TEST-CONTENT-F5D4D3F848D97411,UNADJUDICATED,NONE,,,,,DISCOVERED
ANARCHI-TEST-OCC-AF53ADB60F5BE5CF,ANARCHI-TEST-CONTENT-DAF9127A9F423CA6,UNADJUDICATED,NONE,,,,,DISCOVERED
ANARCHI-TEST-OCC-AF6CBFE02ECB9452,ANARCHI-TEST-CONTENT-C79E019BFB08EA40,UNADJUDICATED,NONE,,,,,DISCOVERED
ANARCHI-TEST-OCC-AF7BCD65ED8A0B63,ANARCHI-TEST-CONTENT-04261F5B3DDCE0C3,UNADJUDICATED,NONE,,,,,DISCOVERED
ANARCHI-TEST-OCC-AF86C4ADF96740DD,ANARCHI-TEST-CONTENT-F4B59BB95C2E1E86,UNADJUDICATED,NONE,,,,,DISCOVERED
ANARCHI-TEST-OCC-AF8E97BD4FA21422,ANARCHI-TEST-CONTENT-1CE38555EA5F82F8,UNADJUDICATED,NONE,,,,,DISCOVERED
ANARCHI-TEST-OCC-AFB0B48EF20BE065,ANARCHI-TEST-CONTENT-E3B0C44298FC1C14,UNADJUDICATED,NONE,,,,,DISCOVERED
ANARCHI-TEST-OCC-AFB2594823C195C0,ANARCHI-TEST-CONTENT-3F4BEBB1DB2B6877,UNADJUDICATED,NONE,,,,,DISCOVERED
ANARCHI-TEST-OCC-AFD030F24CE53AD5,ANARCHI-TEST-CONTENT-5FC2BFAD74B53972,UNADJUDICATED,NONE,,,,,DISCOVERED
ANARCHI-TEST-OCC-AFD86B3C374EB18E,ANARCHI-TEST-CONTENT-DE36D6107AFC89E6,UNADJUDICATED,NONE,,,,,DISCOVERED
ANARCHI-TEST-OCC-AFE8B9FCEF4D2B42,ANARCHI-TEST-CONTENT-8A769891995B8FAB,UNADJUDICATED,NONE,,,,,DISCOVERED
ANARCHI-TEST-OCC-AFEF44380C886058,ANARCHI-TEST-CONTENT-2B121D4504AE85FE,UNADJUDICATED,NONE,,,,,DISCOVERED
ANARCHI-TEST-OCC-B01AAB9A5D9C6A66,ANARCHI-TEST-CONTENT-7DD365B2F4553AC6,UNADJUDICATED,NONE,,,,,DISCOVERED
ANARCHI-TEST-OCC-B01D33F59075C9B8,ANARCHI-TEST-CONTENT-5C687B07E21CFFC0,UNADJUDICATED,NONE,,,,,DISCOVERED
ANARCHI-TEST-OCC-B0395A91FB5296C3,ANARCHI-TEST-CONTENT-B6CB83546BF88871,UNADJUDICATED,NONE,,,,,DISCOVERED
ANARCHI-TEST-OCC-B04DD64D319693E9,ANARCHI-TEST-CONTENT-2B0F7890FD2D7F02,UNADJUDICATED,NONE,,,,,DISCOVERED
ANARCHI-TEST-OCC-B04E41910733A619,ANARCHI-TEST-CONTENT-BC248BC68D29CA7A,UNADJUDICATED,NONE,,,,,DISCOVERED
ANARCHI-TEST-OCC-B0580D4CCE466930,ANARCHI-TEST-CONTENT-A229009CCA2D3B6F,UNADJUDICATED,NONE,,,,,DISCOVERED
ANARCHI-TEST-OCC-B05DE5B626035562,ANARCHI-TEST-CONTENT-E3B0C44298FC1C14,UNADJUDICATED,NONE,,,,,DISCOVERED
ANARCHI-TEST-OCC-B05FC9FD08FD51EA,ANARCHI-TEST-CONTENT-DFBB53F29E8C8478,UNADJUDICATED,NONE,,,,,DISCOVERED
ANARCHI-TEST-OCC-B097E6C04F0644AE,ANARCHI-TEST-CONTENT-D48211CA51B7F73E,UNADJUDICATED,NONE,,,,,DISCOVERED
ANARCHI-TEST-OCC-B09826048D0702FC,ANARCHI-TEST-CONTENT-71FA20F5FA7F10E1,UNADJUDICATED,NONE,,,,,DISCOVERED
ANARCHI-TEST-OCC-B09B02E14FF5F574,ANARCHI-TEST-CONTENT-2C30A780412783E7,UNADJUDICATED,NONE,,,,,DISCOVERED
ANARCHI-TEST-OCC-B0B86B65F632B95D,ANARCHI-TEST-CONTENT-FA8441E2459E893D,UNADJUDICATED,NONE,,,,,DISCOVERED
ANARCHI-TEST-OCC-B0BDD3AA8F8FCB73,ANARCHI-TEST-CONTENT-3328E7D33FA4419C,UNADJUDICATED,NONE,,,,,DISCOVERED
ANARCHI-TEST-OCC-B0C85438A7AA8E49,ANARCHI-TEST-CONTENT-A63411E94684311F,UNADJUDICATED,NONE,,,,,DISCOVERED
ANARCHI-TEST-OCC-B0DEDD857C09D4E8,ANARCHI-TEST-CONTENT-054C07A76C682CA8,UNADJUDICATED,NONE,,,,,DISCOVERED
ANARCHI-TEST-OCC-B0FE1FB25929BE5C,ANARCHI-TEST-CONTENT-75235D661A1CF1AE,UNADJUDICATED,NONE,,,,,DISCOVERED
ANARCHI-TEST-OCC-B10B708BAC416D60,ANARCHI-TEST-CONTENT-20DF5A1EFA24B1D6,UNADJUDICATED,NONE,,,,,DISCOVERED
ANARCHI-TEST-OCC-B14CCA34584D3739,ANARCHI-TEST-CONTENT-8450B35AC2238549,UNADJUDICATED,NONE,,,,,DISCOVERED
ANARCHI-TEST-OCC-B1580C15F514EC41,ANARCHI-TEST-CONTENT-C21A130AFCC95FE9,UNADJUDICATED,NONE,,,,,DISCOVERED
ANARCHI-TEST-OCC-B158957DF1281A2B,ANARCHI-TEST-CONTENT-BB387362CC1239EF,UNADJUDICATED,NONE,,,,,DISCOVERED
ANARCHI-TEST-OCC-B15E15D76986387A,ANARCHI-TEST-CONTENT-9690B8972E8C24B0,UNADJUDICATED,NONE,,,,,DISCOVERED
ANARCHI-TEST-OCC-B1675A363660BFF7,ANARCHI-TEST-CONTENT-2C3F79A044BB258D,UNADJUDICATED,NONE,,,,,DISCOVERED
ANARCHI-TEST-OCC-B16E3D1B80C4CC18,ANARCHI-TEST-CONTENT-79D977968F538799,UNADJUDICATED,NONE,,,,,DISCOVERED
ANARCHI-TEST-OCC-B1701B41D226BF48,ANARCHI-TEST-CONTENT-E3B0C44298FC1C14,UNADJUDICATED,NONE,,,,,DISCOVERED
ANARCHI-TEST-OCC-B17252E3E631A14F,ANARCHI-TEST-CONTENT-D1F325F4002D12B2,UNADJUDICATED,NONE,,,,,DISCOVERED
ANARCHI-TEST-OCC-B18616155BAC6252,ANARCHI-TEST-CONTENT-9664DC1AEECF1DC7,UNADJUDICATED,NONE,,,,,DISCOVERED
ANARCHI-TEST-OCC-B186B4C4C0576487,ANARCHI-TEST-CONTENT-6A3DF92F9EBE53D3,UNADJUDICATED,NONE,,,,,DISCOVERED
ANARCHI-TEST-OCC-B18B7429E90E02A0,ANARCHI-TEST-CONTENT-9158FFBC96E70A52,UNADJUDICATED,NONE,,,,,DISCOVERED
ANARCHI-TEST-OCC-B19F4C29CCEF8BE1,ANARCHI-TEST-CONTENT-DAEB85380A91054E,UNADJUDICATED,NONE,,,,,DISCOVERED
ANARCHI-TEST-OCC-B1AC8ECAD205BF1C,ANARCHI-TEST-CONTENT-276F3208058949D9,UNADJUDICATED,NONE,,,,,DISCOVERED
ANARCHI-TEST-OCC-B1CB328910BDE1EA,ANARCHI-TEST-CONTENT-EB23711971FA057E,UNADJUDICATED,NONE,,,,,DISCOVERED
ANARCHI-TEST-OCC-B1CC6522C021EA52,ANARCHI-TEST-CONTENT-0E0D4392F833D6D3,UNADJUDICATED,NONE,,,,,DISCOVERED
ANARCHI-TEST-OCC-B1D36F2A778ACBD2,ANARCHI-TEST-CONTENT-D43D278FD37A7E47,UNADJUDICATED,NONE,,,,,DISCOVERED
ANARCHI-TEST-OCC-B1EC7137132B997A,ANARCHI-TEST-CONTENT-658FDACED0D2790E,UNADJUDICATED,NONE,,,,,DISCOVERED
ANARCHI-TEST-OCC-B1EF346680F7B8D9,ANARCHI-TEST-CONTENT-D48211CA51B7F73E,UNADJUDICATED,NONE,,,,,DISCOVERED
ANARCHI-TEST-OCC-B1F04FCB7E3A611F,ANARCHI-TEST-CONTENT-B8FD4F0CECD33159,UNADJUDICATED,NONE,,,,,DISCOVERED
ANARCHI-TEST-OCC-B1FE06CDF69376B5,ANARCHI-TEST-CONTENT-15E5620EB5083486,UNADJUDICATED,NONE,,,,,DISCOVERED
ANARCHI-TEST-OCC-B229BD1A702AB438,ANARCHI-TEST-CONTENT-0956B0EC3D3EE833,UNADJUDICATED,NONE,,,,,DISCOVERED
ANARCHI-TEST-OCC-B23230E96C0B22E3,ANARCHI-TEST-CONTENT-0495A2AC39D7ED8E,UNADJUDICATED,NONE,,,,,DISCOVERED
ANARCHI-TEST-OCC-B2496AB2A4616720,ANARCHI-TEST-CONTENT-8B5DFB04D5C01A8E,UNADJUDICATED,NONE,,,,,DISCOVERED
ANARCHI-TEST-OCC-B24EC8BBCB33E884,ANARCHI-TEST-CONTENT-60464C67ED75E951,UNADJUDICATED,NONE,,,,,DISCOVERED
ANARCHI-TEST-OCC-B25074442AF6A5CC,ANARCHI-TEST-CONTENT-D60C2F8E1D4F3BCD,UNADJUDICATED,NONE,,,,,DISCOVERED
ANARCHI-TEST-OCC-B25238025B016EB9,ANARCHI-TEST-CONTENT-F5D4D3F848D97411,UNADJUDICATED,NONE,,,,,DISCOVERED
ANARCHI-TEST-OCC-B268713B01D75ED5,ANARCHI-TEST-CONTENT-0F524A2E128272CE,UNADJUDICATED,NONE,,,,,DISCOVERED
ANARCHI-TEST-OCC-B28D6B198141F480,ANARCHI-TEST-CONTENT-E3C78F14E431EBA9,UNADJUDICATED,NONE,,,,,DISCOVERED
ANARCHI-TEST-OCC-B291360F1BABD56E,ANARCHI-TEST-CONTENT-B3841CB277DE0079,UNADJUDICATED,NONE,,,,,DISCOVERED
ANARCHI-TEST-OCC-B2A171815D2CA550,ANARCHI-TEST-CONTENT-B9CFDFBA809D8780,UNADJUDICATED,NONE,,,,,DISCOVERED
ANARCHI-TEST-OCC-B2B9A3A4DF603152,ANARCHI-TEST-CONTENT-2BBD41D5D5843FC1,UNADJUDICATED,NONE,,,,,DISCOVERED
ANARCHI-TEST-OCC-B2DC53441B770A94,ANARCHI-TEST-CONTENT-7FE5135413BBE972,UNADJUDICATED,NONE,,,,,DISCOVERED
ANARCHI-TEST-OCC-B2E6C84882EE6A7D,ANARCHI-TEST-CONTENT-2D2E480AA89E44B9,UNADJUDICATED,NONE,,,,,DISCOVERED
ANARCHI-TEST-OCC-B2FC797ACF56974E,ANARCHI-TEST-CONTENT-EEE9063A5BF12FE6,UNADJUDICATED,NONE,,,,,DISCOVERED
ANARCHI-TEST-OCC-B307628D5263C236,ANARCHI-TEST-CONTENT-44DEC0221309E44A,UNADJUDICATED,NONE,,,,,DISCOVERED
ANARCHI-TEST-OCC-B3081F7EB91C1446,ANARCHI-TEST-CONTENT-3C25ABE306702129,UNADJUDICATED,NONE,,,,,DISCOVERED
ANARCHI-TEST-OCC-B314DB99F47DB966,ANARCHI-TEST-CONTENT-3E0DBA2D1A6FD324,UNADJUDICATED,NONE,,,,,DISCOVERED
ANARCHI-TEST-OCC-B3241D6DA6A4DDC7,ANARCHI-TEST-CONTENT-0E1593CC3BF0CD7E,UNADJUDICATED,NONE,,,,,DISCOVERED
ANARCHI-TEST-OCC-B338504AB60C85B4,ANARCHI-TEST-CONTENT-9A8D3B771F822209,UNADJUDICATED,NONE,,,,,DISCOVERED
ANARCHI-TEST-OCC-B3581E9AB0888E66,ANARCHI-TEST-CONTENT-A87193D1147EBE40,UNADJUDICATED,NONE,,,,,DISCOVERED
ANARCHI-TEST-OCC-B360A0E414CCC4DC,ANARCHI-TEST-CONTENT-082C9687FEE7AACD,UNADJUDICATED,NONE,,,,,DISCOVERED
ANARCHI-TEST-OCC-B37680A0E80B8B9F,ANARCHI-TEST-CONTENT-3EF7DA6E9518705E,UNADJUDICATED,NONE,,,,,DISCOVERED
ANARCHI-TEST-OCC-B38EA32191826D21,ANARCHI-TEST-CONTENT-12905EC53A1CD7B6,UNADJUDICATED,NONE,,,,,DISCOVERED
ANARCHI-TEST-OCC-B394B301DD3CCDED,ANARCHI-TEST-CONTENT-F5D4D3F848D97411,UNADJUDICATED,NONE,,,,,DISCOVERED
ANARCHI-TEST-OCC-B39B43DF9E39B996,ANARCHI-TEST-CONTENT-BC00FD5105736219,UNADJUDICATED,NONE,,,,,DISCOVERED
ANARCHI-TEST-OCC-B3A266709D478EB4,ANARCHI-TEST-CONTENT-E424F34F76BE8A07,UNADJUDICATED,NONE,,,,,DISCOVERED
ANARCHI-TEST-OCC-B3A72B22A828B203,ANARCHI-TEST-CONTENT-A2149F6DB57F2E73,UNADJUDICATED,NONE,,,,,DISCOVERED
ANARCHI-TEST-OCC-B3B83CFDFA7717D8,ANARCHI-TEST-CONTENT-CB1D557922F9DEA8,UNADJUDICATED,NONE,,,,,DISCOVERED
ANARCHI-TEST-OCC-B3D046305DC7E17D,ANARCHI-TEST-CONTENT-A25E4826EB8F6A77,UNADJUDICATED,NONE,,,,,DISCOVERED
ANARCHI-TEST-OCC-B3D9084AB22CAB8C,ANARCHI-TEST-CONTENT-E3B0C44298FC1C14,UNADJUDICATED,NONE,,,,,DISCOVERED
ANARCHI-TEST-OCC-B3EB7CCCDBE0E214,ANARCHI-TEST-CONTENT-E3B0C44298FC1C14,UNADJUDICATED,NONE,,,,,DISCOVERED
ANARCHI-TEST-OCC-B3F2B4C4AE412BBC,ANARCHI-TEST-CONTENT-3E0DBA2D1A6FD324,UNADJUDICATED,NONE,,,,,DISCOVERED
ANARCHI-TEST-OCC-B40774724D500FD2,ANARCHI-TEST-CONTENT-9263464338ED76C9,UNADJUDICATED,NONE,,,,,DISCOVERED
ANARCHI-TEST-OCC-B40C0D60637DF2F6,ANARCHI-TEST-CONTENT-81D228E73E78B486,UNADJUDICATED,NONE,,,,,DISCOVERED
ANARCHI-TEST-OCC-B460A3E365ACB002,ANARCHI-TEST-CONTENT-CC168BFD8B0FA533,UNADJUDICATED,NONE,,,,,DISCOVERED
ANARCHI-TEST-OCC-B474310C45F38B58,ANARCHI-TEST-CONTENT-7A64D20F01DD1A9A,UNADJUDICATED,NONE,,,,,DISCOVERED
ANARCHI-TEST-OCC-B480BF11238FE7B1,ANARCHI-TEST-CONTENT-E2CCDA078C39E79A,UNADJUDICATED,NONE,,,,,DISCOVERED
ANARCHI-TEST-OCC-B4AC3915EEE51547,ANARCHI-TEST-CONTENT-63D258A1AA1BF32C,UNADJUDICATED,NONE,,,,,DISCOVERED
ANARCHI-TEST-OCC-B4BC4E8764FE3986,ANARCHI-TEST-CONTENT-64583938F18E0241,UNADJUDICATED,NONE,,,,,DISCOVERED
ANARCHI-TEST-OCC-B4C2D6E4B0DC7D33,ANARCHI-TEST-CONTENT-92EE8DC526F48A85,UNADJUDICATED,NONE,,,,,DISCOVERED
ANARCHI-TEST-OCC-B4C5EEBBF0B940DE,ANARCHI-TEST-CONTENT-BCF65086EC663240,UNADJUDICATED,NONE,,,,,DISCOVERED
ANARCHI-TEST-OCC-B4E3EB689E5F89A9,ANARCHI-TEST-CONTENT-FAAE0EC9919AE026,UNADJUDICATED,NONE,,,,,DISCOVERED
ANARCHI-TEST-OCC-B4F419FE6DC088EB,ANARCHI-TEST-CONTENT-4CF5BA1F2D753E8E,UNADJUDICATED,NONE,,,,,DISCOVERED
ANARCHI-TEST-OCC-B4F53F0807F23F9C,ANARCHI-TEST-CONTENT-84D133BCCB55F4C6,UNADJUDICATED,NONE,,,,,DISCOVERED
ANARCHI-TEST-OCC-B5104DCAEB6B955F,ANARCHI-TEST-CONTENT-E3B0C44298FC1C14,UNADJUDICATED,NONE,,,,,DISCOVERED
ANARCHI-TEST-OCC-B57FE532DC561D0E,ANARCHI-TEST-CONTENT-76C07C0D11BE1AB3,UNADJUDICATED,NONE,,,,,DISCOVERED
ANARCHI-TEST-OCC-B58666E501951631,ANARCHI-TEST-CONTENT-5B6ECDD853423E44,UNADJUDICATED,NONE,,,,,DISCOVERED
ANARCHI-TEST-OCC-B587105B030E811C,ANARCHI-TEST-CONTENT-0FEA1E2F8E4285DE,UNADJUDICATED,NONE,,,,,DISCOVERED
ANARCHI-TEST-OCC-B59317061B67DB9C,ANARCHI-TEST-CONTENT-7D403BC932488A16,UNADJUDICATED,NONE,,,,,DISCOVERED
ANARCHI-TEST-OCC-B5934DF5A14C0F59,ANARCHI-TEST-CONTENT-79B468AE3F964E13,UNADJUDICATED,NONE,,,,,DISCOVERED
ANARCHI-TEST-OCC-B593D5CB1CAD802D,ANARCHI-TEST-CONTENT-ED5197B2C9595957,UNADJUDICATED,NONE,,,,,DISCOVERED
ANARCHI-TEST-OCC-B5947BB05E85D0A8,ANARCHI-TEST-CONTENT-29667FAFFF61A380,UNADJUDICATED,NONE,,,,,DISCOVERED
ANARCHI-TEST-OCC-B59C4B23A4971F81,ANARCHI-TEST-CONTENT-B1143B25529ACE63,UNADJUDICATED,NONE,,,,,DISCOVERED
ANARCHI-TEST-OCC-B5A34E223EAA0EE3,ANARCHI-TEST-CONTENT-04261F5B3DDCE0C3,UNADJUDICATED,NONE,,,,,DISCOVERED
ANARCHI-TEST-OCC-B5B69A70DBC47C2E,ANARCHI-TEST-CONTENT-C9D525ADEDF72AA0,UNADJUDICATED,NONE,,,,,DISCOVERED
ANARCHI-TEST-OCC-B5FDEFED2B4A60AE,ANARCHI-TEST-CONTENT-C4A28CAF2F44715E,UNADJUDICATED,NONE,,,,,DISCOVERED
ANARCHI-TEST-OCC-B62689B13968C3EF,ANARCHI-TEST-CONTENT-19EFF9B92BF47F1A,UNADJUDICATED,NONE,,,,,DISCOVERED
ANARCHI-TEST-OCC-B62852DF8DE7EF04,ANARCHI-TEST-CONTENT-6DD25BB60A5B2D72,UNADJUDICATED,NONE,,,,,DISCOVERED
ANARCHI-TEST-OCC-B635ABAD4F8D6ABD,ANARCHI-TEST-CONTENT-4C611B77BFA836B5,UNADJUDICATED,NONE,,,,,DISCOVERED
ANARCHI-TEST-OCC-B63D3BD85262FBEB,ANARCHI-TEST-CONTENT-E3B0C44298FC1C14,UNADJUDICATED,NONE,,,,,DISCOVERED
ANARCHI-TEST-OCC-B648A5F7EE5D6C96,ANARCHI-TEST-CONTENT-C82DC065CB7F62D2,UNADJUDICATED,NONE,,,,,DISCOVERED
ANARCHI-TEST-OCC-B65748E6CD26423A,ANARCHI-TEST-CONTENT-4C611B77BFA836B5,UNADJUDICATED,NONE,,,,,DISCOVERED
ANARCHI-TEST-OCC-B686E14A742EAD1E,ANARCHI-TEST-CONTENT-24DD33CA06709BC4,UNADJUDICATED,NONE,,,,,DISCOVERED
ANARCHI-TEST-OCC-B68A607B88E17896,ANARCHI-TEST-CONTENT-CABABD3698130DD7,UNADJUDICATED,NONE,,,,,DISCOVERED
ANARCHI-TEST-OCC-B6972A5B28E58E37,ANARCHI-TEST-CONTENT-55F58EC77D1F66EF,UNADJUDICATED,NONE,,,,,DISCOVERED
ANARCHI-TEST-OCC-B69EF035C3AE5690,ANARCHI-TEST-CONTENT-31A098EB8BAF7D68,UNADJUDICATED,NONE,,,,,DISCOVERED
ANARCHI-TEST-OCC-B6B79E75BF6FACD6,ANARCHI-TEST-CONTENT-94576831256CF554,UNADJUDICATED,NONE,,,,,DISCOVERED
ANARCHI-TEST-OCC-B6B8BD64CA64FD10,ANARCHI-TEST-CONTENT-D96EA76D1DBD86EF,UNADJUDICATED,NONE,,,,,DISCOVERED
ANARCHI-TEST-OCC-B6C867C6480049EF,ANARCHI-TEST-CONTENT-44DEC0221309E44A,UNADJUDICATED,NONE,,,,,DISCOVERED
ANARCHI-TEST-OCC-B6CE34F63631583F,ANARCHI-TEST-CONTENT-F264DBAEAD8B324A,UNADJUDICATED,NONE,,,,,DISCOVERED
ANARCHI-TEST-OCC-B6E6152BC6F1F746,ANARCHI-TEST-CONTENT-08EF42D87B70B5AE,UNADJUDICATED,NONE,,,,,DISCOVERED
ANARCHI-TEST-OCC-B7208F4BF3D14B47,ANARCHI-TEST-CONTENT-68C340C0D06FF3E9,UNADJUDICATED,NONE,,,,,DISCOVERED
ANARCHI-TEST-OCC-B72D5E2B7B2D56CD,ANARCHI-TEST-CONTENT-9D9BB64C69A3D4C7,UNADJUDICATED,NONE,,,,,DISCOVERED
ANARCHI-TEST-OCC-B73011C3F0DD2707,ANARCHI-TEST-CONTENT-2495A1018C8AA5CE,UNADJUDICATED,NONE,,,,,DISCOVERED
ANARCHI-TEST-OCC-B7410B2815664447,ANARCHI-TEST-CONTENT-40DAE714B4A32287,UNADJUDICATED,NONE,,,,,DISCOVERED
ANARCHI-TEST-OCC-B7549965AE9E9F5A,ANARCHI-TEST-CONTENT-B6ADFB3C321CA7E7,UNADJUDICATED,NONE,,,,,DISCOVERED
ANARCHI-TEST-OCC-B78FBCF8DA22286D,ANARCHI-TEST-CONTENT-262521FA32EB10F5,UNADJUDICATED,NONE,,,,,DISCOVERED
ANARCHI-TEST-OCC-B794DD36BB5D0D56,ANARCHI-TEST-CONTENT-403C31423E30CEAD,UNADJUDICATED,NONE,,,,,DISCOVERED
ANARCHI-TEST-OCC-B799CC54AC1268B9,ANARCHI-TEST-CONTENT-64DA171A2BDB53B2,UNADJUDICATED,NONE,,,,,DISCOVERED
ANARCHI-TEST-OCC-B7B22165A0C6663A,ANARCHI-TEST-CONTENT-D3E819DDA1DF7047,UNADJUDICATED,NONE,,,,,DISCOVERED
ANARCHI-TEST-OCC-B7B44798A92A0D91,ANARCHI-TEST-CONTENT-C398F684BF1A6C20,UNADJUDICATED,NONE,,,,,DISCOVERED
ANARCHI-TEST-OCC-B7BFC4CFA72432E9,ANARCHI-TEST-CONTENT-0431E5EEE5BB9972,UNADJUDICATED,NONE,,,,,DISCOVERED
ANARCHI-TEST-OCC-B7D7077E951A38BB,ANARCHI-TEST-CONTENT-32480F004CC641DF,UNADJUDICATED,NONE,,,,,DISCOVERED
ANARCHI-TEST-OCC-B7FAB901BDD8B3F9,ANARCHI-TEST-CONTENT-371B3010C8591179,UNADJUDICATED,NONE,,,,,DISCOVERED
ANARCHI-TEST-OCC-B8333BAE0CB80057,ANARCHI-TEST-CONTENT-E83A7EDEF10F0A28,UNADJUDICATED,NONE,,,,,DISCOVERED
ANARCHI-TEST-OCC-B846BDF5B8B124E2,ANARCHI-TEST-CONTENT-CB74ED21388E47CA,UNADJUDICATED,NONE,,,,,DISCOVERED
ANARCHI-TEST-OCC-B87261B7F9281CF3,ANARCHI-TEST-CONTENT-F5D4D3F848D97411,UNADJUDICATED,NONE,,,,,DISCOVERED
ANARCHI-TEST-OCC-B875C9550A49A288,ANARCHI-TEST-CONTENT-F3EBC5D1752C95B3,UNADJUDICATED,NONE,,,,,DISCOVERED
ANARCHI-TEST-OCC-B8883D6BBC745E19,ANARCHI-TEST-CONTENT-50B61A37D8268015,UNADJUDICATED,NONE,,,,,DISCOVERED
ANARCHI-TEST-OCC-B88D5269A8503F90,ANARCHI-TEST-CONTENT-7F7514570BBB6EDE,UNADJUDICATED,NONE,,,,,DISCOVERED
ANARCHI-TEST-OCC-B894DF7E0292FA52,ANARCHI-TEST-CONTENT-9AD5E0AD3E5BA472,UNADJUDICATED,NONE,,,,,DISCOVERED
ANARCHI-TEST-OCC-B8A5B69C87D5D620,ANARCHI-TEST-CONTENT-60F3FAF47612A9DF,UNADJUDICATED,NONE,,,,,DISCOVERED
ANARCHI-TEST-OCC-B8B2C55A7E7CE559,ANARCHI-TEST-CONTENT-893BC03A731ABC18,UNADJUDICATED,NONE,,,,,DISCOVERED
ANARCHI-TEST-OCC-B8BB96F77F313A78,ANARCHI-TEST-CONTENT-E49D8F81D1D43DB4,UNADJUDICATED,NONE,,,,,DISCOVERED
ANARCHI-TEST-OCC-B8BCCEB90FD3F3AD,ANARCHI-TEST-CONTENT-96EB64A0B02A1772,UNADJUDICATED,NONE,,,,,DISCOVERED
ANARCHI-TEST-OCC-B8C18E4C06252C59,ANARCHI-TEST-CONTENT-819E4BA893501104,UNADJUDICATED,NONE,,,,,DISCOVERED
ANARCHI-TEST-OCC-B9155B4B2DEB582E,ANARCHI-TEST-CONTENT-009A34153C87E01B,UNADJUDICATED,NONE,,,,,DISCOVERED
ANARCHI-TEST-OCC-B91639AF1E31AD81,ANARCHI-TEST-CONTENT-859FE7B8600E21A7,UNADJUDICATED,NONE,,,,,DISCOVERED
ANARCHI-TEST-OCC-B91AABF24B651053,ANARCHI-TEST-CONTENT-AA85853C48F29B98,UNADJUDICATED,NONE,,,,,DISCOVERED
ANARCHI-TEST-OCC-B9391AD457126485,ANARCHI-TEST-CONTENT-29725F38408A9B07,UNADJUDICATED,NONE,,,,,DISCOVERED
ANARCHI-TEST-OCC-B948710A4F22B5F6,ANARCHI-TEST-CONTENT-CD4C0F1D96CA1E16,UNADJUDICATED,NONE,,,,,DISCOVERED
ANARCHI-TEST-OCC-B96B8299DF555BE4,ANARCHI-TEST-CONTENT-1EBCE88D11026E13,UNADJUDICATED,NONE,,,,,DISCOVERED
ANARCHI-TEST-OCC-B977F0BE199ED03F,ANARCHI-TEST-CONTENT-3151AED3E0B944BC,UNADJUDICATED,NONE,,,,,DISCOVERED
ANARCHI-TEST-OCC-B97DF63D8C66AFF0,ANARCHI-TEST-CONTENT-BB4C6D50A27CD622,UNADJUDICATED,NONE,,,,,DISCOVERED
ANARCHI-TEST-OCC-B9A8F5308B663FF6,ANARCHI-TEST-CONTENT-DAAE4F0BE1DF5365,UNADJUDICATED,NONE,,,,,DISCOVERED
ANARCHI-TEST-OCC-B9BC657FD03C1740,ANARCHI-TEST-CONTENT-15E5620EB5083486,UNADJUDICATED,NONE,,,,,DISCOVERED
ANARCHI-TEST-OCC-B9BE5F82DE45CCC4,ANARCHI-TEST-CONTENT-756D1A1EF2D1E543,UNADJUDICATED,NONE,,,,,DISCOVERED
ANARCHI-TEST-OCC-B9C45A2A9C4B4349,ANARCHI-TEST-CONTENT-C398F684BF1A6C20,UNADJUDICATED,NONE,,,,,DISCOVERED
ANARCHI-TEST-OCC-B9CA4E469AD70C24,ANARCHI-TEST-CONTENT-4AF7681190653EB3,UNADJUDICATED,NONE,,,,,DISCOVERED
ANARCHI-TEST-OCC-B9DBDA5FEB5DFC8B,ANARCHI-TEST-CONTENT-03A71995E10B63C7,UNADJUDICATED,NONE,,,,,DISCOVERED
ANARCHI-TEST-OCC-B9F7CBDB3ABDB24E,ANARCHI-TEST-CONTENT-5226AC77B15FFF3F,UNADJUDICATED,NONE,,,,,DISCOVERED
ANARCHI-TEST-OCC-BA066D400545BD4B,ANARCHI-TEST-CONTENT-1EA9A48070B74C19,UNADJUDICATED,NONE,,,,,DISCOVERED
ANARCHI-TEST-OCC-BA1B43ECCC5FC084,ANARCHI-TEST-CONTENT-0E1677918C387528,UNADJUDICATED,NONE,,,,,DISCOVERED
ANARCHI-TEST-OCC-BA25A763C8951040,ANARCHI-TEST-CONTENT-B68CCFC4DDD703F8,UNADJUDICATED,NONE,,,,,DISCOVERED
ANARCHI-TEST-OCC-BA484E25A1B71A20,ANARCHI-TEST-CONTENT-58DBAB7856590369,UNADJUDICATED,NONE,,,,,DISCOVERED
ANARCHI-TEST-OCC-BA595010053E505E,ANARCHI-TEST-CONTENT-E434F9AAF7D2DCC9,UNADJUDICATED,NONE,,,,,DISCOVERED
ANARCHI-TEST-OCC-BA5B45300381974C,ANARCHI-TEST-CONTENT-043F9BE9EF49CACF,UNADJUDICATED,NONE,,,,,DISCOVERED
ANARCHI-TEST-OCC-BA5FFBF760070EA8,ANARCHI-TEST-CONTENT-EA170436EE937B69,UNADJUDICATED,NONE,,,,,DISCOVERED
ANARCHI-TEST-OCC-BA6F5906B725A306,ANARCHI-TEST-CONTENT-44DEC0221309E44A,UNADJUDICATED,NONE,,,,,DISCOVERED
ANARCHI-TEST-OCC-BA7AC6DC75B8719B,ANARCHI-TEST-CONTENT-24D174CADE719941,UNADJUDICATED,NONE,,,,,DISCOVERED
ANARCHI-TEST-OCC-BA7ECB50947ED49B,ANARCHI-TEST-CONTENT-BD86653A17651519,UNADJUDICATED,NONE,,,,,DISCOVERED
ANARCHI-TEST-OCC-BA805E844F416D14,ANARCHI-TEST-CONTENT-B1CBBB29E989ED0D,UNADJUDICATED,NONE,,,,,DISCOVERED
ANARCHI-TEST-OCC-BA82D9D417BE266A,ANARCHI-TEST-CONTENT-20A0C5026F1BEF66,UNADJUDICATED,NONE,,,,,DISCOVERED
ANARCHI-TEST-OCC-BA9A0A4F8398247F,ANARCHI-TEST-CONTENT-E3B0C44298FC1C14,UNADJUDICATED,NONE,,,,,DISCOVERED
ANARCHI-TEST-OCC-BAD05FB2D197912D,ANARCHI-TEST-CONTENT-E168A7C840799626,UNADJUDICATED,NONE,,,,,DISCOVERED
ANARCHI-TEST-OCC-BAF4EF66F8CF3A49,ANARCHI-TEST-CONTENT-1AE43BF04DCF565C,UNADJUDICATED,NONE,,,,,DISCOVERED
ANARCHI-TEST-OCC-BAF5185654E37C9C,ANARCHI-TEST-CONTENT-DC17A90ABEA779DF,UNADJUDICATED,NONE,,,,,DISCOVERED
ANARCHI-TEST-OCC-BAFD57851C945831,ANARCHI-TEST-CONTENT-3E0DBA2D1A6FD324,UNADJUDICATED,NONE,,,,,DISCOVERED
ANARCHI-TEST-OCC-BAFD969D432E02FD,ANARCHI-TEST-CONTENT-71FB0F6B014EF49D,UNADJUDICATED,NONE,,,,,DISCOVERED
ANARCHI-TEST-OCC-BB0EAD44E1AD00C7,ANARCHI-TEST-CONTENT-9D9CAECCC6B30BF1,UNADJUDICATED,NONE,,,,,DISCOVERED
ANARCHI-TEST-OCC-BB47EA5FEA739CFA,ANARCHI-TEST-CONTENT-F5D4D3F848D97411,UNADJUDICATED,NONE,,,,,DISCOVERED
ANARCHI-TEST-OCC-BB5C3FE6B8640386,ANARCHI-TEST-CONTENT-6FA0CBFAD684C3B8,UNADJUDICATED,NONE,,,,,DISCOVERED
ANARCHI-TEST-OCC-BB5DBE3254D963DB,ANARCHI-TEST-CONTENT-F5D4D3F848D97411,UNADJUDICATED,NONE,,,,,DISCOVERED
ANARCHI-TEST-OCC-BB6472FD582E7173,ANARCHI-TEST-CONTENT-26FCB5D0DC3DE934,UNADJUDICATED,NONE,,,,,DISCOVERED
ANARCHI-TEST-OCC-BB76A7B46B0F56EA,ANARCHI-TEST-CONTENT-D6906A23D6824813,UNADJUDICATED,NONE,,,,,DISCOVERED
ANARCHI-TEST-OCC-BB7BC9D09C5CA313,ANARCHI-TEST-CONTENT-5B394DAB7DC04C03,UNADJUDICATED,NONE,,,,,DISCOVERED
ANARCHI-TEST-OCC-BB83A89300C07D56,ANARCHI-TEST-CONTENT-E3B0C44298FC1C14,UNADJUDICATED,NONE,,,,,DISCOVERED
ANARCHI-TEST-OCC-BB89C25F261B9BEE,ANARCHI-TEST-CONTENT-E3B0C44298FC1C14,UNADJUDICATED,NONE,,,,,DISCOVERED
ANARCHI-TEST-OCC-BB8F5AC077EA5056,ANARCHI-TEST-CONTENT-E70E85E895BA2BB9,UNADJUDICATED,NONE,,,,,DISCOVERED
ANARCHI-TEST-OCC-BB9FD1C1A4EC67AA,ANARCHI-TEST-CONTENT-DBD7878B214ACC6D,UNADJUDICATED,NONE,,,,,DISCOVERED
ANARCHI-TEST-OCC-BBB37C9A49E23A15,ANARCHI-TEST-CONTENT-FACABC55A13D149F,UNADJUDICATED,NONE,,,,,DISCOVERED
ANARCHI-TEST-OCC-BBB3FCBC57F4F5A6,ANARCHI-TEST-CONTENT-B72B2110CB0B34F4,UNADJUDICATED,NONE,,,,,DISCOVERED
ANARCHI-TEST-OCC-BBBA0154800B7434,ANARCHI-TEST-CONTENT-F811607CA4A9C610,UNADJUDICATED,NONE,,,,,DISCOVERED
ANARCHI-TEST-OCC-BBBA14EDBF2B2C75,ANARCHI-TEST-CONTENT-CCC8F12FF8CA42C2,UNADJUDICATED,NONE,,,,,DISCOVERED
ANARCHI-TEST-OCC-BBC4337E0895DCB5,ANARCHI-TEST-CONTENT-F514883BAD06A84C,UNADJUDICATED,NONE,,,,,DISCOVERED
ANARCHI-TEST-OCC-BBC4EF3A42C7FF9C,ANARCHI-TEST-CONTENT-D48211CA51B7F73E,UNADJUDICATED,NONE,,,,,DISCOVERED
ANARCHI-TEST-OCC-BBC72FD9E456C618,ANARCHI-TEST-CONTENT-BBE1C12FBCA39B67,UNADJUDICATED,NONE,,,,,DISCOVERED
ANARCHI-TEST-OCC-BBD78638F19BBAD9,ANARCHI-TEST-CONTENT-101DBEB7481891A4,UNADJUDICATED,NONE,,,,,DISCOVERED
ANARCHI-TEST-OCC-BC003EC9A3D9C3F7,ANARCHI-TEST-CONTENT-E3B0C44298FC1C14,UNADJUDICATED,NONE,,,,,DISCOVERED
ANARCHI-TEST-OCC-BC4E83C2405E2377,ANARCHI-TEST-CONTENT-BA08DA99203AAF52,UNADJUDICATED,NONE,,,,,DISCOVERED
ANARCHI-TEST-OCC-BC5630859F7A837C,ANARCHI-TEST-CONTENT-87B3E05337924E0E,UNADJUDICATED,NONE,,,,,DISCOVERED
ANARCHI-TEST-OCC-BC69BF3FA90F1400,ANARCHI-TEST-CONTENT-5A99BF5E4D8EC7C8,UNADJUDICATED,NONE,,,,,DISCOVERED
ANARCHI-TEST-OCC-BC706BFE89CD68A3,ANARCHI-TEST-CONTENT-82F031734BCB439B,UNADJUDICATED,NONE,,,,,DISCOVERED
ANARCHI-TEST-OCC-BCAF6125FB940F77,ANARCHI-TEST-CONTENT-247620638B27145E,UNADJUDICATED,NONE,,,,,DISCOVERED
ANARCHI-TEST-OCC-BCCEE7B63E4C5440,ANARCHI-TEST-CONTENT-F514883BAD06A84C,UNADJUDICATED,NONE,,,,,DISCOVERED
ANARCHI-TEST-OCC-BCD73CD25EC332BF,ANARCHI-TEST-CONTENT-CA91FE4A1959434D,UNADJUDICATED,NONE,,,,,DISCOVERED
ANARCHI-TEST-OCC-BCE06E9FAB09CC2F,ANARCHI-TEST-CONTENT-C50486C345952D8F,UNADJUDICATED,NONE,,,,,DISCOVERED
ANARCHI-TEST-OCC-BCE16C7607C8F838,ANARCHI-TEST-CONTENT-058A2AD42A88EFA4,UNADJUDICATED,NONE,,,,,DISCOVERED
ANARCHI-TEST-OCC-BCEBEAF93E5AAF07,ANARCHI-TEST-CONTENT-E3B0C44298FC1C14,UNADJUDICATED,NONE,,,,,DISCOVERED
ANARCHI-TEST-OCC-BD0249351B331E30,ANARCHI-TEST-CONTENT-67CE4585F5CE3959,UNADJUDICATED,NONE,,,,,DISCOVERED
ANARCHI-TEST-OCC-BD0AAB5EDA8DF7D8,ANARCHI-TEST-CONTENT-6117B6CAD33079E5,UNADJUDICATED,NONE,,,,,DISCOVERED
ANARCHI-TEST-OCC-BD0CA483DA7E0BAD,ANARCHI-TEST-CONTENT-24DD33CA06709BC4,UNADJUDICATED,NONE,,,,,DISCOVERED
ANARCHI-TEST-OCC-BD342B6B106E44EE,ANARCHI-TEST-CONTENT-991C5FB4A96BC71A,UNADJUDICATED,NONE,,,,,DISCOVERED
ANARCHI-TEST-OCC-BD8D80D8618AB7E1,ANARCHI-TEST-CONTENT-935CE62869E83F4D,UNADJUDICATED,NONE,,,,,DISCOVERED
ANARCHI-TEST-OCC-BD9DCEF42832A059,ANARCHI-TEST-CONTENT-A05C2B1488F684E0,UNADJUDICATED,NONE,,,,,DISCOVERED
ANARCHI-TEST-OCC-BDB13F15F7A3471D,ANARCHI-TEST-CONTENT-24D0700CEBD69F31,UNADJUDICATED,NONE,,,,,DISCOVERED
ANARCHI-TEST-OCC-BDDAEC88CA473748,ANARCHI-TEST-CONTENT-852D740646F71769,UNADJUDICATED,NONE,,,,,DISCOVERED
ANARCHI-TEST-OCC-BDF18DF4F15654DD,ANARCHI-TEST-CONTENT-22418F72F2CEE000,UNADJUDICATED,NONE,,,,,DISCOVERED
ANARCHI-TEST-OCC-BE249DC8F565D8F4,ANARCHI-TEST-CONTENT-079F6C7D9C535262,UNADJUDICATED,NONE,,,,,DISCOVERED
ANARCHI-TEST-OCC-BE2B626A3D49E083,ANARCHI-TEST-CONTENT-A7A17471F4243D8C,UNADJUDICATED,NONE,,,,,DISCOVERED
ANARCHI-TEST-OCC-BE61A779490887D7,ANARCHI-TEST-CONTENT-3CB412ADE315094E,UNADJUDICATED,NONE,,,,,DISCOVERED
ANARCHI-TEST-OCC-BE8C709EA045B2E2,ANARCHI-TEST-CONTENT-18E3F92E05E7E6BF,UNADJUDICATED,NONE,,,,,DISCOVERED
ANARCHI-TEST-OCC-BEA7BCEC5DCD00EC,ANARCHI-TEST-CONTENT-A22BAEE4F28DAC37,UNADJUDICATED,NONE,,,,,DISCOVERED
ANARCHI-TEST-OCC-BED8E0B9238B7E98,ANARCHI-TEST-CONTENT-2DDA2415ADC9AD0E,UNADJUDICATED,NONE,,,,,DISCOVERED
ANARCHI-TEST-OCC-BEDF799CE55D72BE,ANARCHI-TEST-CONTENT-26E99D7ABCA3A549,UNADJUDICATED,NONE,,,,,DISCOVERED
ANARCHI-TEST-OCC-BEE7704F6720E986,ANARCHI-TEST-CONTENT-2C00728A5C1C6CCC,UNADJUDICATED,NONE,,,,,DISCOVERED
ANARCHI-TEST-OCC-BEF3405A24381056,ANARCHI-TEST-CONTENT-C64D63D0377DEB0B,UNADJUDICATED,NONE,,,,,DISCOVERED
ANARCHI-TEST-OCC-BEF5B3DA1980772A,ANARCHI-TEST-CONTENT-061B31FE08F97296,UNADJUDICATED,NONE,,,,,DISCOVERED
ANARCHI-TEST-OCC-BF01A1409B1D0763,ANARCHI-TEST-CONTENT-1021C68C8755925A,UNADJUDICATED,NONE,,,,,DISCOVERED
ANARCHI-TEST-OCC-BF0B67C160880005,ANARCHI-TEST-CONTENT-4397893A038CE2F9,UNADJUDICATED,NONE,,,,,DISCOVERED
ANARCHI-TEST-OCC-BF3F68728FC3A32A,ANARCHI-TEST-CONTENT-F6C9F9A9E628A45D,UNADJUDICATED,NONE,,,,,DISCOVERED
ANARCHI-TEST-OCC-BF43ADB392A07577,ANARCHI-TEST-CONTENT-3A6AB72EB9E31133,UNADJUDICATED,NONE,,,,,DISCOVERED
ANARCHI-TEST-OCC-BF5736E966ED10BF,ANARCHI-TEST-CONTENT-172C4D50951CFF0A,UNADJUDICATED,NONE,,,,,DISCOVERED
ANARCHI-TEST-OCC-BF5D4A193B404578,ANARCHI-TEST-CONTENT-EABE522D8B925C12,UNADJUDICATED,NONE,,,,,DISCOVERED
ANARCHI-TEST-OCC-BF68ABAA7C67B29D,ANARCHI-TEST-CONTENT-D8B2214BFF715DE0,UNADJUDICATED,NONE,,,,,DISCOVERED
ANARCHI-TEST-OCC-BF6F1D9E5A693419,ANARCHI-TEST-CONTENT-AE57664505DCE5CF,UNADJUDICATED,NONE,,,,,DISCOVERED
ANARCHI-TEST-OCC-BF70256035BF8F82,ANARCHI-TEST-CONTENT-F919E585951926E7,UNADJUDICATED,NONE,,,,,DISCOVERED
ANARCHI-TEST-OCC-BF8567FD4D8D664D,ANARCHI-TEST-CONTENT-9143A33C1CAC70F2,UNADJUDICATED,NONE,,,,,DISCOVERED
ANARCHI-TEST-OCC-BF8FCEFD91921DEE,ANARCHI-TEST-CONTENT-CCFB642049D96938,UNADJUDICATED,NONE,,,,,DISCOVERED
ANARCHI-TEST-OCC-BF9EF1583E67492A,ANARCHI-TEST-CONTENT-6721AE5806C75B9C,UNADJUDICATED,NONE,,,,,DISCOVERED
ANARCHI-TEST-OCC-BFEFF32B9CA5A775,ANARCHI-TEST-CONTENT-7C4CA2333B1678AD,UNADJUDICATED,NONE,,,,,DISCOVERED
ANARCHI-TEST-OCC-C00A370B911C0434,ANARCHI-TEST-CONTENT-132C62120C9CD270,UNADJUDICATED,NONE,,,,,DISCOVERED
ANARCHI-TEST-OCC-C00AD3F6F6BE1956,ANARCHI-TEST-CONTENT-E3B0C44298FC1C14,UNADJUDICATED,NONE,,,,,DISCOVERED
ANARCHI-TEST-OCC-C00CEE240337A9FD,ANARCHI-TEST-CONTENT-C331E5A695E06C7B,UNADJUDICATED,NONE,,,,,DISCOVERED
ANARCHI-TEST-OCC-C00FFA299D12E859,ANARCHI-TEST-CONTENT-73139CDF7E323522,UNADJUDICATED,NONE,,,,,DISCOVERED
ANARCHI-TEST-OCC-C0158FA05EC29719,ANARCHI-TEST-CONTENT-CC12BA64F54033AD,UNADJUDICATED,NONE,,,,,DISCOVERED
ANARCHI-TEST-OCC-C0417EC630DECA9F,ANARCHI-TEST-CONTENT-66F3238A179605C7,UNADJUDICATED,NONE,,,,,DISCOVERED
ANARCHI-TEST-OCC-C04F738D07C92A97,ANARCHI-TEST-CONTENT-ECA4A66CF8BFD09D,UNADJUDICATED,NONE,,,,,DISCOVERED
ANARCHI-TEST-OCC-C052E8FEFEE72F42,ANARCHI-TEST-CONTENT-88A3B5D13BEE6B55,UNADJUDICATED,NONE,,,,,DISCOVERED
ANARCHI-TEST-OCC-C0B253C99117DA51,ANARCHI-TEST-CONTENT-5D271040EF51851A,UNADJUDICATED,NONE,,,,,DISCOVERED
ANARCHI-TEST-OCC-C0B76F90179B52C6,ANARCHI-TEST-CONTENT-F5D4D3F848D97411,UNADJUDICATED,NONE,,,,,DISCOVERED
ANARCHI-TEST-OCC-C0BD554DABCE9603,ANARCHI-TEST-CONTENT-5C6E73080AE0EA28,UNADJUDICATED,NONE,,,,,DISCOVERED
ANARCHI-TEST-OCC-C0BDA92BAA97D8E0,ANARCHI-TEST-CONTENT-885E66EC4B8897B8,UNADJUDICATED,NONE,,,,,DISCOVERED
ANARCHI-TEST-OCC-C0C45C483F59D8A6,ANARCHI-TEST-CONTENT-E3B0C44298FC1C14,UNADJUDICATED,NONE,,,,,DISCOVERED
ANARCHI-TEST-OCC-C0E6CF4B084D3EC4,ANARCHI-TEST-CONTENT-6CAD9C908850BDB2,UNADJUDICATED,NONE,,,,,DISCOVERED
ANARCHI-TEST-OCC-C0F95385EAE9B3C6,ANARCHI-TEST-CONTENT-BDC6E77C0E13A957,UNADJUDICATED,NONE,,,,,DISCOVERED
ANARCHI-TEST-OCC-C11BB33758C68563,ANARCHI-TEST-CONTENT-F5073C13BBEFEB00,UNADJUDICATED,NONE,,,,,DISCOVERED
ANARCHI-TEST-OCC-C13E6E86D2828A67,ANARCHI-TEST-CONTENT-5DB91C1FBD373980,UNADJUDICATED,NONE,,,,,DISCOVERED
ANARCHI-TEST-OCC-C14FF192FD8942AB,ANARCHI-TEST-CONTENT-12098571044671C2,UNADJUDICATED,NONE,,,,,DISCOVERED
ANARCHI-TEST-OCC-C15CF592E79CB571,ANARCHI-TEST-CONTENT-057AB33F5CF71C8C,UNADJUDICATED,NONE,,,,,DISCOVERED
ANARCHI-TEST-OCC-C15FF928EDC25150,ANARCHI-TEST-CONTENT-CA5232581F532247,UNADJUDICATED,NONE,,,,,DISCOVERED
ANARCHI-TEST-OCC-C16483AAEF120E4D,ANARCHI-TEST-CONTENT-7F27E197CB6621BD,UNADJUDICATED,NONE,,,,,DISCOVERED
ANARCHI-TEST-OCC-C182747EDF55DFF0,ANARCHI-TEST-CONTENT-15E5620EB5083486,UNADJUDICATED,NONE,,,,,DISCOVERED
ANARCHI-TEST-OCC-C18B54410D3BF5C3,ANARCHI-TEST-CONTENT-B9E4097A95BC912F,UNADJUDICATED,NONE,,,,,DISCOVERED
ANARCHI-TEST-OCC-C1AD951E767804CE,ANARCHI-TEST-CONTENT-4B00FA42C7D296B1,UNADJUDICATED,NONE,,,,,DISCOVERED
ANARCHI-TEST-OCC-C1B30D946D5051BC,ANARCHI-TEST-CONTENT-94A8D7005DAFC4F4,UNADJUDICATED,NONE,,,,,DISCOVERED
ANARCHI-TEST-OCC-C1B6DA3E32811A29,ANARCHI-TEST-CONTENT-442CAAA22572F54F,UNADJUDICATED,NONE,,,,,DISCOVERED
ANARCHI-TEST-OCC-C1CE2A5475E48F09,ANARCHI-TEST-CONTENT-E3B0C44298FC1C14,UNADJUDICATED,NONE,,,,,DISCOVERED
ANARCHI-TEST-OCC-C1D843F6FB89DDC0,ANARCHI-TEST-CONTENT-977F1BA3B769A77B,UNADJUDICATED,NONE,,,,,DISCOVERED
ANARCHI-TEST-OCC-C214AB0EADCE8DC6,ANARCHI-TEST-CONTENT-C588FE42033D0A78,UNADJUDICATED,NONE,,,,,DISCOVERED
ANARCHI-TEST-OCC-C216912A0E05FB99,ANARCHI-TEST-CONTENT-7959B948C6961769,UNADJUDICATED,NONE,,,,,DISCOVERED
ANARCHI-TEST-OCC-C21C51E332D32961,ANARCHI-TEST-CONTENT-0E9203E037089BEF,UNADJUDICATED,NONE,,,,,DISCOVERED
ANARCHI-TEST-OCC-C23D923AD1F7A5FA,ANARCHI-TEST-CONTENT-E3B0C44298FC1C14,UNADJUDICATED,NONE,,,,,DISCOVERED
ANARCHI-TEST-OCC-C23F72D541A6C660,ANARCHI-TEST-CONTENT-9F34A87EE6B0735F,UNADJUDICATED,NONE,,,,,DISCOVERED
ANARCHI-TEST-OCC-C24D26100EEA2801,ANARCHI-TEST-CONTENT-AA85853C48F29B98,UNADJUDICATED,NONE,,,,,DISCOVERED
ANARCHI-TEST-OCC-C2574D0A26280AEE,ANARCHI-TEST-CONTENT-24657B6C497EACBF,UNADJUDICATED,NONE,,,,,DISCOVERED
ANARCHI-TEST-OCC-C264EAC399909BB6,ANARCHI-TEST-CONTENT-701C214017D5DCA6,UNADJUDICATED,NONE,,,,,DISCOVERED
ANARCHI-TEST-OCC-C2675CCD85ED5BF1,ANARCHI-TEST-CONTENT-DA87D2E181C721C2,UNADJUDICATED,NONE,,,,,DISCOVERED
ANARCHI-TEST-OCC-C2767DE7FB836591,ANARCHI-TEST-CONTENT-CAA3E953717459C6,UNADJUDICATED,NONE,,,,,DISCOVERED
ANARCHI-TEST-OCC-C27CBF5092E964BC,ANARCHI-TEST-CONTENT-E3B0C44298FC1C14,UNADJUDICATED,NONE,,,,,DISCOVERED
ANARCHI-TEST-OCC-C28BD5FBEA33C839,ANARCHI-TEST-CONTENT-6BF472DA7297E566,UNADJUDICATED,NONE,,,,,DISCOVERED
ANARCHI-TEST-OCC-C2B540C2FC37FB25,ANARCHI-TEST-CONTENT-F4DFE661669A4386,UNADJUDICATED,NONE,,,,,DISCOVERED
ANARCHI-TEST-OCC-C2C709523913091E,ANARCHI-TEST-CONTENT-64EA155506B85FDF,UNADJUDICATED,NONE,,,,,DISCOVERED
ANARCHI-TEST-OCC-C2D6757E301D613E,ANARCHI-TEST-CONTENT-B78576A66D8917E6,UNADJUDICATED,NONE,,,,,DISCOVERED
ANARCHI-TEST-OCC-C31C6F9A5ED2F563,ANARCHI-TEST-CONTENT-15E5620EB5083486,UNADJUDICATED,NONE,,,,,DISCOVERED
ANARCHI-TEST-OCC-C34B98C48956DF4E,ANARCHI-TEST-CONTENT-7BDE3D66CF941C69,UNADJUDICATED,NONE,,,,,DISCOVERED
ANARCHI-TEST-OCC-C34D293AA4BC437B,ANARCHI-TEST-CONTENT-19EFF9B92BF47F1A,UNADJUDICATED,NONE,,,,,DISCOVERED
ANARCHI-TEST-OCC-C351E055B34DBC57,ANARCHI-TEST-CONTENT-74C13C8888BF6B80,UNADJUDICATED,NONE,,,,,DISCOVERED
ANARCHI-TEST-OCC-C365C6CA0AE3A8D9,ANARCHI-TEST-CONTENT-D48211CA51B7F73E,UNADJUDICATED,NONE,,,,,DISCOVERED
ANARCHI-TEST-OCC-C36F81186D4EA212,ANARCHI-TEST-CONTENT-D198C6E7A5A92212,UNADJUDICATED,NONE,,,,,DISCOVERED
ANARCHI-TEST-OCC-C382FD2E614DB9D1,ANARCHI-TEST-CONTENT-2C5D8F91B6865653,UNADJUDICATED,NONE,,,,,DISCOVERED
ANARCHI-TEST-OCC-C3ACB98F93D5FD7A,ANARCHI-TEST-CONTENT-15E5620EB5083486,UNADJUDICATED,NONE,,,,,DISCOVERED
ANARCHI-TEST-OCC-C3AE513E53879316,ANARCHI-TEST-CONTENT-A909BD63262259EF,UNADJUDICATED,NONE,,,,,DISCOVERED
ANARCHI-TEST-OCC-C3BFF1C2FDEA62E2,ANARCHI-TEST-CONTENT-FB28E82874103817,UNADJUDICATED,NONE,,,,,DISCOVERED
ANARCHI-TEST-OCC-C3F371CA7B9845F0,ANARCHI-TEST-CONTENT-F3B61CD289FDE795,UNADJUDICATED,NONE,,,,,DISCOVERED
ANARCHI-TEST-OCC-C3F3852519E0F9B8,ANARCHI-TEST-CONTENT-2FF59AB811C58999,UNADJUDICATED,NONE,,,,,DISCOVERED
ANARCHI-TEST-OCC-C42441EA255AB5DC,ANARCHI-TEST-CONTENT-C415F6E50E18CB6B,UNADJUDICATED,NONE,,,,,DISCOVERED
ANARCHI-TEST-OCC-C42865B5B74E6374,ANARCHI-TEST-CONTENT-1B98BD98C3D586FF,UNADJUDICATED,NONE,,,,,DISCOVERED
ANARCHI-TEST-OCC-C4288CB0629C6176,ANARCHI-TEST-CONTENT-1C2B45980DC58484,UNADJUDICATED,NONE,,,,,DISCOVERED
ANARCHI-TEST-OCC-C43484103AAC220D,ANARCHI-TEST-CONTENT-F415DF3DB26CEAC0,UNADJUDICATED,NONE,,,,,DISCOVERED
ANARCHI-TEST-OCC-C48C6E13DB7D53C3,ANARCHI-TEST-CONTENT-AAC7232A69EB9318,UNADJUDICATED,NONE,,,,,DISCOVERED
ANARCHI-TEST-OCC-C4A8FF7DE9DA1FE8,ANARCHI-TEST-CONTENT-C7B426A63C6C1A65,UNADJUDICATED,NONE,,,,,DISCOVERED
ANARCHI-TEST-OCC-C4C4EDBCE89923FC,ANARCHI-TEST-CONTENT-D5344101411C6839,UNADJUDICATED,NONE,,,,,DISCOVERED
ANARCHI-TEST-OCC-C54780A28B99DC96,ANARCHI-TEST-CONTENT-E3B0C44298FC1C14,UNADJUDICATED,NONE,,,,,DISCOVERED
ANARCHI-TEST-OCC-C54881104278A329,ANARCHI-TEST-CONTENT-6C2D77E1A6FB1879,UNADJUDICATED,NONE,,,,,DISCOVERED
ANARCHI-TEST-OCC-C573C8F6B05E3CBC,ANARCHI-TEST-CONTENT-2D39B72A35078744,UNADJUDICATED,NONE,,,,,DISCOVERED
ANARCHI-TEST-OCC-C58C1B3114E920D8,ANARCHI-TEST-CONTENT-1716CB61B88ED708,UNADJUDICATED,NONE,,,,,DISCOVERED
ANARCHI-TEST-OCC-C5A92A6C588284CC,ANARCHI-TEST-CONTENT-7BB236ECE99D2460,UNADJUDICATED,NONE,,,,,DISCOVERED
ANARCHI-TEST-OCC-C5F33DF1A24A8DB5,ANARCHI-TEST-CONTENT-F514883BAD06A84C,UNADJUDICATED,NONE,,,,,DISCOVERED
ANARCHI-TEST-OCC-C5F6399D54FD475F,ANARCHI-TEST-CONTENT-093312C10916D091,UNADJUDICATED,NONE,,,,,DISCOVERED
ANARCHI-TEST-OCC-C61674A96ED9B093,ANARCHI-TEST-CONTENT-4287FD08C20A63D7,UNADJUDICATED,NONE,,,,,DISCOVERED
ANARCHI-TEST-OCC-C65EB85441A193D6,ANARCHI-TEST-CONTENT-5740773D023458D3,UNADJUDICATED,NONE,,,,,DISCOVERED
ANARCHI-TEST-OCC-C690E0906174F786,ANARCHI-TEST-CONTENT-9C741049F2FA6AAF,UNADJUDICATED,NONE,,,,,DISCOVERED
ANARCHI-TEST-OCC-C69525B531FE728C,ANARCHI-TEST-CONTENT-448444606CD07A21,UNADJUDICATED,NONE,,,,,DISCOVERED
ANARCHI-TEST-OCC-C6AB67CFB51D70D8,ANARCHI-TEST-CONTENT-F2D4CB7508B7E315,UNADJUDICATED,NONE,,,,,DISCOVERED
ANARCHI-TEST-OCC-C6BE642955324A9E,ANARCHI-TEST-CONTENT-6BF18A7F716978D3,UNADJUDICATED,NONE,,,,,DISCOVERED
ANARCHI-TEST-OCC-C6CA8283F59AF263,ANARCHI-TEST-CONTENT-6CDEA47C1E9B9016,UNADJUDICATED,NONE,,,,,DISCOVERED
ANARCHI-TEST-OCC-C6D3EDC4C34687E0,ANARCHI-TEST-CONTENT-8450B35AC2238549,UNADJUDICATED,NONE,,,,,DISCOVERED
ANARCHI-TEST-OCC-C6EF20FB360955B4,ANARCHI-TEST-CONTENT-FC686D78BFD6B657,UNADJUDICATED,NONE,,,,,DISCOVERED
ANARCHI-TEST-OCC-C6F25F5037249E90,ANARCHI-TEST-CONTENT-C86EA6911247A531,UNADJUDICATED,NONE,,,,,DISCOVERED
ANARCHI-TEST-OCC-C7141B5D39B71085,ANARCHI-TEST-CONTENT-4422CD4EDB052E92,UNADJUDICATED,NONE,,,,,DISCOVERED
ANARCHI-TEST-OCC-C736AF53A747D4BF,ANARCHI-TEST-CONTENT-C0634E7369615DE3,UNADJUDICATED,NONE,,,,,DISCOVERED
ANARCHI-TEST-OCC-C7868C0E8CD50A2B,ANARCHI-TEST-CONTENT-8CC09941BDC6EA95,UNADJUDICATED,NONE,,,,,DISCOVERED
ANARCHI-TEST-OCC-C78F561BD53207DE,ANARCHI-TEST-CONTENT-A7E32E04D501D3B2,UNADJUDICATED,NONE,,,,,DISCOVERED
ANARCHI-TEST-OCC-C79807604340A7F0,ANARCHI-TEST-CONTENT-C31C65EA1C446647,UNADJUDICATED,NONE,,,,,DISCOVERED
ANARCHI-TEST-OCC-C79BE22D27DF5652,ANARCHI-TEST-CONTENT-12D22FECBB47FE64,UNADJUDICATED,NONE,,,,,DISCOVERED
ANARCHI-TEST-OCC-C79E1C8C33F1C58B,ANARCHI-TEST-CONTENT-893BC03A731ABC18,UNADJUDICATED,NONE,,,,,DISCOVERED
ANARCHI-TEST-OCC-C7C2D371BDF8C53D,ANARCHI-TEST-CONTENT-15E5620EB5083486,UNADJUDICATED,NONE,,,,,DISCOVERED
ANARCHI-TEST-OCC-C7E0036FE37FE242,ANARCHI-TEST-CONTENT-D6167DF0F4C6B0E4,UNADJUDICATED,NONE,,,,,DISCOVERED
ANARCHI-TEST-OCC-C7E5BB3C084EA305,ANARCHI-TEST-CONTENT-DCB2D82C89411909,UNADJUDICATED,NONE,,,,,DISCOVERED
ANARCHI-TEST-OCC-C81A9D63FC36A958,ANARCHI-TEST-CONTENT-686E0AFB23C2B61E,UNADJUDICATED,NONE,,,,,DISCOVERED
ANARCHI-TEST-OCC-C839D7713692CC7E,ANARCHI-TEST-CONTENT-12098571044671C2,UNADJUDICATED,NONE,,,,,DISCOVERED
ANARCHI-TEST-OCC-C83DE22E3A533EAD,ANARCHI-TEST-CONTENT-D8B2214BFF715DE0,UNADJUDICATED,NONE,,,,,DISCOVERED
ANARCHI-TEST-OCC-C842E78252F4692F,ANARCHI-TEST-CONTENT-440F63511B2286FC,UNADJUDICATED,NONE,,,,,DISCOVERED
ANARCHI-TEST-OCC-C84551ABA8B9A313,ANARCHI-TEST-CONTENT-48998C849A0141C5,UNADJUDICATED,NONE,,,,,DISCOVERED
ANARCHI-TEST-OCC-C850424EF4F8C3A9,ANARCHI-TEST-CONTENT-99D670F2A40F9F39,UNADJUDICATED,NONE,,,,,DISCOVERED
ANARCHI-TEST-OCC-C88D06D8E76D027E,ANARCHI-TEST-CONTENT-E94C59B1B36F574F,UNADJUDICATED,NONE,,,,,DISCOVERED
ANARCHI-TEST-OCC-C892206079085D46,ANARCHI-TEST-CONTENT-05D877E5930EE678,UNADJUDICATED,NONE,,,,,DISCOVERED
ANARCHI-TEST-OCC-C898F6C8414D2259,ANARCHI-TEST-CONTENT-E1557C7E0A1399F0,UNADJUDICATED,NONE,,,,,DISCOVERED
ANARCHI-TEST-OCC-C89C7634BA013D60,ANARCHI-TEST-CONTENT-203C62A46C1A2BBA,UNADJUDICATED,NONE,,,,,DISCOVERED
ANARCHI-TEST-OCC-C8A011D760534A16,ANARCHI-TEST-CONTENT-84B1BE3DE6F07511,UNADJUDICATED,NONE,,,,,DISCOVERED
ANARCHI-TEST-OCC-C8A39D9F6670CCF9,ANARCHI-TEST-CONTENT-9444EADA0229DA84,UNADJUDICATED,NONE,,,,,DISCOVERED
ANARCHI-TEST-OCC-C8AC3B306FE235EF,ANARCHI-TEST-CONTENT-0C889CE5DD48A302,UNADJUDICATED,NONE,,,,,DISCOVERED
ANARCHI-TEST-OCC-C8C806A693832885,ANARCHI-TEST-CONTENT-AAFADB63FB9142EE,UNADJUDICATED,NONE,,,,,DISCOVERED
ANARCHI-TEST-OCC-C8E0DE6681239FC5,ANARCHI-TEST-CONTENT-A04836C475386C00,UNADJUDICATED,NONE,,,,,DISCOVERED
ANARCHI-TEST-OCC-C8EB7B9BA7F54120,ANARCHI-TEST-CONTENT-EE8484BBD01CA0F8,UNADJUDICATED,NONE,,,,,DISCOVERED
ANARCHI-TEST-OCC-C8EBCC09E97DA902,ANARCHI-TEST-CONTENT-2DA9BAAFE7123A89,UNADJUDICATED,NONE,,,,,DISCOVERED
ANARCHI-TEST-OCC-C91482280482B58D,ANARCHI-TEST-CONTENT-5063F7B968C5F292,UNADJUDICATED,NONE,,,,,DISCOVERED
ANARCHI-TEST-OCC-C933D46F73D4847D,ANARCHI-TEST-CONTENT-D0770C758F2BD4BB,UNADJUDICATED,NONE,,,,,DISCOVERED
ANARCHI-TEST-OCC-C9354690911527B4,ANARCHI-TEST-CONTENT-ACC7F703A48C3446,UNADJUDICATED,NONE,,,,,DISCOVERED
ANARCHI-TEST-OCC-C956A2EB76813BE5,ANARCHI-TEST-CONTENT-44DEC0221309E44A,UNADJUDICATED,NONE,,,,,DISCOVERED
ANARCHI-TEST-OCC-C95B7C53CCE62C52,ANARCHI-TEST-CONTENT-883AB75A9AFC23C1,UNADJUDICATED,NONE,,,,,DISCOVERED
ANARCHI-TEST-OCC-C976B20441330491,ANARCHI-TEST-CONTENT-116CD515FAFDA5B1,UNADJUDICATED,NONE,,,,,DISCOVERED
ANARCHI-TEST-OCC-C9E39525801D3803,ANARCHI-TEST-CONTENT-E3B0C44298FC1C14,UNADJUDICATED,NONE,,,,,DISCOVERED
ANARCHI-TEST-OCC-CA10F98E38B906FF,ANARCHI-TEST-CONTENT-4D7CA5E38F5E08EE,UNADJUDICATED,NONE,,,,,DISCOVERED
ANARCHI-TEST-OCC-CA118B3255D063C1,ANARCHI-TEST-CONTENT-04DF19EC86044ACA,UNADJUDICATED,NONE,,,,,DISCOVERED
ANARCHI-TEST-OCC-CA309B2146F48E62,ANARCHI-TEST-CONTENT-4F09A972A8917A00,UNADJUDICATED,NONE,,,,,DISCOVERED
ANARCHI-TEST-OCC-CA68EECFCC6BC8D2,ANARCHI-TEST-CONTENT-530063E65A02B990,UNADJUDICATED,NONE,,,,,DISCOVERED
ANARCHI-TEST-OCC-CA7875F30AB9923A,ANARCHI-TEST-CONTENT-116CD515FAFDA5B1,UNADJUDICATED,NONE,,,,,DISCOVERED
ANARCHI-TEST-OCC-CA95C855C9B5D409,ANARCHI-TEST-CONTENT-0B86E8F923B1F01B,UNADJUDICATED,NONE,,,,,DISCOVERED
ANARCHI-TEST-OCC-CAA8438A791F04FE,ANARCHI-TEST-CONTENT-04261F5B3DDCE0C3,UNADJUDICATED,NONE,,,,,DISCOVERED
ANARCHI-TEST-OCC-CAAF761D54280B00,ANARCHI-TEST-CONTENT-E3B0C44298FC1C14,UNADJUDICATED,NONE,,,,,DISCOVERED
ANARCHI-TEST-OCC-CAD357FB1A486E2A,ANARCHI-TEST-CONTENT-4C2FEA3CE832E7B9,UNADJUDICATED,NONE,,,,,DISCOVERED
ANARCHI-TEST-OCC-CADF8F3DE47A33BB,ANARCHI-TEST-CONTENT-872C11A1795C3CF0,UNADJUDICATED,NONE,,,,,DISCOVERED
ANARCHI-TEST-OCC-CAEF5F4EBE1D301C,ANARCHI-TEST-CONTENT-24657B6C497EACBF,UNADJUDICATED,NONE,,,,,DISCOVERED
ANARCHI-TEST-OCC-CB0D2F9BDDAC8E33,ANARCHI-TEST-CONTENT-893BC03A731ABC18,UNADJUDICATED,NONE,,,,,DISCOVERED
ANARCHI-TEST-OCC-CB2B3EB51473B906,ANARCHI-TEST-CONTENT-E3B0C44298FC1C14,UNADJUDICATED,NONE,,,,,DISCOVERED
ANARCHI-TEST-OCC-CB3A2C6EB63477E0,ANARCHI-TEST-CONTENT-44DEC0221309E44A,UNADJUDICATED,NONE,,,,,DISCOVERED
ANARCHI-TEST-OCC-CB4615387331FEA3,ANARCHI-TEST-CONTENT-8D257E56663A70AF,UNADJUDICATED,NONE,,,,,DISCOVERED
ANARCHI-TEST-OCC-CB4B2B0B9B998287,ANARCHI-TEST-CONTENT-D9F4E6A79FB22DA3,UNADJUDICATED,NONE,,,,,DISCOVERED
ANARCHI-TEST-OCC-CB4FF564C7E7AF63,ANARCHI-TEST-CONTENT-710B801D88A0F55F,UNADJUDICATED,NONE,,,,,DISCOVERED
ANARCHI-TEST-OCC-CB60E5ED92C1BC46,ANARCHI-TEST-CONTENT-46780D2F899D5E86,UNADJUDICATED,NONE,,,,,DISCOVERED
ANARCHI-TEST-OCC-CB8BFF2B0E205BA4,ANARCHI-TEST-CONTENT-3DBA29CBD94E0EB7,UNADJUDICATED,NONE,,,,,DISCOVERED
ANARCHI-TEST-OCC-CB9342425B891B3B,ANARCHI-TEST-CONTENT-092AC789EE7DFCD8,UNADJUDICATED,NONE,,,,,DISCOVERED
ANARCHI-TEST-OCC-CB9B5E01B0BD89E4,ANARCHI-TEST-CONTENT-40F171F39980538B,UNADJUDICATED,NONE,,,,,DISCOVERED
ANARCHI-TEST-OCC-CBA751F01BCC3EDC,ANARCHI-TEST-CONTENT-8AF1634BE5A52D0E,UNADJUDICATED,NONE,,,,,DISCOVERED
ANARCHI-TEST-OCC-CBB329D4DB4AC5D5,ANARCHI-TEST-CONTENT-73F8190E939BFBC4,UNADJUDICATED,NONE,,,,,DISCOVERED
ANARCHI-TEST-OCC-CBC772B13760B489,ANARCHI-TEST-CONTENT-FA8A41DCA90FABBA,UNADJUDICATED,NONE,,,,,DISCOVERED
ANARCHI-TEST-OCC-CBCF3E5C1F38D0E7,ANARCHI-TEST-CONTENT-0D28B16E7B7FC9DD,UNADJUDICATED,NONE,,,,,DISCOVERED
ANARCHI-TEST-OCC-CBF15E6253ED8477,ANARCHI-TEST-CONTENT-9B14C96A807865EE,UNADJUDICATED,NONE,,,,,DISCOVERED
ANARCHI-TEST-OCC-CC070BEEED0D9B96,ANARCHI-TEST-CONTENT-A2149F6DB57F2E73,UNADJUDICATED,NONE,,,,,DISCOVERED
ANARCHI-TEST-OCC-CC0811CAA734F057,ANARCHI-TEST-CONTENT-D1E0FAF5F6A81D70,UNADJUDICATED,NONE,,,,,DISCOVERED
ANARCHI-TEST-OCC-CC0CCBAB965C17B3,ANARCHI-TEST-CONTENT-45DB37893B2675BD,UNADJUDICATED,NONE,,,,,DISCOVERED
ANARCHI-TEST-OCC-CC0FB1886302B0B7,ANARCHI-TEST-CONTENT-2B9FD1FB4D4CB9CF,UNADJUDICATED,NONE,,,,,DISCOVERED
ANARCHI-TEST-OCC-CC2204ED0294D242,ANARCHI-TEST-CONTENT-E98A4EA748B93D11,UNADJUDICATED,NONE,,,,,DISCOVERED
ANARCHI-TEST-OCC-CC228DF2EBFB0F78,ANARCHI-TEST-CONTENT-AABF0B11496B053C,UNADJUDICATED,NONE,,,,,DISCOVERED
ANARCHI-TEST-OCC-CC4268F98DC2D2FF,ANARCHI-TEST-CONTENT-2FF59AB811C58999,UNADJUDICATED,NONE,,,,,DISCOVERED
ANARCHI-TEST-OCC-CC7D343D00B94243,ANARCHI-TEST-CONTENT-D9E1366A890F3990,UNADJUDICATED,NONE,,,,,DISCOVERED
ANARCHI-TEST-OCC-CC8D8DA5BA4B8403,ANARCHI-TEST-CONTENT-32480F004CC641DF,UNADJUDICATED,NONE,,,,,DISCOVERED
ANARCHI-TEST-OCC-CC97E9D57269197B,ANARCHI-TEST-CONTENT-121E97368E6EF2E2,UNADJUDICATED,NONE,,,,,DISCOVERED
ANARCHI-TEST-OCC-CCB017B682AA1BAB,ANARCHI-TEST-CONTENT-61C301535A9EEA0E,UNADJUDICATED,NONE,,,,,DISCOVERED
ANARCHI-TEST-OCC-CCBB732C6198C0B0,ANARCHI-TEST-CONTENT-0E16BC890461CF12,UNADJUDICATED,NONE,,,,,DISCOVERED
ANARCHI-TEST-OCC-CCBF75935B375997,ANARCHI-TEST-CONTENT-CAC13829B28B1EEA,UNADJUDICATED,NONE,,,,,DISCOVERED
ANARCHI-TEST-OCC-CCCDA5B77C82223D,ANARCHI-TEST-CONTENT-3F7C0F3D1CB02A7A,UNADJUDICATED,NONE,,,,,DISCOVERED
ANARCHI-TEST-OCC-CCFCFB0E65B19FCE,ANARCHI-TEST-CONTENT-2561B9810F51A920,UNADJUDICATED,NONE,,,,,DISCOVERED
ANARCHI-TEST-OCC-CCFD51DB78385C17,ANARCHI-TEST-CONTENT-697C2E11AA6BB2D9,UNADJUDICATED,NONE,,,,,DISCOVERED
ANARCHI-TEST-OCC-CD1763AB175D87F6,ANARCHI-TEST-CONTENT-FAEA11C90C6DFD9D,UNADJUDICATED,NONE,,,,,DISCOVERED
ANARCHI-TEST-OCC-CD25DB90C34AB242,ANARCHI-TEST-CONTENT-8404D0EA12EB455B,UNADJUDICATED,NONE,,,,,DISCOVERED
ANARCHI-TEST-OCC-CD286F057A14BEB8,ANARCHI-TEST-CONTENT-EB93618A6EACDD19,UNADJUDICATED,NONE,,,,,DISCOVERED
ANARCHI-TEST-OCC-CD330E9CBDF569D6,ANARCHI-TEST-CONTENT-C357CB4C93B4EC25,UNADJUDICATED,NONE,,,,,DISCOVERED
ANARCHI-TEST-OCC-CD37BAB7D61D5A62,ANARCHI-TEST-CONTENT-2395D49796585126,UNADJUDICATED,NONE,,,,,DISCOVERED
ANARCHI-TEST-OCC-CD6590E208AD375E,ANARCHI-TEST-CONTENT-F9BB69652FCB23D1,UNADJUDICATED,NONE,,,,,DISCOVERED
ANARCHI-TEST-OCC-CD9221320449F471,ANARCHI-TEST-CONTENT-A9B2127B8C1D36A0,UNADJUDICATED,NONE,,,,,DISCOVERED
ANARCHI-TEST-OCC-CDE11266BE1DD0F6,ANARCHI-TEST-CONTENT-7D196BC3D09F74ED,UNADJUDICATED,NONE,,,,,DISCOVERED
ANARCHI-TEST-OCC-CE09F8B038298996,ANARCHI-TEST-CONTENT-E3B0C44298FC1C14,UNADJUDICATED,NONE,,,,,DISCOVERED
ANARCHI-TEST-OCC-CE0CA661A852D430,ANARCHI-TEST-CONTENT-819BC0CB127C7E49,UNADJUDICATED,NONE,,,,,DISCOVERED
ANARCHI-TEST-OCC-CE62A6BB62AF13EE,ANARCHI-TEST-CONTENT-5F450B468BE57A65,UNADJUDICATED,NONE,,,,,DISCOVERED
ANARCHI-TEST-OCC-CE65325673CB9780,ANARCHI-TEST-CONTENT-130C5393FBF2C450,UNADJUDICATED,NONE,,,,,DISCOVERED
ANARCHI-TEST-OCC-CE687F3E2B4BE99A,ANARCHI-TEST-CONTENT-9EA26EEBF360B527,UNADJUDICATED,NONE,,,,,DISCOVERED
ANARCHI-TEST-OCC-CE73A2C2146ABB54,ANARCHI-TEST-CONTENT-C3302829371CB846,UNADJUDICATED,NONE,,,,,DISCOVERED
ANARCHI-TEST-OCC-CEA99811C8572323,ANARCHI-TEST-CONTENT-58B7BC9347302DB5,UNADJUDICATED,NONE,,,,,DISCOVERED
ANARCHI-TEST-OCC-CEE334BDE219061A,ANARCHI-TEST-CONTENT-C50486C345952D8F,UNADJUDICATED,NONE,,,,,DISCOVERED
ANARCHI-TEST-OCC-CF00CD4A0BE34384,ANARCHI-TEST-CONTENT-44DEC0221309E44A,UNADJUDICATED,NONE,,,,,DISCOVERED
ANARCHI-TEST-OCC-CF0316CBA61D8A8F,ANARCHI-TEST-CONTENT-AA85853C48F29B98,UNADJUDICATED,NONE,,,,,DISCOVERED
ANARCHI-TEST-OCC-CF092484373A8CEB,ANARCHI-TEST-CONTENT-1E79FED2DB4A836F,UNADJUDICATED,NONE,,,,,DISCOVERED
ANARCHI-TEST-OCC-CF1726A5FE16D2BC,ANARCHI-TEST-CONTENT-AA85853C48F29B98,UNADJUDICATED,NONE,,,,,DISCOVERED
ANARCHI-TEST-OCC-CF212159683E0AFE,ANARCHI-TEST-CONTENT-C2EAEB3BB9EDB076,UNADJUDICATED,NONE,,,,,DISCOVERED
ANARCHI-TEST-OCC-CF5F422F10D24B1D,ANARCHI-TEST-CONTENT-CBE7B230E08348FB,UNADJUDICATED,NONE,,,,,DISCOVERED
ANARCHI-TEST-OCC-CF658BD04CA68B4A,ANARCHI-TEST-CONTENT-15E5620EB5083486,UNADJUDICATED,NONE,,,,,DISCOVERED
ANARCHI-TEST-OCC-CFB307D63E131C17,ANARCHI-TEST-CONTENT-D141BD15EA7B6E50,UNADJUDICATED,NONE,,,,,DISCOVERED
ANARCHI-TEST-OCC-CFB4183FD7F391E0,ANARCHI-TEST-CONTENT-D5CBFB33A110DE62,UNADJUDICATED,NONE,,,,,DISCOVERED
ANARCHI-TEST-OCC-CFBC6FCF19344A6F,ANARCHI-TEST-CONTENT-A1134E6E0E2F23A5,UNADJUDICATED,NONE,,,,,DISCOVERED
ANARCHI-TEST-OCC-CFCC657035E17359,ANARCHI-TEST-CONTENT-3AFBD63650648A0B,UNADJUDICATED,NONE,,,,,DISCOVERED
ANARCHI-TEST-OCC-CFE9D3653A915470,ANARCHI-TEST-CONTENT-AE72FF476A6EDF11,UNADJUDICATED,NONE,,,,,DISCOVERED
ANARCHI-TEST-OCC-D01933BA19D37D6C,ANARCHI-TEST-CONTENT-59BA5718C36F632E,UNADJUDICATED,NONE,,,,,DISCOVERED
ANARCHI-TEST-OCC-D01CC5C0C8D69F0D,ANARCHI-TEST-CONTENT-893BC03A731ABC18,UNADJUDICATED,NONE,,,,,DISCOVERED
ANARCHI-TEST-OCC-D0311D2C20DF0AAC,ANARCHI-TEST-CONTENT-3323BF5D85913170,UNADJUDICATED,NONE,,,,,DISCOVERED
ANARCHI-TEST-OCC-D03C93A4C5BFB6CE,ANARCHI-TEST-CONTENT-2FF5B81B8E5C9195,UNADJUDICATED,NONE,,,,,DISCOVERED
ANARCHI-TEST-OCC-D059647BB0E3878C,ANARCHI-TEST-CONTENT-386E8DD054027345,UNADJUDICATED,NONE,,,,,DISCOVERED
ANARCHI-TEST-OCC-D05B7BA95A7EC597,ANARCHI-TEST-CONTENT-1DD7E673174456E7,UNADJUDICATED,NONE,,,,,DISCOVERED
ANARCHI-TEST-OCC-D096A4DF944CEE13,ANARCHI-TEST-CONTENT-C0D24363A1EE4144,UNADJUDICATED,NONE,,,,,DISCOVERED
ANARCHI-TEST-OCC-D0A1650EB08826B5,ANARCHI-TEST-CONTENT-6EF9B1D418F2A5C2,UNADJUDICATED,NONE,,,,,DISCOVERED
ANARCHI-TEST-OCC-D0BD6D23E4A2BA2B,ANARCHI-TEST-CONTENT-EA916FFBA7BD8B2B,UNADJUDICATED,NONE,,,,,DISCOVERED
ANARCHI-TEST-OCC-D104C0CC3EE3C5D4,ANARCHI-TEST-CONTENT-E83A7EDEF10F0A28,UNADJUDICATED,NONE,,,,,DISCOVERED
ANARCHI-TEST-OCC-D120DFCC4A93AC9D,ANARCHI-TEST-CONTENT-9B4AE78D732A5F9F,UNADJUDICATED,NONE,,,,,DISCOVERED
ANARCHI-TEST-OCC-D1438D965D8430C5,ANARCHI-TEST-CONTENT-F3EBC5D1752C95B3,UNADJUDICATED,NONE,,,,,DISCOVERED
ANARCHI-TEST-OCC-D143C73F588B89EA,ANARCHI-TEST-CONTENT-2395D49796585126,UNADJUDICATED,NONE,,,,,DISCOVERED
ANARCHI-TEST-OCC-D14848A35E41621B,ANARCHI-TEST-CONTENT-05B3F2F977F21F02,UNADJUDICATED,NONE,,,,,DISCOVERED
ANARCHI-TEST-OCC-D1541EE368898E69,ANARCHI-TEST-CONTENT-B50B9415AF18A957,UNADJUDICATED,NONE,,,,,DISCOVERED
ANARCHI-TEST-OCC-D16ADC0924564F9F,ANARCHI-TEST-CONTENT-AEBC06254B4064D6,UNADJUDICATED,NONE,,,,,DISCOVERED
ANARCHI-TEST-OCC-D1777080C48C24F9,ANARCHI-TEST-CONTENT-8A94FE4391E4615B,UNADJUDICATED,NONE,,,,,DISCOVERED
ANARCHI-TEST-OCC-D17B2576417D5CFD,ANARCHI-TEST-CONTENT-249B321176AD8233,UNADJUDICATED,NONE,,,,,DISCOVERED
ANARCHI-TEST-OCC-D17B8583A750468D,ANARCHI-TEST-CONTENT-98DA92985A564617,UNADJUDICATED,NONE,,,,,DISCOVERED
ANARCHI-TEST-OCC-D1A1E402E4DAE2CB,ANARCHI-TEST-CONTENT-09DD04E2E14AF2BA,UNADJUDICATED,NONE,,,,,DISCOVERED
ANARCHI-TEST-OCC-D1A504001C049DCB,ANARCHI-TEST-CONTENT-E3B0C44298FC1C14,UNADJUDICATED,NONE,,,,,DISCOVERED
ANARCHI-TEST-OCC-D1B5CA5A25F83B8E,ANARCHI-TEST-CONTENT-7C4CA2333B1678AD,UNADJUDICATED,NONE,,,,,DISCOVERED
ANARCHI-TEST-OCC-D1E2DDF43C967723,ANARCHI-TEST-CONTENT-F514883BAD06A84C,UNADJUDICATED,NONE,,,,,DISCOVERED
ANARCHI-TEST-OCC-D1ECE88A0E2A7177,ANARCHI-TEST-CONTENT-72AF46C5CAA3422B,UNADJUDICATED,NONE,,,,,DISCOVERED
ANARCHI-TEST-OCC-D227DDA938FE1AE5,ANARCHI-TEST-CONTENT-7880365AF0AE58A5,UNADJUDICATED,NONE,,,,,DISCOVERED
ANARCHI-TEST-OCC-D267FCD68F00F9C2,ANARCHI-TEST-CONTENT-D867472ACB57B81C,UNADJUDICATED,NONE,,,,,DISCOVERED
ANARCHI-TEST-OCC-D27438C4F7F05C26,ANARCHI-TEST-CONTENT-BB397E6A0C8BA193,UNADJUDICATED,NONE,,,,,DISCOVERED
ANARCHI-TEST-OCC-D2751D89F3C0531D,ANARCHI-TEST-CONTENT-02CA2DBE0345C759,UNADJUDICATED,NONE,,,,,DISCOVERED
ANARCHI-TEST-OCC-D2818C8EE5B8AA58,ANARCHI-TEST-CONTENT-EC5D092766B3A94D,UNADJUDICATED,NONE,,,,,DISCOVERED
ANARCHI-TEST-OCC-D28A2602F48B21D6,ANARCHI-TEST-CONTENT-05F9630F4261DAB0,UNADJUDICATED,NONE,,,,,DISCOVERED
ANARCHI-TEST-OCC-D2A8B39A89F64C32,ANARCHI-TEST-CONTENT-1E1087BEDE00981A,UNADJUDICATED,NONE,,,,,DISCOVERED
ANARCHI-TEST-OCC-D2B39F298B42D4E7,ANARCHI-TEST-CONTENT-B793EF6180D76CD2,UNADJUDICATED,NONE,,,,,DISCOVERED
ANARCHI-TEST-OCC-D2E1B01012153FB5,ANARCHI-TEST-CONTENT-2FF15D6669A4E4DF,UNADJUDICATED,NONE,,,,,DISCOVERED
ANARCHI-TEST-OCC-D2EDD5CDC06BBC76,ANARCHI-TEST-CONTENT-24657B6C497EACBF,UNADJUDICATED,NONE,,,,,DISCOVERED
ANARCHI-TEST-OCC-D2FA2FB4C387DA9E,ANARCHI-TEST-CONTENT-26228DBC50CF0F82,UNADJUDICATED,NONE,,,,,DISCOVERED
ANARCHI-TEST-OCC-D30AFE8D4ED57888,ANARCHI-TEST-CONTENT-3B7429F1F4DDA5A4,UNADJUDICATED,NONE,,,,,DISCOVERED
ANARCHI-TEST-OCC-D339BC60E6020B85,ANARCHI-TEST-CONTENT-15E5620EB5083486,UNADJUDICATED,NONE,,,,,DISCOVERED
ANARCHI-TEST-OCC-D36E6BAA87E2F77B,ANARCHI-TEST-CONTENT-BC439115A3EFC663,UNADJUDICATED,NONE,,,,,DISCOVERED
ANARCHI-TEST-OCC-D37BCE72D65B6A8C,ANARCHI-TEST-CONTENT-8DCEBFC0D2C8EF24,UNADJUDICATED,NONE,,,,,DISCOVERED
ANARCHI-TEST-OCC-D37D58C3E003880D,ANARCHI-TEST-CONTENT-A29A6CCCA24B2D2A,UNADJUDICATED,NONE,,,,,DISCOVERED
ANARCHI-TEST-OCC-D38A3D26CBD457D1,ANARCHI-TEST-CONTENT-5589772B889FFF6D,UNADJUDICATED,NONE,,,,,DISCOVERED
ANARCHI-TEST-OCC-D392BAA7DF412CD0,ANARCHI-TEST-CONTENT-DD306BC8005A2B32,UNADJUDICATED,NONE,,,,,DISCOVERED
ANARCHI-TEST-OCC-D39B4E8D6D823B8A,ANARCHI-TEST-CONTENT-A637E16536B92C8F,UNADJUDICATED,NONE,,,,,DISCOVERED
ANARCHI-TEST-OCC-D3A5FE0745A570DA,ANARCHI-TEST-CONTENT-15E5620EB5083486,UNADJUDICATED,NONE,,,,,DISCOVERED
ANARCHI-TEST-OCC-D3BF4B8048D15780,ANARCHI-TEST-CONTENT-5A46D8456E80E85A,UNADJUDICATED,NONE,,,,,DISCOVERED
ANARCHI-TEST-OCC-D3CD1E5A9F1B03AA,ANARCHI-TEST-CONTENT-66AECAD491D297A1,UNADJUDICATED,NONE,,,,,DISCOVERED
ANARCHI-TEST-OCC-D3D7C2109D897A62,ANARCHI-TEST-CONTENT-04261F5B3DDCE0C3,UNADJUDICATED,NONE,,,,,DISCOVERED
ANARCHI-TEST-OCC-D3E1C62454077E58,ANARCHI-TEST-CONTENT-EB93618A6EACDD19,UNADJUDICATED,NONE,,,,,DISCOVERED
ANARCHI-TEST-OCC-D408339E8F945D00,ANARCHI-TEST-CONTENT-F3EBC5D1752C95B3,UNADJUDICATED,NONE,,,,,DISCOVERED
ANARCHI-TEST-OCC-D463A48095897C23,ANARCHI-TEST-CONTENT-987596879776BBAE,UNADJUDICATED,NONE,,,,,DISCOVERED
ANARCHI-TEST-OCC-D477465221318437,ANARCHI-TEST-CONTENT-D5750236CAC6307A,UNADJUDICATED,NONE,,,,,DISCOVERED
ANARCHI-TEST-OCC-D4BD372DF4D8FF84,ANARCHI-TEST-CONTENT-F8E7A0852835E861,UNADJUDICATED,NONE,,,,,DISCOVERED
ANARCHI-TEST-OCC-D4E160B0AC01F49F,ANARCHI-TEST-CONTENT-0D2E09CE61EDDF2D,UNADJUDICATED,NONE,,,,,DISCOVERED
ANARCHI-TEST-OCC-D4FF1E1DEDF94F73,ANARCHI-TEST-CONTENT-AFA3A2740773B6E4,UNADJUDICATED,NONE,,,,,DISCOVERED
ANARCHI-TEST-OCC-D50F8C55C3885AB8,ANARCHI-TEST-CONTENT-FAAE0EC9919AE026,UNADJUDICATED,NONE,,,,,DISCOVERED
ANARCHI-TEST-OCC-D51D1011F9F29D3C,ANARCHI-TEST-CONTENT-62EC1C072F00B5FF,UNADJUDICATED,NONE,,,,,DISCOVERED
ANARCHI-TEST-OCC-D52F65A82AD1C3B4,ANARCHI-TEST-CONTENT-B8DF6BD0408C201A,UNADJUDICATED,NONE,,,,,DISCOVERED
ANARCHI-TEST-OCC-D54C7B75F5852CCD,ANARCHI-TEST-CONTENT-9EA26EEBF360B527,UNADJUDICATED,NONE,,,,,DISCOVERED
ANARCHI-TEST-OCC-D5577036C4DBE887,ANARCHI-TEST-CONTENT-1AD796B5A7AC7C12,UNADJUDICATED,NONE,,,,,DISCOVERED
ANARCHI-TEST-OCC-D55E372E3A3AEDD8,ANARCHI-TEST-CONTENT-C82FC57C4EDA73E6,UNADJUDICATED,NONE,,,,,DISCOVERED
ANARCHI-TEST-OCC-D58D264A608E02A1,ANARCHI-TEST-CONTENT-E3B0C44298FC1C14,UNADJUDICATED,NONE,,,,,DISCOVERED
ANARCHI-TEST-OCC-D5A7C9A696C90F21,ANARCHI-TEST-CONTENT-F9F2167E4363536A,UNADJUDICATED,NONE,,,,,DISCOVERED
ANARCHI-TEST-OCC-D5B5FFCD7CAD4684,ANARCHI-TEST-CONTENT-922B26FE6D244FCB,UNADJUDICATED,NONE,,,,,DISCOVERED
ANARCHI-TEST-OCC-D5B7FEADD5145244,ANARCHI-TEST-CONTENT-59BA5718C36F632E,UNADJUDICATED,NONE,,,,,DISCOVERED
ANARCHI-TEST-OCC-D5BB0B7FAF620A5F,ANARCHI-TEST-CONTENT-F5D4D3F848D97411,UNADJUDICATED,NONE,,,,,DISCOVERED
ANARCHI-TEST-OCC-D5D6F189940B278A,ANARCHI-TEST-CONTENT-9DD04C733AECEB16,UNADJUDICATED,NONE,,,,,DISCOVERED
ANARCHI-TEST-OCC-D611DE75740C79FB,ANARCHI-TEST-CONTENT-3E407E486677B35F,UNADJUDICATED,NONE,,,,,DISCOVERED
ANARCHI-TEST-OCC-D6121F2A0DFB40B1,ANARCHI-TEST-CONTENT-9AE224518E71FDAC,UNADJUDICATED,NONE,,,,,DISCOVERED
ANARCHI-TEST-OCC-D62410EC029BA7E7,ANARCHI-TEST-CONTENT-AB77354A63308726,UNADJUDICATED,NONE,,,,,DISCOVERED
ANARCHI-TEST-OCC-D62501A1278F642E,ANARCHI-TEST-CONTENT-E3B0C44298FC1C14,UNADJUDICATED,NONE,,,,,DISCOVERED
ANARCHI-TEST-OCC-D643DE902CC310C0,ANARCHI-TEST-CONTENT-32480F004CC641DF,UNADJUDICATED,NONE,,,,,DISCOVERED
ANARCHI-TEST-OCC-D6997D81FDE411FD,ANARCHI-TEST-CONTENT-131B35A03A44B99D,UNADJUDICATED,NONE,,,,,DISCOVERED
ANARCHI-TEST-OCC-D699AB1E595E836E,ANARCHI-TEST-CONTENT-8776B15B67B762F9,UNADJUDICATED,NONE,,,,,DISCOVERED
ANARCHI-TEST-OCC-D6DEEDB14B8867C1,ANARCHI-TEST-CONTENT-692F24D026265BBC,UNADJUDICATED,NONE,,,,,DISCOVERED
ANARCHI-TEST-OCC-D6EECA204565A18B,ANARCHI-TEST-CONTENT-AA85853C48F29B98,UNADJUDICATED,NONE,,,,,DISCOVERED
ANARCHI-TEST-OCC-D70D10A7CD9ECED4,ANARCHI-TEST-CONTENT-E88C5BDD14D608EB,UNADJUDICATED,NONE,,,,,DISCOVERED
ANARCHI-TEST-OCC-D71CFCA0A19BE7A3,ANARCHI-TEST-CONTENT-33EBC5E9F9ADA0F4,UNADJUDICATED,NONE,,,,,DISCOVERED
ANARCHI-TEST-OCC-D730A71B643D7D53,ANARCHI-TEST-CONTENT-8A17D9DDBEA51020,UNADJUDICATED,NONE,,,,,DISCOVERED
ANARCHI-TEST-OCC-D741511AE7133C11,ANARCHI-TEST-CONTENT-871A306442AC980E,UNADJUDICATED,NONE,,,,,DISCOVERED
ANARCHI-TEST-OCC-D749865E4060A85E,ANARCHI-TEST-CONTENT-44DEC0221309E44A,UNADJUDICATED,NONE,,,,,DISCOVERED
ANARCHI-TEST-OCC-D76AD27032212584,ANARCHI-TEST-CONTENT-D1ADDCFA7EA326A4,UNADJUDICATED,NONE,,,,,DISCOVERED
ANARCHI-TEST-OCC-D77647D84FE5F090,ANARCHI-TEST-CONTENT-E3B0C44298FC1C14,UNADJUDICATED,NONE,,,,,DISCOVERED
ANARCHI-TEST-OCC-D7A1EC339D6B61D6,ANARCHI-TEST-CONTENT-82F75C08DA0651F3,UNADJUDICATED,NONE,,,,,DISCOVERED
ANARCHI-TEST-OCC-D7BE10C902E75DE4,ANARCHI-TEST-CONTENT-3A8037CC5904A7D6,UNADJUDICATED,NONE,,,,,DISCOVERED
ANARCHI-TEST-OCC-D7CDFD0A6474D9F7,ANARCHI-TEST-CONTENT-E3B0C44298FC1C14,UNADJUDICATED,NONE,,,,,DISCOVERED
ANARCHI-TEST-OCC-D7D2889E6303FA9B,ANARCHI-TEST-CONTENT-EAF6E1F66A666F80,UNADJUDICATED,NONE,,,,,DISCOVERED
ANARCHI-TEST-OCC-D7D399607AFD41A5,ANARCHI-TEST-CONTENT-AA85853C48F29B98,UNADJUDICATED,NONE,,,,,DISCOVERED
ANARCHI-TEST-OCC-D7F3B492EB359321,ANARCHI-TEST-CONTENT-282B1A927D1F1CA1,UNADJUDICATED,NONE,,,,,DISCOVERED
ANARCHI-TEST-OCC-D8116741A26823DC,ANARCHI-TEST-CONTENT-9A22849F007C8B05,UNADJUDICATED,NONE,,,,,DISCOVERED
ANARCHI-TEST-OCC-D814F1E7D05FE768,ANARCHI-TEST-CONTENT-2C3F5653E639956E,UNADJUDICATED,NONE,,,,,DISCOVERED
ANARCHI-TEST-OCC-D816572272F35F93,ANARCHI-TEST-CONTENT-583499E6748A010E,UNADJUDICATED,NONE,,,,,DISCOVERED
ANARCHI-TEST-OCC-D819A9B795328540,ANARCHI-TEST-CONTENT-3A7E0AEFCB66AB8B,UNADJUDICATED,NONE,,,,,DISCOVERED
ANARCHI-TEST-OCC-D856C257D903E0E8,ANARCHI-TEST-CONTENT-881C2C8D85E1288A,UNADJUDICATED,NONE,,,,,DISCOVERED
ANARCHI-TEST-OCC-D87670CBB2C07851,ANARCHI-TEST-CONTENT-32480F004CC641DF,UNADJUDICATED,NONE,,,,,DISCOVERED
ANARCHI-TEST-OCC-D88F1EDEAF83F233,ANARCHI-TEST-CONTENT-A6B7E2A16986E114,UNADJUDICATED,NONE,,,,,DISCOVERED
ANARCHI-TEST-OCC-D8B0BC8AD5529280,ANARCHI-TEST-CONTENT-E3B0C44298FC1C14,UNADJUDICATED,NONE,,,,,DISCOVERED
ANARCHI-TEST-OCC-D8C088D679B661DD,ANARCHI-TEST-CONTENT-56EDD3237E52BABC,UNADJUDICATED,NONE,,,,,DISCOVERED
ANARCHI-TEST-OCC-D8C960F536E6D162,ANARCHI-TEST-CONTENT-F514883BAD06A84C,UNADJUDICATED,NONE,,,,,DISCOVERED
ANARCHI-TEST-OCC-D8DA67C9C5D2C350,ANARCHI-TEST-CONTENT-B0F1A2BF75EB9A5B,UNADJUDICATED,NONE,,,,,DISCOVERED
ANARCHI-TEST-OCC-D929426A51D405FA,ANARCHI-TEST-CONTENT-4BAD1C6F40BB00F3,UNADJUDICATED,NONE,,,,,DISCOVERED
ANARCHI-TEST-OCC-D92B7A3AFA18B37B,ANARCHI-TEST-CONTENT-7AF7D9CD380E514B,UNADJUDICATED,NONE,,,,,DISCOVERED
ANARCHI-TEST-OCC-D943E6D04BDF8B73,ANARCHI-TEST-CONTENT-2FB7E2DF5F73D447,UNADJUDICATED,NONE,,,,,DISCOVERED
ANARCHI-TEST-OCC-D96048D59521C73E,ANARCHI-TEST-CONTENT-3EEF79D73E326183,UNADJUDICATED,NONE,,,,,DISCOVERED
ANARCHI-TEST-OCC-D9BB26EEB2125581,ANARCHI-TEST-CONTENT-E5F96CC40835F997,UNADJUDICATED,NONE,,,,,DISCOVERED
ANARCHI-TEST-OCC-D9D181C600512D84,ANARCHI-TEST-CONTENT-043F9BE9EF49CACF,UNADJUDICATED,NONE,,,,,DISCOVERED
ANARCHI-TEST-OCC-D9D2DD57AB93204F,ANARCHI-TEST-CONTENT-95C4FCC3B9A7E941,UNADJUDICATED,NONE,,,,,DISCOVERED
ANARCHI-TEST-OCC-D9EB01026DBDEC17,ANARCHI-TEST-CONTENT-AA3D346C0CDF2425,UNADJUDICATED,NONE,,,,,DISCOVERED
ANARCHI-TEST-OCC-D9F18B58C8B7320D,ANARCHI-TEST-CONTENT-A8FC8323FDFC335E,UNADJUDICATED,NONE,,,,,DISCOVERED
ANARCHI-TEST-OCC-D9F89505BCE077BB,ANARCHI-TEST-CONTENT-7D21376D094353E6,UNADJUDICATED,NONE,,,,,DISCOVERED
ANARCHI-TEST-OCC-DA25E8E277074C69,ANARCHI-TEST-CONTENT-05B3F2F977F21F02,UNADJUDICATED,NONE,,,,,DISCOVERED
ANARCHI-TEST-OCC-DA277F1F3FAA425B,ANARCHI-TEST-CONTENT-E1DDEF26EA5AFA14,UNADJUDICATED,NONE,,,,,DISCOVERED
ANARCHI-TEST-OCC-DA38907AF0F1D340,ANARCHI-TEST-CONTENT-05B3F2F977F21F02,UNADJUDICATED,NONE,,,,,DISCOVERED
ANARCHI-TEST-OCC-DA3F899811817EBA,ANARCHI-TEST-CONTENT-664BF637AA113E6D,UNADJUDICATED,NONE,,,,,DISCOVERED
ANARCHI-TEST-OCC-DA57346A449B7C8B,ANARCHI-TEST-CONTENT-7AD0A37F5C52AE3F,UNADJUDICATED,NONE,,,,,DISCOVERED
ANARCHI-TEST-OCC-DA5785DF6A3308CF,ANARCHI-TEST-CONTENT-44C9B7F13E32F3A2,UNADJUDICATED,NONE,,,,,DISCOVERED
ANARCHI-TEST-OCC-DA78C1C36B211E34,ANARCHI-TEST-CONTENT-24657B6C497EACBF,UNADJUDICATED,NONE,,,,,DISCOVERED
ANARCHI-TEST-OCC-DABDC94DDD8E6FA2,ANARCHI-TEST-CONTENT-E3B0C44298FC1C14,UNADJUDICATED,NONE,,,,,DISCOVERED
ANARCHI-TEST-OCC-DADD5689CD88F86A,ANARCHI-TEST-CONTENT-D867472ACB57B81C,UNADJUDICATED,NONE,,,,,DISCOVERED
ANARCHI-TEST-OCC-DB08DB0D2880CAEB,ANARCHI-TEST-CONTENT-AC10478C9214036A,UNADJUDICATED,NONE,,,,,DISCOVERED
ANARCHI-TEST-OCC-DB1B133B76CA316D,ANARCHI-TEST-CONTENT-15ECBB5426126E11,UNADJUDICATED,NONE,,,,,DISCOVERED
ANARCHI-TEST-OCC-DB2311DEA0B1596C,ANARCHI-TEST-CONTENT-D8CEC10FC9583BF3,UNADJUDICATED,NONE,,,,,DISCOVERED
ANARCHI-TEST-OCC-DB2B9FE3B1B78052,ANARCHI-TEST-CONTENT-59A8467149C0AEC0,UNADJUDICATED,NONE,,,,,DISCOVERED
ANARCHI-TEST-OCC-DB755FCC0810E140,ANARCHI-TEST-CONTENT-0FEA1E2F8E4285DE,UNADJUDICATED,NONE,,,,,DISCOVERED
ANARCHI-TEST-OCC-DBA71187E28CFFA5,ANARCHI-TEST-CONTENT-EDE39D1F2A1B5CCB,UNADJUDICATED,NONE,,,,,DISCOVERED
ANARCHI-TEST-OCC-DBEF583B92B4345D,ANARCHI-TEST-CONTENT-6BC3219045EE5FB7,UNADJUDICATED,NONE,,,,,DISCOVERED
ANARCHI-TEST-OCC-DBF12AF5DC172512,ANARCHI-TEST-CONTENT-C177368D82D8691D,UNADJUDICATED,NONE,,,,,DISCOVERED
ANARCHI-TEST-OCC-DC0B78167E65DA76,ANARCHI-TEST-CONTENT-E8164A62A51E7404,UNADJUDICATED,NONE,,,,,DISCOVERED
ANARCHI-TEST-OCC-DC0BEF923E6AF04E,ANARCHI-TEST-CONTENT-6ABC1968E58B7352,UNADJUDICATED,NONE,,,,,DISCOVERED
ANARCHI-TEST-OCC-DC2C2E2B66099330,ANARCHI-TEST-CONTENT-AABF0B11496B053C,UNADJUDICATED,NONE,,,,,DISCOVERED
ANARCHI-TEST-OCC-DC4C1256FAC6CD08,ANARCHI-TEST-CONTENT-7DCEE41F7390ED2B,UNADJUDICATED,NONE,,,,,DISCOVERED
ANARCHI-TEST-OCC-DCA50C1FADC92795,ANARCHI-TEST-CONTENT-34B3816AC893298E,UNADJUDICATED,NONE,,,,,DISCOVERED
ANARCHI-TEST-OCC-DCAD9FB68D5EDDC2,ANARCHI-TEST-CONTENT-DC2387ABBE24EA49,UNADJUDICATED,NONE,,,,,DISCOVERED
ANARCHI-TEST-OCC-DCAE5CFA18085EE3,ANARCHI-TEST-CONTENT-E3B0C44298FC1C14,UNADJUDICATED,NONE,,,,,DISCOVERED
ANARCHI-TEST-OCC-DCD8C51358C94E16,ANARCHI-TEST-CONTENT-7EC0E68D9BCA6DB4,UNADJUDICATED,NONE,,,,,DISCOVERED
ANARCHI-TEST-OCC-DCDCA285264E8FC1,ANARCHI-TEST-CONTENT-165623BD925D17D7,UNADJUDICATED,NONE,,,,,DISCOVERED
ANARCHI-TEST-OCC-DCDDEF2C119FC50A,ANARCHI-TEST-CONTENT-CA354D71C08BBADB,UNADJUDICATED,NONE,,,,,DISCOVERED
ANARCHI-TEST-OCC-DCF1D2195FBFC994,ANARCHI-TEST-CONTENT-8B56B029F25A3BAC,UNADJUDICATED,NONE,,,,,DISCOVERED
ANARCHI-TEST-OCC-DD04466D896204DD,ANARCHI-TEST-CONTENT-3F856B189ED35B55,UNADJUDICATED,NONE,,,,,DISCOVERED
ANARCHI-TEST-OCC-DD06A358995D519B,ANARCHI-TEST-CONTENT-C4BE2E45601A9789,UNADJUDICATED,NONE,,,,,DISCOVERED
ANARCHI-TEST-OCC-DD07DE8EE9235D9C,ANARCHI-TEST-CONTENT-71CB37C0AD81259F,UNADJUDICATED,NONE,,,,,DISCOVERED
ANARCHI-TEST-OCC-DD0FFD4AF3C939C8,ANARCHI-TEST-CONTENT-152BB84CFD810D34,UNADJUDICATED,NONE,,,,,DISCOVERED
ANARCHI-TEST-OCC-DD18B282E492C186,ANARCHI-TEST-CONTENT-8CFEB5737CB4AD3E,UNADJUDICATED,NONE,,,,,DISCOVERED
ANARCHI-TEST-OCC-DD1F79C9A842E0C1,ANARCHI-TEST-CONTENT-08D7DE8251276C42,UNADJUDICATED,NONE,,,,,DISCOVERED
ANARCHI-TEST-OCC-DD1F9157C15FD7FC,ANARCHI-TEST-CONTENT-93CFA043A3A1E77F,UNADJUDICATED,NONE,,,,,DISCOVERED
ANARCHI-TEST-OCC-DD344C92B9BFB698,ANARCHI-TEST-CONTENT-CB797177DED46750,UNADJUDICATED,NONE,,,,,DISCOVERED
ANARCHI-TEST-OCC-DD441008383946FD,ANARCHI-TEST-CONTENT-76C5E469B5543335,UNADJUDICATED,NONE,,,,,DISCOVERED
ANARCHI-TEST-OCC-DD471AEA42E5ED8A,ANARCHI-TEST-CONTENT-C8E381A5E382F965,UNADJUDICATED,NONE,,,,,DISCOVERED
ANARCHI-TEST-OCC-DD4FEA82881161E5,ANARCHI-TEST-CONTENT-099458DE8ABFB443,UNADJUDICATED,NONE,,,,,DISCOVERED
ANARCHI-TEST-OCC-DD5AA9E1FD48E090,ANARCHI-TEST-CONTENT-840BB05EF6E9FFF4,UNADJUDICATED,NONE,,,,,DISCOVERED
ANARCHI-TEST-OCC-DD6B2730B9063F22,ANARCHI-TEST-CONTENT-22DA3EC31421A255,UNADJUDICATED,NONE,,,,,DISCOVERED
ANARCHI-TEST-OCC-DD6C03828FEC3457,ANARCHI-TEST-CONTENT-C8FDA2DE8B7F70EE,UNADJUDICATED,NONE,,,,,DISCOVERED
ANARCHI-TEST-OCC-DD7EE0CBAC3A881F,ANARCHI-TEST-CONTENT-A8D187F1704548F9,UNADJUDICATED,NONE,,,,,DISCOVERED
ANARCHI-TEST-OCC-DD9AD48CED250CA4,ANARCHI-TEST-CONTENT-9DC30CD356E161EE,UNADJUDICATED,NONE,,,,,DISCOVERED
ANARCHI-TEST-OCC-DDC7F92E75D094B8,ANARCHI-TEST-CONTENT-B7D709A7CD55BFE9,UNADJUDICATED,NONE,,,,,DISCOVERED
ANARCHI-TEST-OCC-DDD2C19F132F9097,ANARCHI-TEST-CONTENT-AF9D5637143F5E85,UNADJUDICATED,NONE,,,,,DISCOVERED
ANARCHI-TEST-OCC-DDDB32567B802B6B,ANARCHI-TEST-CONTENT-6EA53596D4BA5066,UNADJUDICATED,NONE,,,,,DISCOVERED
ANARCHI-TEST-OCC-DDE75FCFEBDE904E,ANARCHI-TEST-CONTENT-38CE13274E8297B8,UNADJUDICATED,NONE,,,,,DISCOVERED
ANARCHI-TEST-OCC-DDF9C9F540D5B109,ANARCHI-TEST-CONTENT-611B13C0A110E622,UNADJUDICATED,NONE,,,,,DISCOVERED
ANARCHI-TEST-OCC-DE5DAF946DA0E3F0,ANARCHI-TEST-CONTENT-E3B0C44298FC1C14,UNADJUDICATED,NONE,,,,,DISCOVERED
ANARCHI-TEST-OCC-DE6F741A679A079E,ANARCHI-TEST-CONTENT-15CF2156B2675950,UNADJUDICATED,NONE,,,,,DISCOVERED
ANARCHI-TEST-OCC-DE70C9FAAADF5E24,ANARCHI-TEST-CONTENT-8A602B39DFB26903,UNADJUDICATED,NONE,,,,,DISCOVERED
ANARCHI-TEST-OCC-DE92009453E4378B,ANARCHI-TEST-CONTENT-44DEC0221309E44A,UNADJUDICATED,NONE,,,,,DISCOVERED
ANARCHI-TEST-OCC-DEB207AAF677AAF5,ANARCHI-TEST-CONTENT-EEE9063A5BF12FE6,UNADJUDICATED,NONE,,,,,DISCOVERED
ANARCHI-TEST-OCC-DEBE84BCC9B01BBB,ANARCHI-TEST-CONTENT-E1C57F6C090638F0,UNADJUDICATED,NONE,,,,,DISCOVERED
ANARCHI-TEST-OCC-DEDFAFDCE4C7E017,ANARCHI-TEST-CONTENT-24657B6C497EACBF,UNADJUDICATED,NONE,,,,,DISCOVERED
ANARCHI-TEST-OCC-DEED0C01CEE52059,ANARCHI-TEST-CONTENT-D48211CA51B7F73E,UNADJUDICATED,NONE,,,,,DISCOVERED
ANARCHI-TEST-OCC-DEED27289914335E,ANARCHI-TEST-CONTENT-55CE9BB8D6A8353C,UNADJUDICATED,NONE,,,,,DISCOVERED
ANARCHI-TEST-OCC-DEF23F315A6531F9,ANARCHI-TEST-CONTENT-BC632583EDA29767,UNADJUDICATED,NONE,,,,,DISCOVERED
ANARCHI-TEST-OCC-DEFB7D5E65098DF8,ANARCHI-TEST-CONTENT-9465083DFAC1DA96,UNADJUDICATED,NONE,,,,,DISCOVERED
ANARCHI-TEST-OCC-DEFE8987E4082982,ANARCHI-TEST-CONTENT-44DEC0221309E44A,UNADJUDICATED,NONE,,,,,DISCOVERED
ANARCHI-TEST-OCC-DF09B0267B785AEA,ANARCHI-TEST-CONTENT-BDB0A3C91BA127B7,UNADJUDICATED,NONE,,,,,DISCOVERED
ANARCHI-TEST-OCC-DF0DF67914280447,ANARCHI-TEST-CONTENT-013F63BF20722A99,UNADJUDICATED,NONE,,,,,DISCOVERED
ANARCHI-TEST-OCC-DF409DF9E51F3D2B,ANARCHI-TEST-CONTENT-4F7E256E687989D7,UNADJUDICATED,NONE,,,,,DISCOVERED
ANARCHI-TEST-OCC-DF4A32C9D896DC1B,ANARCHI-TEST-CONTENT-30C8AC93DD8C2313,UNADJUDICATED,NONE,,,,,DISCOVERED
ANARCHI-TEST-OCC-DF4D54724332B2FE,ANARCHI-TEST-CONTENT-60F3FAF47612A9DF,UNADJUDICATED,NONE,,,,,DISCOVERED
ANARCHI-TEST-OCC-DF6D9CD31047BB83,ANARCHI-TEST-CONTENT-209B58AE2207EE9A,UNADJUDICATED,NONE,,,,,DISCOVERED
ANARCHI-TEST-OCC-DF7E4DFC140FE9A9,ANARCHI-TEST-CONTENT-24657B6C497EACBF,UNADJUDICATED,NONE,,,,,DISCOVERED
ANARCHI-TEST-OCC-DF9BBFE14043A0FB,ANARCHI-TEST-CONTENT-FCA402667AE40780,UNADJUDICATED,NONE,,,,,DISCOVERED
ANARCHI-TEST-OCC-DFBADE7D0A198148,ANARCHI-TEST-CONTENT-D750B94DFE19C985,UNADJUDICATED,NONE,,,,,DISCOVERED
ANARCHI-TEST-OCC-DFC11315FB19E2ED,ANARCHI-TEST-CONTENT-3BEB825132AAA876,UNADJUDICATED,NONE,,,,,DISCOVERED
ANARCHI-TEST-OCC-DFC99BC5032F0E8B,ANARCHI-TEST-CONTENT-996817F0C1FF6BE9,UNADJUDICATED,NONE,,,,,DISCOVERED
ANARCHI-TEST-OCC-DFD4FAE3C03DE2C3,ANARCHI-TEST-CONTENT-F514883BAD06A84C,UNADJUDICATED,NONE,,,,,DISCOVERED
ANARCHI-TEST-OCC-DFDD6A9C33A93835,ANARCHI-TEST-CONTENT-A915C7220386D1AB,UNADJUDICATED,NONE,,,,,DISCOVERED
ANARCHI-TEST-OCC-DFE6F0AA64887580,ANARCHI-TEST-CONTENT-5CB1B711B4A4F878,UNADJUDICATED,NONE,,,,,DISCOVERED
ANARCHI-TEST-OCC-E0103140AD102404,ANARCHI-TEST-CONTENT-C63E2F372BCC41EC,UNADJUDICATED,NONE,,,,,DISCOVERED
ANARCHI-TEST-OCC-E01E7386C6ACF42C,ANARCHI-TEST-CONTENT-E23F78ADCFF4C99B,UNADJUDICATED,NONE,,,,,DISCOVERED
ANARCHI-TEST-OCC-E03181BA0EA647E2,ANARCHI-TEST-CONTENT-711A3674F5CA0CD7,UNADJUDICATED,NONE,,,,,DISCOVERED
ANARCHI-TEST-OCC-E033E2A923B743DB,ANARCHI-TEST-CONTENT-F4D2FDE3CAEDEA2F,UNADJUDICATED,NONE,,,,,DISCOVERED
ANARCHI-TEST-OCC-E049A55295A80391,ANARCHI-TEST-CONTENT-E3B0C44298FC1C14,UNADJUDICATED,NONE,,,,,DISCOVERED
ANARCHI-TEST-OCC-E0566CD33D5CACEE,ANARCHI-TEST-CONTENT-701C214017D5DCA6,UNADJUDICATED,NONE,,,,,DISCOVERED
ANARCHI-TEST-OCC-E057C829024FBAB6,ANARCHI-TEST-CONTENT-885E66EC4B8897B8,UNADJUDICATED,NONE,,,,,DISCOVERED
ANARCHI-TEST-OCC-E06D10ADF09EEDDD,ANARCHI-TEST-CONTENT-E3B0C44298FC1C14,UNADJUDICATED,NONE,,,,,DISCOVERED
ANARCHI-TEST-OCC-E08ED89D08530F3A,ANARCHI-TEST-CONTENT-44DEC0221309E44A,UNADJUDICATED,NONE,,,,,DISCOVERED
ANARCHI-TEST-OCC-E096A8E0D146FE79,ANARCHI-TEST-CONTENT-37AC6C35D8E27BAF,UNADJUDICATED,NONE,,,,,DISCOVERED
ANARCHI-TEST-OCC-E09C15A462FA7F91,ANARCHI-TEST-CONTENT-FDC811F63BB5C3AA,UNADJUDICATED,NONE,,,,,DISCOVERED
ANARCHI-TEST-OCC-E0D4027D42A6AB05,ANARCHI-TEST-CONTENT-E88C5BDD14D608EB,UNADJUDICATED,NONE,,,,,DISCOVERED
ANARCHI-TEST-OCC-E0E8025AF6F081E3,ANARCHI-TEST-CONTENT-B1143B25529ACE63,UNADJUDICATED,NONE,,,,,DISCOVERED
ANARCHI-TEST-OCC-E0EA435D8799ECBB,ANARCHI-TEST-CONTENT-3387FE9221C4BC2E,UNADJUDICATED,NONE,,,,,DISCOVERED
ANARCHI-TEST-OCC-E0EC3CD43951CEDE,ANARCHI-TEST-CONTENT-D867472ACB57B81C,UNADJUDICATED,NONE,,,,,DISCOVERED
ANARCHI-TEST-OCC-E159C4D43DA2BBE2,ANARCHI-TEST-CONTENT-F9656F206E04ECA6,UNADJUDICATED,NONE,,,,,DISCOVERED
ANARCHI-TEST-OCC-E16DC880DF621725,ANARCHI-TEST-CONTENT-4BEE363933941A46,UNADJUDICATED,NONE,,,,,DISCOVERED
ANARCHI-TEST-OCC-E18202860FB785DA,ANARCHI-TEST-CONTENT-A2DFE4DB81F9BCD3,UNADJUDICATED,NONE,,,,,DISCOVERED
ANARCHI-TEST-OCC-E18AE8402806CD23,ANARCHI-TEST-CONTENT-BE38C9C655B3086E,UNADJUDICATED,NONE,,,,,DISCOVERED
ANARCHI-TEST-OCC-E19C6CFCB8EA2C79,ANARCHI-TEST-CONTENT-E957EC079057F13C,UNADJUDICATED,NONE,,,,,DISCOVERED
ANARCHI-TEST-OCC-E1A7F845DF77FF3F,ANARCHI-TEST-CONTENT-66FD2C815B92460A,UNADJUDICATED,NONE,,,,,DISCOVERED
ANARCHI-TEST-OCC-E1C779D373F8BBB9,ANARCHI-TEST-CONTENT-2C7F71266674109D,UNADJUDICATED,NONE,,,,,DISCOVERED
ANARCHI-TEST-OCC-E259BEA96C3698EA,ANARCHI-TEST-CONTENT-6039492657BF91E1,UNADJUDICATED,NONE,,,,,DISCOVERED
ANARCHI-TEST-OCC-E266E48DF0E24D24,ANARCHI-TEST-CONTENT-ADED756FB81F8601,UNADJUDICATED,NONE,,,,,DISCOVERED
ANARCHI-TEST-OCC-E27507D8147BC4EA,ANARCHI-TEST-CONTENT-33EE3596C5375538,UNADJUDICATED,NONE,,,,,DISCOVERED
ANARCHI-TEST-OCC-E29108D508838CD3,ANARCHI-TEST-CONTENT-1D4BBD554C846B0D,UNADJUDICATED,NONE,,,,,DISCOVERED
ANARCHI-TEST-OCC-E2B056323EDC6019,ANARCHI-TEST-CONTENT-71C93ED6450CD9D3,UNADJUDICATED,NONE,,,,,DISCOVERED
ANARCHI-TEST-OCC-E2B182B9953A7D12,ANARCHI-TEST-CONTENT-55852FCD4AD523B2,UNADJUDICATED,NONE,,,,,DISCOVERED
ANARCHI-TEST-OCC-E2CB9738694C9886,ANARCHI-TEST-CONTENT-F137AD2CD62DA378,UNADJUDICATED,NONE,,,,,DISCOVERED
ANARCHI-TEST-OCC-E2DC09824753411E,ANARCHI-TEST-CONTENT-E04176CF79A4169F,UNADJUDICATED,NONE,,,,,DISCOVERED
ANARCHI-TEST-OCC-E2DD104B500946CC,ANARCHI-TEST-CONTENT-AAB3B8A028EB8E4A,UNADJUDICATED,NONE,,,,,DISCOVERED
ANARCHI-TEST-OCC-E300B971833A6706,ANARCHI-TEST-CONTENT-020A40F4E15620ED,UNADJUDICATED,NONE,,,,,DISCOVERED
ANARCHI-TEST-OCC-E309F8119F57E9EC,ANARCHI-TEST-CONTENT-E725A7B68839A204,UNADJUDICATED,NONE,,,,,DISCOVERED
ANARCHI-TEST-OCC-E31806E4911921B0,ANARCHI-TEST-CONTENT-A9B2127B8C1D36A0,UNADJUDICATED,NONE,,,,,DISCOVERED
ANARCHI-TEST-OCC-E32A63C894E44A08,ANARCHI-TEST-CONTENT-AA85853C48F29B98,UNADJUDICATED,NONE,,,,,DISCOVERED
ANARCHI-TEST-OCC-E34822409277A558,ANARCHI-TEST-CONTENT-1159B9F84B4E105A,UNADJUDICATED,NONE,,,,,DISCOVERED
ANARCHI-TEST-OCC-E3A00CF89A4C67F7,ANARCHI-TEST-CONTENT-E94B3E3D958D553F,UNADJUDICATED,NONE,,,,,DISCOVERED
ANARCHI-TEST-OCC-E3BB07FBED5FA92A,ANARCHI-TEST-CONTENT-EA685FB7D8C4BCA8,UNADJUDICATED,NONE,,,,,DISCOVERED
ANARCHI-TEST-OCC-E3DF2E25274F21FF,ANARCHI-TEST-CONTENT-F5D4D3F848D97411,UNADJUDICATED,NONE,,,,,DISCOVERED
ANARCHI-TEST-OCC-E3E97676FB050374,ANARCHI-TEST-CONTENT-4C88C0E6862383D6,UNADJUDICATED,NONE,,,,,DISCOVERED
ANARCHI-TEST-OCC-E3E9E982A46DC110,ANARCHI-TEST-CONTENT-885E66EC4B8897B8,UNADJUDICATED,NONE,,,,,DISCOVERED
ANARCHI-TEST-OCC-E3EB2987AA2107B4,ANARCHI-TEST-CONTENT-32480F004CC641DF,UNADJUDICATED,NONE,,,,,DISCOVERED
ANARCHI-TEST-OCC-E3ED9917B7167FD1,ANARCHI-TEST-CONTENT-04261F5B3DDCE0C3,UNADJUDICATED,NONE,,,,,DISCOVERED
ANARCHI-TEST-OCC-E3FBF2ED538F9946,ANARCHI-TEST-CONTENT-7D403BC932488A16,UNADJUDICATED,NONE,,,,,DISCOVERED
ANARCHI-TEST-OCC-E3FFA3E72A61511A,ANARCHI-TEST-CONTENT-5B10323DD073A106,UNADJUDICATED,NONE,,,,,DISCOVERED
ANARCHI-TEST-OCC-E41D4AB337D52F89,ANARCHI-TEST-CONTENT-A5A97AF71785FE08,UNADJUDICATED,NONE,,,,,DISCOVERED
ANARCHI-TEST-OCC-E44DA9500389E6E2,ANARCHI-TEST-CONTENT-12098571044671C2,UNADJUDICATED,NONE,,,,,DISCOVERED
ANARCHI-TEST-OCC-E4654EABD3D7A9F4,ANARCHI-TEST-CONTENT-A65D95ACDFDDD971,UNADJUDICATED,NONE,,,,,DISCOVERED
ANARCHI-TEST-OCC-E4713E72BD7F3E0E,ANARCHI-TEST-CONTENT-9E20EFFBE713119D,UNADJUDICATED,NONE,,,,,DISCOVERED
ANARCHI-TEST-OCC-E47B4BBB5A23094C,ANARCHI-TEST-CONTENT-613111B91AF7D10B,UNADJUDICATED,NONE,,,,,DISCOVERED
ANARCHI-TEST-OCC-E48943FC0F7E68B8,ANARCHI-TEST-CONTENT-1199AFC9A8B53A6F,UNADJUDICATED,NONE,,,,,DISCOVERED
ANARCHI-TEST-OCC-E497D687C99ABF23,ANARCHI-TEST-CONTENT-D3BD83E7A82E059D,UNADJUDICATED,NONE,,,,,DISCOVERED
ANARCHI-TEST-OCC-E4B0756FCB392C0A,ANARCHI-TEST-CONTENT-054C07A76C682CA8,UNADJUDICATED,NONE,,,,,DISCOVERED
ANARCHI-TEST-OCC-E4B0B5D24C9EBCFA,ANARCHI-TEST-CONTENT-BF69C8DCA91AE25F,UNADJUDICATED,NONE,,,,,DISCOVERED
ANARCHI-TEST-OCC-E4B89928A1A6C026,ANARCHI-TEST-CONTENT-44DEC0221309E44A,UNADJUDICATED,NONE,,,,,DISCOVERED
ANARCHI-TEST-OCC-E4BA657A60290E4D,ANARCHI-TEST-CONTENT-26CDC61AECF14036,UNADJUDICATED,NONE,,,,,DISCOVERED
ANARCHI-TEST-OCC-E4C4AF41D1C7BDED,ANARCHI-TEST-CONTENT-12098571044671C2,UNADJUDICATED,NONE,,,,,DISCOVERED
ANARCHI-TEST-OCC-E4F96B8DA85F1249,ANARCHI-TEST-CONTENT-5BA5CF5C2665263D,UNADJUDICATED,NONE,,,,,DISCOVERED
ANARCHI-TEST-OCC-E516312513715A8A,ANARCHI-TEST-CONTENT-DBDDBB7216C74D38,UNADJUDICATED,NONE,,,,,DISCOVERED
ANARCHI-TEST-OCC-E54139105CC3CEC2,ANARCHI-TEST-CONTENT-1159B9F84B4E105A,UNADJUDICATED,NONE,,,,,DISCOVERED
ANARCHI-TEST-OCC-E56554143C7A4373,ANARCHI-TEST-CONTENT-7A2CEFE14BB0152E,UNADJUDICATED,NONE,,,,,DISCOVERED
ANARCHI-TEST-OCC-E5BE81BD11F7831D,ANARCHI-TEST-CONTENT-082C9687FEE7AACD,UNADJUDICATED,NONE,,,,,DISCOVERED
ANARCHI-TEST-OCC-E5F4BDEE53484876,ANARCHI-TEST-CONTENT-BDFB1E106400183D,UNADJUDICATED,NONE,,,,,DISCOVERED
ANARCHI-TEST-OCC-E626E62700EEEF00,ANARCHI-TEST-CONTENT-C6041840CC2A8172,UNADJUDICATED,NONE,,,,,DISCOVERED
ANARCHI-TEST-OCC-E64414AF56CA2DA6,ANARCHI-TEST-CONTENT-EABE522D8B925C12,UNADJUDICATED,NONE,,,,,DISCOVERED
ANARCHI-TEST-OCC-E64C3A023D149839,ANARCHI-TEST-CONTENT-63C08A9832C5B091,UNADJUDICATED,NONE,,,,,DISCOVERED
ANARCHI-TEST-OCC-E6509C408D741F0F,ANARCHI-TEST-CONTENT-4287FD08C20A63D7,UNADJUDICATED,NONE,,,,,DISCOVERED
ANARCHI-TEST-OCC-E65E1999037875AD,ANARCHI-TEST-CONTENT-519AEBE0E3298E46,UNADJUDICATED,NONE,,,,,DISCOVERED
ANARCHI-TEST-OCC-E685EC882D2D78C8,ANARCHI-TEST-CONTENT-10289F7B25EDD678,UNADJUDICATED,NONE,,,,,DISCOVERED
ANARCHI-TEST-OCC-E68CA7CBE456FFCD,ANARCHI-TEST-CONTENT-A53F71CCFAAD99F2,UNADJUDICATED,NONE,,,,,DISCOVERED
ANARCHI-TEST-OCC-E6AB2F3F8CEB120B,ANARCHI-TEST-CONTENT-FED603103A2BC004,UNADJUDICATED,NONE,,,,,DISCOVERED
ANARCHI-TEST-OCC-E6ADD063F2C67028,ANARCHI-TEST-CONTENT-054DF329EC1B1E7D,UNADJUDICATED,NONE,,,,,DISCOVERED
ANARCHI-TEST-OCC-E6CC454AB3B85E7E,ANARCHI-TEST-CONTENT-B78763188489BE04,UNADJUDICATED,NONE,,,,,DISCOVERED
ANARCHI-TEST-OCC-E6F1D405094F7FAB,ANARCHI-TEST-CONTENT-82100AB9AB732ED3,UNADJUDICATED,NONE,,,,,DISCOVERED
ANARCHI-TEST-OCC-E6F964DA66C48137,ANARCHI-TEST-CONTENT-1613B36646C3847D,UNADJUDICATED,NONE,,,,,DISCOVERED
ANARCHI-TEST-OCC-E71F706CA8AC980B,ANARCHI-TEST-CONTENT-BA08DA99203AAF52,UNADJUDICATED,NONE,,,,,DISCOVERED
ANARCHI-TEST-OCC-E720F06B163CDA73,ANARCHI-TEST-CONTENT-4E52D92BCB1E9023,UNADJUDICATED,NONE,,,,,DISCOVERED
ANARCHI-TEST-OCC-E7720C7E57480A36,ANARCHI-TEST-CONTENT-AB22A01569AAAEF0,UNADJUDICATED,NONE,,,,,DISCOVERED
ANARCHI-TEST-OCC-E776079A3B8CBC5D,ANARCHI-TEST-CONTENT-E3B0C44298FC1C14,UNADJUDICATED,NONE,,,,,DISCOVERED
ANARCHI-TEST-OCC-E77A3E4E33C1C53A,ANARCHI-TEST-CONTENT-3827762B888D0B90,UNADJUDICATED,NONE,,,,,DISCOVERED
ANARCHI-TEST-OCC-E7AF27C75C540334,ANARCHI-TEST-CONTENT-499A4E5336A16FF6,UNADJUDICATED,NONE,,,,,DISCOVERED
ANARCHI-TEST-OCC-E7CA3B71A7F23356,ANARCHI-TEST-CONTENT-C04367804994731D,UNADJUDICATED,NONE,,,,,DISCOVERED
ANARCHI-TEST-OCC-E7CA8F954F921E84,ANARCHI-TEST-CONTENT-05B3F2F977F21F02,UNADJUDICATED,NONE,,,,,DISCOVERED
ANARCHI-TEST-OCC-E7FB93A3AA5C8180,ANARCHI-TEST-CONTENT-371B3010C8591179,UNADJUDICATED,NONE,,,,,DISCOVERED
ANARCHI-TEST-OCC-E81CB70D17557C72,ANARCHI-TEST-CONTENT-FEB09E1F219ADF27,UNADJUDICATED,NONE,,,,,DISCOVERED
ANARCHI-TEST-OCC-E8233519F3CC7A1C,ANARCHI-TEST-CONTENT-C0ED2C1F3960F91E,UNADJUDICATED,NONE,,,,,DISCOVERED
ANARCHI-TEST-OCC-E823A8AD92A7FD2F,ANARCHI-TEST-CONTENT-EB21451848495BAD,UNADJUDICATED,NONE,,,,,DISCOVERED
ANARCHI-TEST-OCC-E826D4880FE8C565,ANARCHI-TEST-CONTENT-F84A1C55FEE890E4,UNADJUDICATED,NONE,,,,,DISCOVERED
ANARCHI-TEST-OCC-E84EE7A0EDD7F80F,ANARCHI-TEST-CONTENT-E3B0C44298FC1C14,UNADJUDICATED,NONE,,,,,DISCOVERED
ANARCHI-TEST-OCC-E8618E4EE2A5770E,ANARCHI-TEST-CONTENT-9A2D83EDD50A3614,UNADJUDICATED,NONE,,,,,DISCOVERED
ANARCHI-TEST-OCC-E867E06EFF824F04,ANARCHI-TEST-CONTENT-A1E836D88960135E,UNADJUDICATED,NONE,,,,,DISCOVERED
ANARCHI-TEST-OCC-E86FA49EEF152D47,ANARCHI-TEST-CONTENT-55001CD162C78108,UNADJUDICATED,NONE,,,,,DISCOVERED
ANARCHI-TEST-OCC-E885A75207E75180,ANARCHI-TEST-CONTENT-C8FDA2DE8B7F70EE,UNADJUDICATED,NONE,,,,,DISCOVERED
ANARCHI-TEST-OCC-E8C73C8C41AA6AD6,ANARCHI-TEST-CONTENT-637BE52117961AEF,UNADJUDICATED,NONE,,,,,DISCOVERED
ANARCHI-TEST-OCC-E8CA50F20E9D0A81,ANARCHI-TEST-CONTENT-BA7F8014D84E6B34,UNADJUDICATED,NONE,,,,,DISCOVERED
ANARCHI-TEST-OCC-E8D16FDBB19696D1,ANARCHI-TEST-CONTENT-D5D17DE85B6A5066,UNADJUDICATED,NONE,,,,,DISCOVERED
ANARCHI-TEST-OCC-E8D28363294BD0D8,ANARCHI-TEST-CONTENT-1F190CE2BC450299,UNADJUDICATED,NONE,,,,,DISCOVERED
ANARCHI-TEST-OCC-E8D310D00D3866A3,ANARCHI-TEST-CONTENT-E3B0C44298FC1C14,UNADJUDICATED,NONE,,,,,DISCOVERED
ANARCHI-TEST-OCC-E8D39BF4AB32ED1F,ANARCHI-TEST-CONTENT-656377316F0B93FA,UNADJUDICATED,NONE,,,,,DISCOVERED
ANARCHI-TEST-OCC-E8E4F7178BFC49FD,ANARCHI-TEST-CONTENT-24661A72A24C12A1,UNADJUDICATED,NONE,,,,,DISCOVERED
ANARCHI-TEST-OCC-E8E72EE1CD598FAC,ANARCHI-TEST-CONTENT-E0487F256158C68D,UNADJUDICATED,NONE,,,,,DISCOVERED
ANARCHI-TEST-OCC-E8FA8894C9FEC852,ANARCHI-TEST-CONTENT-C306106BB2CD9738,UNADJUDICATED,NONE,,,,,DISCOVERED
ANARCHI-TEST-OCC-E91E8802E6EF6ED6,ANARCHI-TEST-CONTENT-E9E4D35C1601D760,UNADJUDICATED,NONE,,,,,DISCOVERED
ANARCHI-TEST-OCC-E924AD0CEB67F6D9,ANARCHI-TEST-CONTENT-2E7E4E4309C46185,UNADJUDICATED,NONE,,,,,DISCOVERED
ANARCHI-TEST-OCC-E929E74463BCF119,ANARCHI-TEST-CONTENT-12BCE5C50EB4E0B1,UNADJUDICATED,NONE,,,,,DISCOVERED
ANARCHI-TEST-OCC-E92AD497D6B57939,ANARCHI-TEST-CONTENT-4F09A972A8917A00,UNADJUDICATED,NONE,,,,,DISCOVERED
ANARCHI-TEST-OCC-E93223A21DC66DB0,ANARCHI-TEST-CONTENT-EFAB84F50F6C8207,UNADJUDICATED,NONE,,,,,DISCOVERED
ANARCHI-TEST-OCC-E9464F940B69A31D,ANARCHI-TEST-CONTENT-13530725DA304AA0,UNADJUDICATED,NONE,,,,,DISCOVERED
ANARCHI-TEST-OCC-E98959CDBE4A5D82,ANARCHI-TEST-CONTENT-15EC0CCBE86A0910,UNADJUDICATED,NONE,,,,,DISCOVERED
ANARCHI-TEST-OCC-E99399B661AE8D07,ANARCHI-TEST-CONTENT-EF4FC079D329AFE6,UNADJUDICATED,NONE,,,,,DISCOVERED
ANARCHI-TEST-OCC-E99CB59A4D2D6175,ANARCHI-TEST-CONTENT-37517E5F3DC66819,UNADJUDICATED,NONE,,,,,DISCOVERED
ANARCHI-TEST-OCC-E9AC13F7EB62EC80,ANARCHI-TEST-CONTENT-B538C3AC1DECC35D,UNADJUDICATED,NONE,,,,,DISCOVERED
ANARCHI-TEST-OCC-E9C4A6318C58B9FE,ANARCHI-TEST-CONTENT-9E2BA49B922820DF,UNADJUDICATED,NONE,,,,,DISCOVERED
ANARCHI-TEST-OCC-E9FF4BCFE7B4BE8D,ANARCHI-TEST-CONTENT-C50486C345952D8F,UNADJUDICATED,NONE,,,,,DISCOVERED
ANARCHI-TEST-OCC-EA1A4DA1ADC8EA05,ANARCHI-TEST-CONTENT-E73D3FD912C88D0B,UNADJUDICATED,NONE,,,,,DISCOVERED
ANARCHI-TEST-OCC-EA55D4D5EEFEEAB5,ANARCHI-TEST-CONTENT-4A980934B7504F7F,UNADJUDICATED,NONE,,,,,DISCOVERED
ANARCHI-TEST-OCC-EA72B5273910E4A3,ANARCHI-TEST-CONTENT-3E0DBA2D1A6FD324,UNADJUDICATED,NONE,,,,,DISCOVERED
ANARCHI-TEST-OCC-EA7902115372ED1B,ANARCHI-TEST-CONTENT-B407F192733AE4E4,UNADJUDICATED,NONE,,,,,DISCOVERED
ANARCHI-TEST-OCC-EA88AF71C8C755A8,ANARCHI-TEST-CONTENT-66D83E428881C695,UNADJUDICATED,NONE,,,,,DISCOVERED
ANARCHI-TEST-OCC-EABCA46DEC262298,ANARCHI-TEST-CONTENT-0D5162DD60EA05A9,UNADJUDICATED,NONE,,,,,DISCOVERED
ANARCHI-TEST-OCC-EAC3F7419FFC6B90,ANARCHI-TEST-CONTENT-A98B9393BC2B9057,UNADJUDICATED,NONE,,,,,DISCOVERED
ANARCHI-TEST-OCC-EAD363C624850380,ANARCHI-TEST-CONTENT-F99CC569B39F3163,UNADJUDICATED,NONE,,,,,DISCOVERED
ANARCHI-TEST-OCC-EAE50D83F60A0F5F,ANARCHI-TEST-CONTENT-12BCE5C50EB4E0B1,UNADJUDICATED,NONE,,,,,DISCOVERED
ANARCHI-TEST-OCC-EB04F04E53451D54,ANARCHI-TEST-CONTENT-7E5BA8AF8F93682F,UNADJUDICATED,NONE,,,,,DISCOVERED
ANARCHI-TEST-OCC-EB0E83456D66287A,ANARCHI-TEST-CONTENT-7A7BB6F486043F3B,UNADJUDICATED,NONE,,,,,DISCOVERED
ANARCHI-TEST-OCC-EB1AF4E5846D305D,ANARCHI-TEST-CONTENT-F7A049EDEE283C32,UNADJUDICATED,NONE,,,,,DISCOVERED
ANARCHI-TEST-OCC-EB25ED40C2B112C3,ANARCHI-TEST-CONTENT-34B25BC02A6E8339,UNADJUDICATED,NONE,,,,,DISCOVERED
ANARCHI-TEST-OCC-EB38E733DBD2B16F,ANARCHI-TEST-CONTENT-E3B0C44298FC1C14,UNADJUDICATED,NONE,,,,,DISCOVERED
ANARCHI-TEST-OCC-EB583FC9FB8D53B0,ANARCHI-TEST-CONTENT-A43056013AE7C8D5,UNADJUDICATED,NONE,,,,,DISCOVERED
ANARCHI-TEST-OCC-EB7BED50B35B20B9,ANARCHI-TEST-CONTENT-18D5F482ABFB954D,UNADJUDICATED,NONE,,,,,DISCOVERED
ANARCHI-TEST-OCC-EB91B43165A0F061,ANARCHI-TEST-CONTENT-7C179D1EDF37F7E9,UNADJUDICATED,NONE,,,,,DISCOVERED
ANARCHI-TEST-OCC-EB9EA615AA0CA7DA,ANARCHI-TEST-CONTENT-6571B307F810F63B,UNADJUDICATED,NONE,,,,,DISCOVERED
ANARCHI-TEST-OCC-EBCEC1409C1C09A5,ANARCHI-TEST-CONTENT-A966B88B511331BA,UNADJUDICATED,NONE,,,,,DISCOVERED
ANARCHI-TEST-OCC-EBD96F272EF16D6C,ANARCHI-TEST-CONTENT-46780D2F899D5E86,UNADJUDICATED,NONE,,,,,DISCOVERED
ANARCHI-TEST-OCC-EBE9E9825965D58F,ANARCHI-TEST-CONTENT-E3B0C44298FC1C14,UNADJUDICATED,NONE,,,,,DISCOVERED
ANARCHI-TEST-OCC-EBF84D55F43590DD,ANARCHI-TEST-CONTENT-0C889CE5DD48A302,UNADJUDICATED,NONE,,,,,DISCOVERED
ANARCHI-TEST-OCC-EBFCB7DBD8E616CB,ANARCHI-TEST-CONTENT-24657B6C497EACBF,UNADJUDICATED,NONE,,,,,DISCOVERED
ANARCHI-TEST-OCC-EC274604EE08A960,ANARCHI-TEST-CONTENT-A5A97AF71785FE08,UNADJUDICATED,NONE,,,,,DISCOVERED
ANARCHI-TEST-OCC-EC31725669B38D6C,ANARCHI-TEST-CONTENT-67379BB2DD9EBCDF,UNADJUDICATED,NONE,,,,,DISCOVERED
ANARCHI-TEST-OCC-EC344A67C69F3903,ANARCHI-TEST-CONTENT-F514883BAD06A84C,UNADJUDICATED,NONE,,,,,DISCOVERED
ANARCHI-TEST-OCC-EC4DDEC0DD8536AB,ANARCHI-TEST-CONTENT-15E5620EB5083486,UNADJUDICATED,NONE,,,,,DISCOVERED
ANARCHI-TEST-OCC-EC53874A8DD58F68,ANARCHI-TEST-CONTENT-8AD04C83C475ADA1,UNADJUDICATED,NONE,,,,,DISCOVERED
ANARCHI-TEST-OCC-EC565A43E818D7C5,ANARCHI-TEST-CONTENT-DD25A415029E17EA,UNADJUDICATED,NONE,,,,,DISCOVERED
ANARCHI-TEST-OCC-EC6BBF4D10DD12C2,ANARCHI-TEST-CONTENT-31A098EB8BAF7D68,UNADJUDICATED,NONE,,,,,DISCOVERED
ANARCHI-TEST-OCC-EC71F9778A0D98D0,ANARCHI-TEST-CONTENT-8DCEBFC0D2C8EF24,UNADJUDICATED,NONE,,,,,DISCOVERED
ANARCHI-TEST-OCC-EC8CF35C580354C3,ANARCHI-TEST-CONTENT-D0F9168BB0274C9D,UNADJUDICATED,NONE,,,,,DISCOVERED
ANARCHI-TEST-OCC-EC8F306F658B4966,ANARCHI-TEST-CONTENT-3606E6F273E4945D,UNADJUDICATED,NONE,,,,,DISCOVERED
ANARCHI-TEST-OCC-ECB0293916F4E7B8,ANARCHI-TEST-CONTENT-DDA4223E510FF422,UNADJUDICATED,NONE,,,,,DISCOVERED
ANARCHI-TEST-OCC-ECBA73C84970FD2C,ANARCHI-TEST-CONTENT-A8158011AA2F60B4,UNADJUDICATED,NONE,,,,,DISCOVERED
ANARCHI-TEST-OCC-ECC28C2D52086485,ANARCHI-TEST-CONTENT-62A1830B37B046CC,UNADJUDICATED,NONE,,,,,DISCOVERED
ANARCHI-TEST-OCC-ECC48EA1589BCF34,ANARCHI-TEST-CONTENT-12FDB0575B6829E8,UNADJUDICATED,NONE,,,,,DISCOVERED
ANARCHI-TEST-OCC-ECC60D51DD755E82,ANARCHI-TEST-CONTENT-15E5620EB5083486,UNADJUDICATED,NONE,,,,,DISCOVERED
ANARCHI-TEST-OCC-ECC9ED76A8C59C74,ANARCHI-TEST-CONTENT-ADB16381E2FEC1FB,UNADJUDICATED,NONE,,,,,DISCOVERED
ANARCHI-TEST-OCC-ECFCD0BC4ED32836,ANARCHI-TEST-CONTENT-32480F004CC641DF,UNADJUDICATED,NONE,,,,,DISCOVERED
ANARCHI-TEST-OCC-ED0C872CF0D1C306,ANARCHI-TEST-CONTENT-7341BB7CB99F6F2E,UNADJUDICATED,NONE,,,,,DISCOVERED
ANARCHI-TEST-OCC-ED1E4C639260AFF6,ANARCHI-TEST-CONTENT-79A3CE663311BB9B,UNADJUDICATED,NONE,,,,,DISCOVERED
ANARCHI-TEST-OCC-ED23C3827283D3DE,ANARCHI-TEST-CONTENT-1F38C09CFD44A316,UNADJUDICATED,NONE,,,,,DISCOVERED
ANARCHI-TEST-OCC-ED24901419CF8B70,ANARCHI-TEST-CONTENT-32480F004CC641DF,UNADJUDICATED,NONE,,,,,DISCOVERED
ANARCHI-TEST-OCC-ED33239571B75C57,ANARCHI-TEST-CONTENT-9E2BA49B922820DF,UNADJUDICATED,NONE,,,,,DISCOVERED
ANARCHI-TEST-OCC-ED474F330BB74BBF,ANARCHI-TEST-CONTENT-EAF6E1F66A666F80,UNADJUDICATED,NONE,,,,,DISCOVERED
ANARCHI-TEST-OCC-ED59E130E5F99904,ANARCHI-TEST-CONTENT-4E361DEDAF5C6BA8,UNADJUDICATED,NONE,,,,,DISCOVERED
ANARCHI-TEST-OCC-ED6CFD72B1457EF1,ANARCHI-TEST-CONTENT-B1E1B7C021A69A9F,UNADJUDICATED,NONE,,,,,DISCOVERED
ANARCHI-TEST-OCC-ED762D96447DF56F,ANARCHI-TEST-CONTENT-AFDBD37C796F878A,UNADJUDICATED,NONE,,,,,DISCOVERED
ANARCHI-TEST-OCC-ED77CA79D1E8347A,ANARCHI-TEST-CONTENT-F5D4D3F848D97411,UNADJUDICATED,NONE,,,,,DISCOVERED
ANARCHI-TEST-OCC-ED9F45B5E32C503E,ANARCHI-TEST-CONTENT-54A9E9C41D0D7EBE,UNADJUDICATED,NONE,,,,,DISCOVERED
ANARCHI-TEST-OCC-EDBC2F7DFD0AFF7E,ANARCHI-TEST-CONTENT-BDA9B91EE8BD1B8F,UNADJUDICATED,NONE,,,,,DISCOVERED
ANARCHI-TEST-OCC-EDC6C2BC8D4023B1,ANARCHI-TEST-CONTENT-03CF6BE4B387CBEA,UNADJUDICATED,NONE,,,,,DISCOVERED
ANARCHI-TEST-OCC-EDCB19E453A57D10,ANARCHI-TEST-CONTENT-67E20719DABFD751,UNADJUDICATED,NONE,,,,,DISCOVERED
ANARCHI-TEST-OCC-EDDE48BBA60528ED,ANARCHI-TEST-CONTENT-E365C796FD613754,UNADJUDICATED,NONE,,,,,DISCOVERED
ANARCHI-TEST-OCC-EDE33EFA1909E0B5,ANARCHI-TEST-CONTENT-DA0A980876F05421,UNADJUDICATED,NONE,,,,,DISCOVERED
ANARCHI-TEST-OCC-EE106889149EA43B,ANARCHI-TEST-CONTENT-AD4631A1B122F6B0,UNADJUDICATED,NONE,,,,,DISCOVERED
ANARCHI-TEST-OCC-EE10D657704446AC,ANARCHI-TEST-CONTENT-445592EC4A04DC3C,UNADJUDICATED,NONE,,,,,DISCOVERED
ANARCHI-TEST-OCC-EE3AD4D908316A89,ANARCHI-TEST-CONTENT-BDC6E77C0E13A957,UNADJUDICATED,NONE,,,,,DISCOVERED
ANARCHI-TEST-OCC-EE85BC8381D04B08,ANARCHI-TEST-CONTENT-47BB9ECB37B7BF15,UNADJUDICATED,NONE,,,,,DISCOVERED
ANARCHI-TEST-OCC-EE89585803CFA823,ANARCHI-TEST-CONTENT-882F2C409D252E54,UNADJUDICATED,NONE,,,,,DISCOVERED
ANARCHI-TEST-OCC-EE906B24CCA1F10C,ANARCHI-TEST-CONTENT-12BCE5C50EB4E0B1,UNADJUDICATED,NONE,,,,,DISCOVERED
ANARCHI-TEST-OCC-EEA2CCF341380A3C,ANARCHI-TEST-CONTENT-24657B6C497EACBF,UNADJUDICATED,NONE,,,,,DISCOVERED
ANARCHI-TEST-OCC-EEAA053B5B0AE4B2,ANARCHI-TEST-CONTENT-F514883BAD06A84C,UNADJUDICATED,NONE,,,,,DISCOVERED
ANARCHI-TEST-OCC-EEAFDB075961FB4A,ANARCHI-TEST-CONTENT-05B3F2F977F21F02,UNADJUDICATED,NONE,,,,,DISCOVERED
ANARCHI-TEST-OCC-EEB8E85528331175,ANARCHI-TEST-CONTENT-3B994C3235DF8D75,UNADJUDICATED,NONE,,,,,DISCOVERED
ANARCHI-TEST-OCC-EECCF1DCA3C32A0F,ANARCHI-TEST-CONTENT-992BC48A2F6B9C68,UNADJUDICATED,NONE,,,,,DISCOVERED
ANARCHI-TEST-OCC-EF079FA5BE2F31CF,ANARCHI-TEST-CONTENT-A868ABE776A805C0,UNADJUDICATED,NONE,,,,,DISCOVERED
ANARCHI-TEST-OCC-EF0F882839D490D6,ANARCHI-TEST-CONTENT-05A3C8AD44A4A20B,UNADJUDICATED,NONE,,,,,DISCOVERED
ANARCHI-TEST-OCC-EF11AF174BA53CD1,ANARCHI-TEST-CONTENT-29E5741C4E0915B9,UNADJUDICATED,NONE,,,,,DISCOVERED
ANARCHI-TEST-OCC-EF436D40DB72E819,ANARCHI-TEST-CONTENT-24657B6C497EACBF,UNADJUDICATED,NONE,,,,,DISCOVERED
ANARCHI-TEST-OCC-EF59F3D3C5173053,ANARCHI-TEST-CONTENT-8D8D63EE6BC2BFDB,UNADJUDICATED,NONE,,,,,DISCOVERED
ANARCHI-TEST-OCC-EF7EBA656BF56042,ANARCHI-TEST-CONTENT-50C2C13989D7DD1C,UNADJUDICATED,NONE,,,,,DISCOVERED
ANARCHI-TEST-OCC-EF7F882B2FCDFB2F,ANARCHI-TEST-CONTENT-B14C7FAC284D4D61,UNADJUDICATED,NONE,,,,,DISCOVERED
ANARCHI-TEST-OCC-EF89D2815AF3CCAB,ANARCHI-TEST-CONTENT-971E88CCB7EFD1D1,UNADJUDICATED,NONE,,,,,DISCOVERED
ANARCHI-TEST-OCC-EF929B06DE0F31F6,ANARCHI-TEST-CONTENT-1B057AE98B7D8BD7,UNADJUDICATED,NONE,,,,,DISCOVERED
ANARCHI-TEST-OCC-EFA502949C20DA43,ANARCHI-TEST-CONTENT-713200EE470C92E5,UNADJUDICATED,NONE,,,,,DISCOVERED
ANARCHI-TEST-OCC-EFA78D178D1B1717,ANARCHI-TEST-CONTENT-5C70AA8930D3B772,UNADJUDICATED,NONE,,,,,DISCOVERED
ANARCHI-TEST-OCC-EFB50FD63FD4BB08,ANARCHI-TEST-CONTENT-44DEC0221309E44A,UNADJUDICATED,NONE,,,,,DISCOVERED
ANARCHI-TEST-OCC-EFC47CFFAD0FC03D,ANARCHI-TEST-CONTENT-05B3F2F977F21F02,UNADJUDICATED,NONE,,,,,DISCOVERED
ANARCHI-TEST-OCC-EFFF743FA8C222F5,ANARCHI-TEST-CONTENT-4890DB23A06B089C,UNADJUDICATED,NONE,,,,,DISCOVERED
ANARCHI-TEST-OCC-F00F72E59DEF5A6C,ANARCHI-TEST-CONTENT-E3B0C44298FC1C14,UNADJUDICATED,NONE,,,,,DISCOVERED
ANARCHI-TEST-OCC-F017B00A2350401A,ANARCHI-TEST-CONTENT-26228DBC50CF0F82,UNADJUDICATED,NONE,,,,,DISCOVERED
ANARCHI-TEST-OCC-F025247CD0548B90,ANARCHI-TEST-CONTENT-19FE937FBFA56F91,UNADJUDICATED,NONE,,,,,DISCOVERED
ANARCHI-TEST-OCC-F02B78BF48D3C0F9,ANARCHI-TEST-CONTENT-DCB2D82C89411909,UNADJUDICATED,NONE,,,,,DISCOVERED
ANARCHI-TEST-OCC-F03F3BDACAD4C2ED,ANARCHI-TEST-CONTENT-FA72D886041B843C,UNADJUDICATED,NONE,,,,,DISCOVERED
ANARCHI-TEST-OCC-F046F28F189E72BD,ANARCHI-TEST-CONTENT-8DCEBFC0D2C8EF24,UNADJUDICATED,NONE,,,,,DISCOVERED
ANARCHI-TEST-OCC-F06D67F7C8EC2530,ANARCHI-TEST-CONTENT-F4A3984F7C0BF290,UNADJUDICATED,NONE,,,,,DISCOVERED
ANARCHI-TEST-OCC-F073F2BCFB950510,ANARCHI-TEST-CONTENT-07D294812BDD60B2,UNADJUDICATED,NONE,,,,,DISCOVERED
ANARCHI-TEST-OCC-F0783E8960D7DC85,ANARCHI-TEST-CONTENT-64D262EF7714BED2,UNADJUDICATED,NONE,,,,,DISCOVERED
ANARCHI-TEST-OCC-F07BA36D802D8959,ANARCHI-TEST-CONTENT-05B3F2F977F21F02,UNADJUDICATED,NONE,,,,,DISCOVERED
ANARCHI-TEST-OCC-F09B7EA5F67C8825,ANARCHI-TEST-CONTENT-12098571044671C2,UNADJUDICATED,NONE,,,,,DISCOVERED
ANARCHI-TEST-OCC-F09BFE4EF4B643CE,ANARCHI-TEST-CONTENT-91F26B656B58BA5C,UNADJUDICATED,NONE,,,,,DISCOVERED
ANARCHI-TEST-OCC-F0B857609F1531A0,ANARCHI-TEST-CONTENT-E1E4FCEE3808D339,UNADJUDICATED,NONE,,,,,DISCOVERED
ANARCHI-TEST-OCC-F0BCDA0FEBD7FBFF,ANARCHI-TEST-CONTENT-89C76AE697A4EC68,UNADJUDICATED,NONE,,,,,DISCOVERED
ANARCHI-TEST-OCC-F0E1A399CA0BC484,ANARCHI-TEST-CONTENT-6552B64C85B45E35,UNADJUDICATED,NONE,,,,,DISCOVERED
ANARCHI-TEST-OCC-F12CF117DDE1595B,ANARCHI-TEST-CONTENT-4E0F0FCF2A58D4FD,UNADJUDICATED,NONE,,,,,DISCOVERED
ANARCHI-TEST-OCC-F196275DA8C1F0BA,ANARCHI-TEST-CONTENT-87B3E05337924E0E,UNADJUDICATED,NONE,,,,,DISCOVERED
ANARCHI-TEST-OCC-F1BD3078BA06C172,ANARCHI-TEST-CONTENT-3E0DBA2D1A6FD324,UNADJUDICATED,NONE,,,,,DISCOVERED
ANARCHI-TEST-OCC-F2098200C95AE6AB,ANARCHI-TEST-CONTENT-2AAA3DF420F98A54,UNADJUDICATED,NONE,,,,,DISCOVERED
ANARCHI-TEST-OCC-F248D739F3123E0D,ANARCHI-TEST-CONTENT-CAFAA27FB77A129B,UNADJUDICATED,NONE,,,,,DISCOVERED
ANARCHI-TEST-OCC-F250988F4E6ED88A,ANARCHI-TEST-CONTENT-ADB16381E2FEC1FB,UNADJUDICATED,NONE,,,,,DISCOVERED
ANARCHI-TEST-OCC-F254AF9888EFC6EE,ANARCHI-TEST-CONTENT-F4B59BB95C2E1E86,UNADJUDICATED,NONE,,,,,DISCOVERED
ANARCHI-TEST-OCC-F26E903CB8791735,ANARCHI-TEST-CONTENT-35DB9FC8E0C865F2,UNADJUDICATED,NONE,,,,,DISCOVERED
ANARCHI-TEST-OCC-F26F45E5A51370E3,ANARCHI-TEST-CONTENT-4BAD1C6F40BB00F3,UNADJUDICATED,NONE,,,,,DISCOVERED
ANARCHI-TEST-OCC-F271FC18EA2AA3BF,ANARCHI-TEST-CONTENT-19B0BDD56040EF13,UNADJUDICATED,NONE,,,,,DISCOVERED
ANARCHI-TEST-OCC-F283B2B267339C76,ANARCHI-TEST-CONTENT-A33F4341D43D86CE,UNADJUDICATED,NONE,,,,,DISCOVERED
ANARCHI-TEST-OCC-F288A50EBC8448A5,ANARCHI-TEST-CONTENT-0C4116E2C9AADC4C,UNADJUDICATED,NONE,,,,,DISCOVERED
ANARCHI-TEST-OCC-F2EA3323CFD27FF4,ANARCHI-TEST-CONTENT-164718640153F139,UNADJUDICATED,NONE,,,,,DISCOVERED
ANARCHI-TEST-OCC-F2F287321D055B74,ANARCHI-TEST-CONTENT-E1233F17AFF431B4,UNADJUDICATED,NONE,,,,,DISCOVERED
ANARCHI-TEST-OCC-F2F5721B4D106230,ANARCHI-TEST-CONTENT-4A72C7420177F1EC,UNADJUDICATED,NONE,,,,,DISCOVERED
ANARCHI-TEST-OCC-F2F84DEDB1B1729C,ANARCHI-TEST-CONTENT-24657B6C497EACBF,UNADJUDICATED,NONE,,,,,DISCOVERED
ANARCHI-TEST-OCC-F307E1DD32214692,ANARCHI-TEST-CONTENT-C512C875E9334F28,UNADJUDICATED,NONE,,,,,DISCOVERED
ANARCHI-TEST-OCC-F31F3683D737C20E,ANARCHI-TEST-CONTENT-09FC2DF698E23E93,UNADJUDICATED,NONE,,,,,DISCOVERED
ANARCHI-TEST-OCC-F345738672A96C4B,ANARCHI-TEST-CONTENT-7516F0BD9DEFC709,UNADJUDICATED,NONE,,,,,DISCOVERED
ANARCHI-TEST-OCC-F34AD7A363137DCC,ANARCHI-TEST-CONTENT-BF58B444C3658B1C,UNADJUDICATED,NONE,,,,,DISCOVERED
ANARCHI-TEST-OCC-F35C2AB132A51DEC,ANARCHI-TEST-CONTENT-25A0A3938CD03CE2,UNADJUDICATED,NONE,,,,,DISCOVERED
ANARCHI-TEST-OCC-F3AFF19628C36CFD,ANARCHI-TEST-CONTENT-24657B6C497EACBF,UNADJUDICATED,NONE,,,,,DISCOVERED
ANARCHI-TEST-OCC-F3B3A676E18A55C4,ANARCHI-TEST-CONTENT-BD06FB23B6F8FE3A,UNADJUDICATED,NONE,,,,,DISCOVERED
ANARCHI-TEST-OCC-F3BB0D74DB80D6FD,ANARCHI-TEST-CONTENT-E3B0C44298FC1C14,UNADJUDICATED,NONE,,,,,DISCOVERED
ANARCHI-TEST-OCC-F3EAA74CF546FA4C,ANARCHI-TEST-CONTENT-1613B36646C3847D,UNADJUDICATED,NONE,,,,,DISCOVERED
ANARCHI-TEST-OCC-F4025B134A8686B5,ANARCHI-TEST-CONTENT-4312424C2F96F56F,UNADJUDICATED,NONE,,,,,DISCOVERED
ANARCHI-TEST-OCC-F40DE349CE87AFD0,ANARCHI-TEST-CONTENT-7C179D1EDF37F7E9,UNADJUDICATED,NONE,,,,,DISCOVERED
ANARCHI-TEST-OCC-F438FED98C5FE137,ANARCHI-TEST-CONTENT-485BC97EB071ADE3,UNADJUDICATED,NONE,,,,,DISCOVERED
ANARCHI-TEST-OCC-F44D0E62C9E2E53F,ANARCHI-TEST-CONTENT-FD893FF2741A1E6C,UNADJUDICATED,NONE,,,,,DISCOVERED
ANARCHI-TEST-OCC-F47193140341E009,ANARCHI-TEST-CONTENT-150BD47EC8D328BF,UNADJUDICATED,NONE,,,,,DISCOVERED
ANARCHI-TEST-OCC-F4834696C6E18063,ANARCHI-TEST-CONTENT-DBF154FC6F278D26,UNADJUDICATED,NONE,,,,,DISCOVERED
ANARCHI-TEST-OCC-F4883C072E6CAC61,ANARCHI-TEST-CONTENT-96097AC3777B59A4,UNADJUDICATED,NONE,,,,,DISCOVERED
ANARCHI-TEST-OCC-F49484F25C42677D,ANARCHI-TEST-CONTENT-2D3F51E60BBFEF43,UNADJUDICATED,NONE,,,,,DISCOVERED
ANARCHI-TEST-OCC-F4D1772D8C2ECBA6,ANARCHI-TEST-CONTENT-15C8C07D99E06114,UNADJUDICATED,NONE,,,,,DISCOVERED
ANARCHI-TEST-OCC-F4D883CFB8C6E90F,ANARCHI-TEST-CONTENT-E3B0C44298FC1C14,UNADJUDICATED,NONE,,,,,DISCOVERED
ANARCHI-TEST-OCC-F4E3605E142D58E9,ANARCHI-TEST-CONTENT-EC5D092766B3A94D,UNADJUDICATED,NONE,,,,,DISCOVERED
ANARCHI-TEST-OCC-F53ED5CFF230A002,ANARCHI-TEST-CONTENT-249CD7CAE07D7DB0,UNADJUDICATED,NONE,,,,,DISCOVERED
ANARCHI-TEST-OCC-F5585F686D0399D5,ANARCHI-TEST-CONTENT-B5B40797F55362E2,UNADJUDICATED,NONE,,,,,DISCOVERED
ANARCHI-TEST-OCC-F568941828145419,ANARCHI-TEST-CONTENT-15E5620EB5083486,UNADJUDICATED,NONE,,,,,DISCOVERED
ANARCHI-TEST-OCC-F58502A2C10FD30D,ANARCHI-TEST-CONTENT-24657B6C497EACBF,UNADJUDICATED,NONE,,,,,DISCOVERED
ANARCHI-TEST-OCC-F59020FB428F9568,ANARCHI-TEST-CONTENT-A0E95DB6A347AE0E,UNADJUDICATED,NONE,,,,,DISCOVERED
ANARCHI-TEST-OCC-F5AE811D206B02D3,ANARCHI-TEST-CONTENT-8FFF589CB0949DF3,UNADJUDICATED,NONE,,,,,DISCOVERED
ANARCHI-TEST-OCC-F5F9FF528DEC822A,ANARCHI-TEST-CONTENT-36EA09B498B7465A,UNADJUDICATED,NONE,,,,,DISCOVERED
ANARCHI-TEST-OCC-F600C02100B975AC,ANARCHI-TEST-CONTENT-46F7EDB9F9DC050E,UNADJUDICATED,NONE,,,,,DISCOVERED
ANARCHI-TEST-OCC-F60EC512D0EAC086,ANARCHI-TEST-CONTENT-4D202D8062202BF2,UNADJUDICATED,NONE,,,,,DISCOVERED
ANARCHI-TEST-OCC-F621F52DAB878615,ANARCHI-TEST-CONTENT-5E6F977BBA860022,UNADJUDICATED,NONE,,,,,DISCOVERED
ANARCHI-TEST-OCC-F625E833150DB7E7,ANARCHI-TEST-CONTENT-D6906A23D6824813,UNADJUDICATED,NONE,,,,,DISCOVERED
ANARCHI-TEST-OCC-F62736DFF72ED686,ANARCHI-TEST-CONTENT-7349C09C56BA9A32,UNADJUDICATED,NONE,,,,,DISCOVERED
ANARCHI-TEST-OCC-F628346F8F154B84,ANARCHI-TEST-CONTENT-EFA3DA2E9FC277D0,UNADJUDICATED,NONE,,,,,DISCOVERED
ANARCHI-TEST-OCC-F62E3FDD573D7369,ANARCHI-TEST-CONTENT-8CCB7D84DF7999D8,UNADJUDICATED,NONE,,,,,DISCOVERED
ANARCHI-TEST-OCC-F640DD5E6530E994,ANARCHI-TEST-CONTENT-242B177C969AE22E,UNADJUDICATED,NONE,,,,,DISCOVERED
ANARCHI-TEST-OCC-F64856674C041E1A,ANARCHI-TEST-CONTENT-430B8575B942176F,UNADJUDICATED,NONE,,,,,DISCOVERED
ANARCHI-TEST-OCC-F64E770F7032AEBA,ANARCHI-TEST-CONTENT-9E5BC82ACD5C41CA,UNADJUDICATED,NONE,,,,,DISCOVERED
ANARCHI-TEST-OCC-F651B87D42F400E6,ANARCHI-TEST-CONTENT-80FB1104D347C1CE,UNADJUDICATED,NONE,,,,,DISCOVERED
ANARCHI-TEST-OCC-F6658670A772C735,ANARCHI-TEST-CONTENT-8A602B39DFB26903,UNADJUDICATED,NONE,,,,,DISCOVERED
ANARCHI-TEST-OCC-F683988293D10270,ANARCHI-TEST-CONTENT-6A9D3A0B46B47465,UNADJUDICATED,NONE,,,,,DISCOVERED
ANARCHI-TEST-OCC-F686A21324DB8659,ANARCHI-TEST-CONTENT-F69FD1C0329E1BFF,UNADJUDICATED,NONE,,,,,DISCOVERED
ANARCHI-TEST-OCC-F688D715DB78C4B7,ANARCHI-TEST-CONTENT-05B3F2F977F21F02,UNADJUDICATED,NONE,,,,,DISCOVERED
ANARCHI-TEST-OCC-F6AA80712A914727,ANARCHI-TEST-CONTENT-12098571044671C2,UNADJUDICATED,NONE,,,,,DISCOVERED
ANARCHI-TEST-OCC-F6AD6DC4EF40B713,ANARCHI-TEST-CONTENT-CB0CCA2805D13E76,UNADJUDICATED,NONE,,,,,DISCOVERED
ANARCHI-TEST-OCC-F6CF6DDB195F90D7,ANARCHI-TEST-CONTENT-393269D0DC63895B,UNADJUDICATED,NONE,,,,,DISCOVERED
ANARCHI-TEST-OCC-F6D88D8E5EA082F4,ANARCHI-TEST-CONTENT-C87E08BC2B0109BF,UNADJUDICATED,NONE,,,,,DISCOVERED
ANARCHI-TEST-OCC-F6D8955801D830CA,ANARCHI-TEST-CONTENT-4F4CF6A2A027E012,UNADJUDICATED,NONE,,,,,DISCOVERED
ANARCHI-TEST-OCC-F6D8B99C334032FB,ANARCHI-TEST-CONTENT-6DE09E82AFECB4E7,UNADJUDICATED,NONE,,,,,DISCOVERED
ANARCHI-TEST-OCC-F6DE0893EAE51D2A,ANARCHI-TEST-CONTENT-E9CAC87B3A43CF81,UNADJUDICATED,NONE,,,,,DISCOVERED
ANARCHI-TEST-OCC-F6EB226703A64D96,ANARCHI-TEST-CONTENT-156900DCD3D74FCC,UNADJUDICATED,NONE,,,,,DISCOVERED
ANARCHI-TEST-OCC-F6EF1D47689A070F,ANARCHI-TEST-CONTENT-0CC5F6568966FEA1,UNADJUDICATED,NONE,,,,,DISCOVERED
ANARCHI-TEST-OCC-F6EF6AFE08A55AB6,ANARCHI-TEST-CONTENT-581F380F05F0775C,UNADJUDICATED,NONE,,,,,DISCOVERED
ANARCHI-TEST-OCC-F720304F842471D7,ANARCHI-TEST-CONTENT-CFD0D476DF0ADE56,UNADJUDICATED,NONE,,,,,DISCOVERED
ANARCHI-TEST-OCC-F727667D0E7B3F51,ANARCHI-TEST-CONTENT-04261F5B3DDCE0C3,UNADJUDICATED,NONE,,,,,DISCOVERED
ANARCHI-TEST-OCC-F72E81717088B8AC,ANARCHI-TEST-CONTENT-4B561AD75CF1A49B,UNADJUDICATED,NONE,,,,,DISCOVERED
ANARCHI-TEST-OCC-F7316AADB44E0CC5,ANARCHI-TEST-CONTENT-AA168F26EEC9ABF3,UNADJUDICATED,NONE,,,,,DISCOVERED
ANARCHI-TEST-OCC-F7762E1F6F04D85E,ANARCHI-TEST-CONTENT-F5D4D3F848D97411,UNADJUDICATED,NONE,,,,,DISCOVERED
ANARCHI-TEST-OCC-F7762EB553845613,ANARCHI-TEST-CONTENT-12098571044671C2,UNADJUDICATED,NONE,,,,,DISCOVERED
ANARCHI-TEST-OCC-F789D256F56A0B43,ANARCHI-TEST-CONTENT-5B8B4A00AADD44D2,UNADJUDICATED,NONE,,,,,DISCOVERED
ANARCHI-TEST-OCC-F792028A12312FA1,ANARCHI-TEST-CONTENT-D834483954BAA7E6,UNADJUDICATED,NONE,,,,,DISCOVERED
ANARCHI-TEST-OCC-F7EA7E50DFB79A9C,ANARCHI-TEST-CONTENT-1ACA35F0A2B34B00,UNADJUDICATED,NONE,,,,,DISCOVERED
ANARCHI-TEST-OCC-F7F4BDAA75FDA79A,ANARCHI-TEST-CONTENT-3E0DBA2D1A6FD324,UNADJUDICATED,NONE,,,,,DISCOVERED
ANARCHI-TEST-OCC-F832C8FC7AB13F54,ANARCHI-TEST-CONTENT-24657B6C497EACBF,UNADJUDICATED,NONE,,,,,DISCOVERED
ANARCHI-TEST-OCC-F833ACCFFF8F0191,ANARCHI-TEST-CONTENT-8AD6FC27CDC59E7B,UNADJUDICATED,NONE,,,,,DISCOVERED
ANARCHI-TEST-OCC-F83B0A8EF98D2278,ANARCHI-TEST-CONTENT-3E0DBA2D1A6FD324,UNADJUDICATED,NONE,,,,,DISCOVERED
ANARCHI-TEST-OCC-F83F74AD7A231CF9,ANARCHI-TEST-CONTENT-74A67DB6AA0661C1,UNADJUDICATED,NONE,,,,,DISCOVERED
ANARCHI-TEST-OCC-F85548F962B744AC,ANARCHI-TEST-CONTENT-A9D0BBFE5910BDA1,UNADJUDICATED,NONE,,,,,DISCOVERED
ANARCHI-TEST-OCC-F88DD9C9EE262CCE,ANARCHI-TEST-CONTENT-36F95DF1FB09EFFC,UNADJUDICATED,NONE,,,,,DISCOVERED
ANARCHI-TEST-OCC-F897985506B02395,ANARCHI-TEST-CONTENT-A5A97AF71785FE08,UNADJUDICATED,NONE,,,,,DISCOVERED
ANARCHI-TEST-OCC-F89B9D2CA0C19545,ANARCHI-TEST-CONTENT-6A299451A98BD4D2,UNADJUDICATED,NONE,,,,,DISCOVERED
ANARCHI-TEST-OCC-F8BE86AB8EF7E4F4,ANARCHI-TEST-CONTENT-A349199F7A1A3227,UNADJUDICATED,NONE,,,,,DISCOVERED
ANARCHI-TEST-OCC-F8C688AABC466051,ANARCHI-TEST-CONTENT-EE77BB1881BF8B4B,UNADJUDICATED,NONE,,,,,DISCOVERED
ANARCHI-TEST-OCC-F8EF1932B00B5236,ANARCHI-TEST-CONTENT-CF4EA555882ADDC8,UNADJUDICATED,NONE,,,,,DISCOVERED
ANARCHI-TEST-OCC-F917A9D44FA5C2B7,ANARCHI-TEST-CONTENT-FAA583AF95B197C8,UNADJUDICATED,NONE,,,,,DISCOVERED
ANARCHI-TEST-OCC-F91FA30FA396C778,ANARCHI-TEST-CONTENT-BD7E6E547C3DF948,UNADJUDICATED,NONE,,,,,DISCOVERED
ANARCHI-TEST-OCC-F924F14AD2E4C161,ANARCHI-TEST-CONTENT-BACF04EE90D8A2BD,UNADJUDICATED,NONE,,,,,DISCOVERED
ANARCHI-TEST-OCC-F926B998A6DBC99D,ANARCHI-TEST-CONTENT-15E5620EB5083486,UNADJUDICATED,NONE,,,,,DISCOVERED
ANARCHI-TEST-OCC-F952889017AF1530,ANARCHI-TEST-CONTENT-C3435C7EFDB5803E,UNADJUDICATED,NONE,,,,,DISCOVERED
ANARCHI-TEST-OCC-F955E0D3EB003630,ANARCHI-TEST-CONTENT-8BEAA17D56268FAC,UNADJUDICATED,NONE,,,,,DISCOVERED
ANARCHI-TEST-OCC-F9576A4DFEEFCC04,ANARCHI-TEST-CONTENT-8C1985D381FA6F51,UNADJUDICATED,NONE,,,,,DISCOVERED
ANARCHI-TEST-OCC-F95A938CC846EBA8,ANARCHI-TEST-CONTENT-B66FD61DEA28DACA,UNADJUDICATED,NONE,,,,,DISCOVERED
ANARCHI-TEST-OCC-F9655935969B241A,ANARCHI-TEST-CONTENT-24E8C7E46E863DF7,UNADJUDICATED,NONE,,,,,DISCOVERED
ANARCHI-TEST-OCC-F996816EC21EF1F1,ANARCHI-TEST-CONTENT-5760C723AABAC587,UNADJUDICATED,NONE,,,,,DISCOVERED
ANARCHI-TEST-OCC-F99D9A8B226D1725,ANARCHI-TEST-CONTENT-A569F95049B5E602,UNADJUDICATED,NONE,,,,,DISCOVERED
ANARCHI-TEST-OCC-F9A1CA222992FEA7,ANARCHI-TEST-CONTENT-6F8ED5CB07689A83,UNADJUDICATED,NONE,,,,,DISCOVERED
ANARCHI-TEST-OCC-F9C199383478A389,ANARCHI-TEST-CONTENT-6CBB48D96597A231,UNADJUDICATED,NONE,,,,,DISCOVERED
ANARCHI-TEST-OCC-F9F6E9B63CE943EF,ANARCHI-TEST-CONTENT-E3B0C44298FC1C14,UNADJUDICATED,NONE,,,,,DISCOVERED
ANARCHI-TEST-OCC-FA0358CEC149EE2D,ANARCHI-TEST-CONTENT-C04367804994731D,UNADJUDICATED,NONE,,,,,DISCOVERED
ANARCHI-TEST-OCC-FA2A69E87F0D4B03,ANARCHI-TEST-CONTENT-2A38B0ABD05BE8DF,UNADJUDICATED,NONE,,,,,DISCOVERED
ANARCHI-TEST-OCC-FA3B57D7B0595409,ANARCHI-TEST-CONTENT-1C4144297E6D3FA4,UNADJUDICATED,NONE,,,,,DISCOVERED
ANARCHI-TEST-OCC-FA41873839641E54,ANARCHI-TEST-CONTENT-8D11EA9C654FCC23,UNADJUDICATED,NONE,,,,,DISCOVERED
ANARCHI-TEST-OCC-FA449FBEC7E3C9D0,ANARCHI-TEST-CONTENT-872C11A1795C3CF0,UNADJUDICATED,NONE,,,,,DISCOVERED
ANARCHI-TEST-OCC-FA5894532CAFB4F5,ANARCHI-TEST-CONTENT-E3B0C44298FC1C14,UNADJUDICATED,NONE,,,,,DISCOVERED
ANARCHI-TEST-OCC-FA5C43CABBF5A803,ANARCHI-TEST-CONTENT-252BBA6251AD3CFF,UNADJUDICATED,NONE,,,,,DISCOVERED
ANARCHI-TEST-OCC-FA778F489F50EC3F,ANARCHI-TEST-CONTENT-B1D8761C08599B56,UNADJUDICATED,NONE,,,,,DISCOVERED
ANARCHI-TEST-OCC-FAA5A2A8C22CE3B5,ANARCHI-TEST-CONTENT-074051289D126D3F,UNADJUDICATED,NONE,,,,,DISCOVERED
ANARCHI-TEST-OCC-FABCD139B8D2154C,ANARCHI-TEST-CONTENT-220207D94FB32F20,UNADJUDICATED,NONE,,,,,DISCOVERED
ANARCHI-TEST-OCC-FAE67E27A840F2A4,ANARCHI-TEST-CONTENT-8232CC3252637413,UNADJUDICATED,NONE,,,,,DISCOVERED
ANARCHI-TEST-OCC-FB0C0C7B2CF32E42,ANARCHI-TEST-CONTENT-95E159DAB246AD62,UNADJUDICATED,NONE,,,,,DISCOVERED
ANARCHI-TEST-OCC-FB38E5381358B5FC,ANARCHI-TEST-CONTENT-0CBE6654DC08E7F2,UNADJUDICATED,NONE,,,,,DISCOVERED
ANARCHI-TEST-OCC-FB5781A8C160B9E9,ANARCHI-TEST-CONTENT-E6E186298A003880,UNADJUDICATED,NONE,,,,,DISCOVERED
ANARCHI-TEST-OCC-FB5DB2CAEBFBD542,ANARCHI-TEST-CONTENT-E3B0C44298FC1C14,UNADJUDICATED,NONE,,,,,DISCOVERED
ANARCHI-TEST-OCC-FB5E93DF193CA7AB,ANARCHI-TEST-CONTENT-1FB485C695959C5E,UNADJUDICATED,NONE,,,,,DISCOVERED
ANARCHI-TEST-OCC-FB6171596DD93B8C,ANARCHI-TEST-CONTENT-E3B0C44298FC1C14,UNADJUDICATED,NONE,,,,,DISCOVERED
ANARCHI-TEST-OCC-FB62436A151A38DA,ANARCHI-TEST-CONTENT-8CCB7D84DF7999D8,UNADJUDICATED,NONE,,,,,DISCOVERED
ANARCHI-TEST-OCC-FB7E671B740C242C,ANARCHI-TEST-CONTENT-3DE5C95D6153C2D0,UNADJUDICATED,NONE,,,,,DISCOVERED
ANARCHI-TEST-OCC-FB8503270B1CB80E,ANARCHI-TEST-CONTENT-D6529255A612F761,UNADJUDICATED,NONE,,,,,DISCOVERED
ANARCHI-TEST-OCC-FB888FD8987ADF13,ANARCHI-TEST-CONTENT-DAA3E1CD01C50208,UNADJUDICATED,NONE,,,,,DISCOVERED
ANARCHI-TEST-OCC-FB9619B00A9C31B7,ANARCHI-TEST-CONTENT-250D1E29E721067A,UNADJUDICATED,NONE,,,,,DISCOVERED
ANARCHI-TEST-OCC-FB9B1BFB43A09FB0,ANARCHI-TEST-CONTENT-D7384CCFDE3C42DD,UNADJUDICATED,NONE,,,,,DISCOVERED
ANARCHI-TEST-OCC-FB9F34C4AA837708,ANARCHI-TEST-CONTENT-1364F86BCD972136,UNADJUDICATED,NONE,,,,,DISCOVERED
ANARCHI-TEST-OCC-FBA75BBFF550C03D,ANARCHI-TEST-CONTENT-BB0ECFD89440E2FD,UNADJUDICATED,NONE,,,,,DISCOVERED
ANARCHI-TEST-OCC-FBA8A7BB114B5059,ANARCHI-TEST-CONTENT-F5D4D3F848D97411,UNADJUDICATED,NONE,,,,,DISCOVERED
ANARCHI-TEST-OCC-FBBB4D6C1321A5A6,ANARCHI-TEST-CONTENT-777355F1B4C1ACD2,UNADJUDICATED,NONE,,,,,DISCOVERED
ANARCHI-TEST-OCC-FBBC54A1A6004FCF,ANARCHI-TEST-CONTENT-FA8441E2459E893D,UNADJUDICATED,NONE,,,,,DISCOVERED
ANARCHI-TEST-OCC-FBD9C7B4B56BB52F,ANARCHI-TEST-CONTENT-FD71868556822505,UNADJUDICATED,NONE,,,,,DISCOVERED
ANARCHI-TEST-OCC-FBE93C8F8E181B4C,ANARCHI-TEST-CONTENT-E88FB65ED96C63A9,UNADJUDICATED,NONE,,,,,DISCOVERED
ANARCHI-TEST-OCC-FBEA98AB0F98106B,ANARCHI-TEST-CONTENT-35AD37F91031C791,UNADJUDICATED,NONE,,,,,DISCOVERED
ANARCHI-TEST-OCC-FBF14DEEFA28CC30,ANARCHI-TEST-CONTENT-15F25D55102D788A,UNADJUDICATED,NONE,,,,,DISCOVERED
ANARCHI-TEST-OCC-FBF898FAAD3821EB,ANARCHI-TEST-CONTENT-6FBEA84BA1248C31,UNADJUDICATED,NONE,,,,,DISCOVERED
ANARCHI-TEST-OCC-FC125149794C62AA,ANARCHI-TEST-CONTENT-8AD04C83C475ADA1,UNADJUDICATED,NONE,,,,,DISCOVERED
ANARCHI-TEST-OCC-FC1666E920950F99,ANARCHI-TEST-CONTENT-E3B0C44298FC1C14,UNADJUDICATED,NONE,,,,,DISCOVERED
ANARCHI-TEST-OCC-FC30F9AC0B688532,ANARCHI-TEST-CONTENT-15E5620EB5083486,UNADJUDICATED,NONE,,,,,DISCOVERED
ANARCHI-TEST-OCC-FC4715BB470B056E,ANARCHI-TEST-CONTENT-BC0C70AAE73C02B4,UNADJUDICATED,NONE,,,,,DISCOVERED
ANARCHI-TEST-OCC-FC66E7A4DCFEFED3,ANARCHI-TEST-CONTENT-40C5C9C3FEA61420,UNADJUDICATED,NONE,,,,,DISCOVERED
ANARCHI-TEST-OCC-FC7E4894D3B96D68,ANARCHI-TEST-CONTENT-4E9330B3BB604076,UNADJUDICATED,NONE,,,,,DISCOVERED
ANARCHI-TEST-OCC-FC8D0001940877C0,ANARCHI-TEST-CONTENT-E3B0C44298FC1C14,UNADJUDICATED,NONE,,,,,DISCOVERED
ANARCHI-TEST-OCC-FC9C1A289E5EE325,ANARCHI-TEST-CONTENT-4BBF5436C1A1116E,UNADJUDICATED,NONE,,,,,DISCOVERED
ANARCHI-TEST-OCC-FCA911E0555C3B68,ANARCHI-TEST-CONTENT-2F80D873A07240C0,UNADJUDICATED,NONE,,,,,DISCOVERED
ANARCHI-TEST-OCC-FCC312AE8AE4E8AC,ANARCHI-TEST-CONTENT-259C32885512ED57,UNADJUDICATED,NONE,,,,,DISCOVERED
ANARCHI-TEST-OCC-FCC5BA945AFB5B09,ANARCHI-TEST-CONTENT-4C7E1BF59FEC3065,UNADJUDICATED,NONE,,,,,DISCOVERED
ANARCHI-TEST-OCC-FCD9A2BD35CA58A2,ANARCHI-TEST-CONTENT-217C85C98CE2DDA2,UNADJUDICATED,NONE,,,,,DISCOVERED
ANARCHI-TEST-OCC-FCF64AD32C610501,ANARCHI-TEST-CONTENT-E3B0C44298FC1C14,UNADJUDICATED,NONE,,,,,DISCOVERED
ANARCHI-TEST-OCC-FCF9B3179D809ACF,ANARCHI-TEST-CONTENT-CBE7B230E08348FB,UNADJUDICATED,NONE,,,,,DISCOVERED
ANARCHI-TEST-OCC-FD08F1DF5949CE2D,ANARCHI-TEST-CONTENT-5A962D772F9CE11E,UNADJUDICATED,NONE,,,,,DISCOVERED
ANARCHI-TEST-OCC-FD18E1A2642DE9FF,ANARCHI-TEST-CONTENT-7C179D1EDF37F7E9,UNADJUDICATED,NONE,,,,,DISCOVERED
ANARCHI-TEST-OCC-FD1BAEEAE27D2252,ANARCHI-TEST-CONTENT-89B4CC22E89E3CF1,UNADJUDICATED,NONE,,,,,DISCOVERED
ANARCHI-TEST-OCC-FD383C449618CEDF,ANARCHI-TEST-CONTENT-A6B7E2A16986E114,UNADJUDICATED,NONE,,,,,DISCOVERED
ANARCHI-TEST-OCC-FD43B98F23120A17,ANARCHI-TEST-CONTENT-B26A5A7A71BDD2B0,UNADJUDICATED,NONE,,,,,DISCOVERED
ANARCHI-TEST-OCC-FD458E165C4DAEC6,ANARCHI-TEST-CONTENT-CB39235ABB52454A,UNADJUDICATED,NONE,,,,,DISCOVERED
ANARCHI-TEST-OCC-FD458FB256160F1F,ANARCHI-TEST-CONTENT-C0EF43F8B70C304C,UNADJUDICATED,NONE,,,,,DISCOVERED
ANARCHI-TEST-OCC-FD4F3AEBD6086600,ANARCHI-TEST-CONTENT-15E5620EB5083486,UNADJUDICATED,NONE,,,,,DISCOVERED
ANARCHI-TEST-OCC-FD545EBAF757E525,ANARCHI-TEST-CONTENT-B538C3AC1DECC35D,UNADJUDICATED,NONE,,,,,DISCOVERED
ANARCHI-TEST-OCC-FD9CE13BFBE8A135,ANARCHI-TEST-CONTENT-6C12D0636052AC57,UNADJUDICATED,NONE,,,,,DISCOVERED
ANARCHI-TEST-OCC-FDAEC62602689EF5,ANARCHI-TEST-CONTENT-24657B6C497EACBF,UNADJUDICATED,NONE,,,,,DISCOVERED
ANARCHI-TEST-OCC-FDB2A8E96149BFF9,ANARCHI-TEST-CONTENT-600BF0035D7348A4,UNADJUDICATED,NONE,,,,,DISCOVERED
ANARCHI-TEST-OCC-FDCC2558730BAA49,ANARCHI-TEST-CONTENT-26170091A40C8239,UNADJUDICATED,NONE,,,,,DISCOVERED
ANARCHI-TEST-OCC-FDD52D2BAC4FB0A5,ANARCHI-TEST-CONTENT-51E79E7D77B44CEF,UNADJUDICATED,NONE,,,,,DISCOVERED
ANARCHI-TEST-OCC-FDE57E0251B5075F,ANARCHI-TEST-CONTENT-F514883BAD06A84C,UNADJUDICATED,NONE,,,,,DISCOVERED
ANARCHI-TEST-OCC-FDFD19CC3B6F902E,ANARCHI-TEST-CONTENT-531F7E1255232359,UNADJUDICATED,NONE,,,,,DISCOVERED
ANARCHI-TEST-OCC-FE0997E3FBDF98C1,ANARCHI-TEST-CONTENT-AA85853C48F29B98,UNADJUDICATED,NONE,,,,,DISCOVERED
ANARCHI-TEST-OCC-FE1DB914B48001F8,ANARCHI-TEST-CONTENT-B91FB45BEFD7BE04,UNADJUDICATED,NONE,,,,,DISCOVERED
ANARCHI-TEST-OCC-FE1E057347B3F360,ANARCHI-TEST-CONTENT-E1C57F6C090638F0,UNADJUDICATED,NONE,,,,,DISCOVERED
ANARCHI-TEST-OCC-FE33BCF40AFAA280,ANARCHI-TEST-CONTENT-E3B0C44298FC1C14,UNADJUDICATED,NONE,,,,,DISCOVERED
ANARCHI-TEST-OCC-FE705489AFB33D77,ANARCHI-TEST-CONTENT-12098571044671C2,UNADJUDICATED,NONE,,,,,DISCOVERED
ANARCHI-TEST-OCC-FE707104FDC69B5B,ANARCHI-TEST-CONTENT-30C6DC600F2D5FF9,UNADJUDICATED,NONE,,,,,DISCOVERED
ANARCHI-TEST-OCC-FE889B52CA695110,ANARCHI-TEST-CONTENT-1F8AD7D399CE6D24,UNADJUDICATED,NONE,,,,,DISCOVERED
ANARCHI-TEST-OCC-FE8D335072F7608C,ANARCHI-TEST-CONTENT-371EF5DD5EBCBB3E,UNADJUDICATED,NONE,,,,,DISCOVERED
ANARCHI-TEST-OCC-FE8E214000DD8AD9,ANARCHI-TEST-CONTENT-88AA880A3D1B3FB1,UNADJUDICATED,NONE,,,,,DISCOVERED
ANARCHI-TEST-OCC-FE96E1B1543EAD1F,ANARCHI-TEST-CONTENT-42BC8A7DCACBFB39,UNADJUDICATED,NONE,,,,,DISCOVERED
ANARCHI-TEST-OCC-FEA756A303459CDD,ANARCHI-TEST-CONTENT-46F7EDB9F9DC050E,UNADJUDICATED,NONE,,,,,DISCOVERED
ANARCHI-TEST-OCC-FEB1E5E77CC6DFB8,ANARCHI-TEST-CONTENT-AB22A01569AAAEF0,UNADJUDICATED,NONE,,,,,DISCOVERED
ANARCHI-TEST-OCC-FEB482BAFBEB2101,ANARCHI-TEST-CONTENT-BD8D2AD6E10EB85A,UNADJUDICATED,NONE,,,,,DISCOVERED
ANARCHI-TEST-OCC-FEE8848D1BE2295E,ANARCHI-TEST-CONTENT-A8D2E46D257A5187,UNADJUDICATED,NONE,,,,,DISCOVERED
ANARCHI-TEST-OCC-FF08A9297925A478,ANARCHI-TEST-CONTENT-E3B0C44298FC1C14,UNADJUDICATED,NONE,,,,,DISCOVERED
ANARCHI-TEST-OCC-FF2454EFEAB7EEA7,ANARCHI-TEST-CONTENT-E6E186298A003880,UNADJUDICATED,NONE,,,,,DISCOVERED
ANARCHI-TEST-OCC-FF36BF1B2227DA68,ANARCHI-TEST-CONTENT-B8BDA3A6996D7979,UNADJUDICATED,NONE,,,,,DISCOVERED
ANARCHI-TEST-OCC-FF3CD4375F06C5CA,ANARCHI-TEST-CONTENT-1B98862278616E49,UNADJUDICATED,NONE,,,,,DISCOVERED
ANARCHI-TEST-OCC-FF6F99554370498F,ANARCHI-TEST-CONTENT-E08119939472801D,UNADJUDICATED,NONE,,,,,DISCOVERED
ANARCHI-TEST-OCC-FF823E6764DF4389,ANARCHI-TEST-CONTENT-6EC26198C82E47B2,UNADJUDICATED,NONE,,,,,DISCOVERED
ANARCHI-TEST-OCC-FFA506B70638616F,ANARCHI-TEST-CONTENT-4957085FDA2FF3F6,UNADJUDICATED,NONE,,,,,DISCOVERED
ANARCHI-TEST-OCC-FFB69554FAA09BCD,ANARCHI-TEST-CONTENT-3E628960B505CEA3,UNADJUDICATED,NONE,,,,,DISCOVERED
ANARCHI-TEST-OCC-FFBB3F7298C17D90,ANARCHI-TEST-CONTENT-D5B36885E7E9D78F,UNADJUDICATED,NONE,,,,,DISCOVERED
ANARCHI-TEST-OCC-FFF8E904128E1D48,ANARCHI-TEST-CONTENT-4590B12F3C484690,UNADJUDICATED,NONE,,,,,DISCOVERED
ANARCHI-TEST-OCC-FFFE2CDC2EDE6B3C,ANARCHI-TEST-CONTENT-3D27C8E0DB1EB65E,UNADJUDICATED,NONE,,,,,DISCOVERED
