occurrence_id,eligibility,source_dispositions,evidence_refs
ANARCHI-TEST-OCC-000FED281DAE67A0,ELIGIBLE,READY_FOR_BASELINE_EXECUTION_PLANNING,kiln-baseline-preflight-001.csv#row-2575
ANARCHI-TEST-OCC-00180FD38565D36A,ELIGIBLE,READY_FOR_BASELINE_EXECUTION_PLANNING,kiln-baseline-preflight-001.csv#row-2793
ANARCHI-TEST-OCC-001C37BA211C1453,ELIGIBLE,READY_FOR_BASELINE_EXECUTION_PLANNING,kiln-baseline-preflight-001.csv#row-55
ANARCHI-TEST-OCC-00259BE66F14EA62,SUPPORT_ONLY,SUPPORT_ARTIFACT_ONLY,kiln-baseline-preflight-001.csv#row-3075
ANARCHI-TEST-OCC-00538FF6BC3FA56A,RUNNER_BLOCKED,RUNNER_RECONCILIATION_REQUIRED,kiln-baseline-preflight-001.csv#row-3011
ANARCHI-TEST-OCC-0069F8DF6593FFE5,SUPPORT_ONLY,SUPPORT_ARTIFACT_ONLY,kiln-baseline-preflight-001.csv#row-910
ANARCHI-TEST-OCC-0073B7FC77A1E2B9,REQUIRES_ISOLATION,ISOLATION_TOPOLOGY_REQUIRED,kiln-baseline-preflight-001.csv#row-3
ANARCHI-TEST-OCC-007918A06434AC43,REQUIRES_ISOLATION,ISOLATION_TOPOLOGY_REQUIRED,kiln-baseline-preflight-001.csv#row-722
ANARCHI-TEST-OCC-009350ABCACD19C6,SUPPORT_ONLY,SUPPORT_ARTIFACT_ONLY,kiln-baseline-preflight-001.csv#row-1538
ANARCHI-TEST-OCC-0098555AE5B53C87,SUPPORT_ONLY,SUPPORT_ARTIFACT_ONLY,kiln-baseline-preflight-001.csv#row-3119
ANARCHI-TEST-OCC-00BD17B3C6635251,SUPPORT_ONLY,SUPPORT_ARTIFACT_ONLY,kiln-baseline-preflight-001.csv#row-2007
ANARCHI-TEST-OCC-00E6C8BC7AEC4D46,RUNNER_BLOCKED,RUNNER_RECONCILIATION_REQUIRED,kiln-baseline-preflight-001.csv#row-2747
ANARCHI-TEST-OCC-00E93BCBF11D0727,REQUIRES_ISOLATION,ISOLATION_TOPOLOGY_REQUIRED,kiln-baseline-preflight-001.csv#row-1655
ANARCHI-TEST-OCC-00F8C36D080320F7,ELIGIBLE,READY_FOR_BASELINE_EXECUTION_PLANNING,kiln-baseline-preflight-001.csv#row-33
ANARCHI-TEST-OCC-00FC453A9C8AFC0F,ELIGIBLE,READY_FOR_BASELINE_EXECUTION_PLANNING,kiln-baseline-preflight-001.csv#row-2378
ANARCHI-TEST-OCC-00FC5BB382A04AD8,REQUIRES_ISOLATION,READY_BUT_DIRTY_REPOSITORY,kiln-baseline-preflight-001.csv#row-3081
ANARCHI-TEST-OCC-00FE24FCCC4CE79F,REQUIRES_SANDBOX,SANDBOX_TOPOLOGY_REQUIRED,kiln-baseline-preflight-001.csv#row-82
ANARCHI-TEST-OCC-0118C38DDF2FC38C,REQUIRES_ISOLATION,ISOLATION_TOPOLOGY_REQUIRED,kiln-baseline-preflight-001.csv#row-425
ANARCHI-TEST-OCC-0133E4F40E3EF61F,REQUIRES_ISOLATION,ISOLATION_TOPOLOGY_REQUIRED,kiln-baseline-preflight-001.csv#row-977
ANARCHI-TEST-OCC-013FB736E0D045E1,SUPPORT_ONLY,SUPPORT_ARTIFACT_ONLY,kiln-baseline-preflight-001.csv#row-1830
ANARCHI-TEST-OCC-018D15E54A1C1E89,ELIGIBLE,READY_FOR_BASELINE_EXECUTION_PLANNING,kiln-baseline-preflight-001.csv#row-2471
ANARCHI-TEST-OCC-019E52214A368ABA,ELIGIBLE,READY_FOR_BASELINE_EXECUTION_PLANNING,kiln-baseline-preflight-001.csv#row-532
ANARCHI-TEST-OCC-01A440EFA038D29D,ELIGIBLE,READY_FOR_BASELINE_EXECUTION_PLANNING,kiln-baseline-preflight-001.csv#row-224
ANARCHI-TEST-OCC-01A6C68A8EA8B5BC,ELIGIBLE,READY_FOR_BASELINE_EXECUTION_PLANNING,kiln-baseline-preflight-001.csv#row-467
ANARCHI-TEST-OCC-01ABA5944A3C80AF,ELIGIBLE,READY_FOR_BASELINE_EXECUTION_PLANNING,kiln-baseline-preflight-001.csv#row-2065
ANARCHI-TEST-OCC-01B9B20323D26897,REQUIRES_ISOLATION,ISOLATION_TOPOLOGY_REQUIRED,kiln-baseline-preflight-001.csv#row-2634
ANARCHI-TEST-OCC-01C127B08FAEA430,ELIGIBLE,READY_FOR_BASELINE_EXECUTION_PLANNING,kiln-baseline-preflight-001.csv#row-3021
ANARCHI-TEST-OCC-01DE23E01D8CAE91,ELIGIBLE,READY_FOR_BASELINE_EXECUTION_PLANNING,kiln-baseline-preflight-001.csv#row-2680
ANARCHI-TEST-OCC-01FAE78E8EE89CDD,SUPPORT_ONLY,SUPPORT_ARTIFACT_ONLY,kiln-baseline-preflight-001.csv#row-1542
ANARCHI-TEST-OCC-01FD6DC45A01715F,ELIGIBLE,READY_FOR_BASELINE_EXECUTION_PLANNING,kiln-baseline-preflight-001.csv#row-1491
ANARCHI-TEST-OCC-0227B2B70B19E2A9,SUPPORT_ONLY,SUPPORT_ARTIFACT_ONLY,kiln-baseline-preflight-001.csv#row-1706
ANARCHI-TEST-OCC-022A5C7FF24D1FED,ELIGIBLE,READY_FOR_BASELINE_EXECUTION_PLANNING,kiln-baseline-preflight-001.csv#row-1991
ANARCHI-TEST-OCC-022FB46B3924CF39,RUNNER_BLOCKED,RUNNER_RECONCILIATION_REQUIRED,kiln-baseline-preflight-001.csv#row-442
ANARCHI-TEST-OCC-02301384122D631A,SUPPORT_ONLY,SUPPORT_ARTIFACT_ONLY,kiln-baseline-preflight-001.csv#row-1731
ANARCHI-TEST-OCC-0235D3AEAFB78AC1,RUNNER_BLOCKED,RUNNER_RECONCILIATION_REQUIRED,kiln-baseline-preflight-001.csv#row-3029
ANARCHI-TEST-OCC-023C7E6DE01F3363,REQUIRES_ISOLATION,ISOLATION_TOPOLOGY_REQUIRED,kiln-baseline-preflight-001.csv#row-2821
ANARCHI-TEST-OCC-024C5A175AF6FA8F,ELIGIBLE,READY_FOR_BASELINE_EXECUTION_PLANNING,kiln-baseline-preflight-001.csv#row-144
ANARCHI-TEST-OCC-0262F10473685F3F,ELIGIBLE,READY_FOR_BASELINE_EXECUTION_PLANNING,kiln-baseline-preflight-001.csv#row-201
ANARCHI-TEST-OCC-026B4BDAC569216C,ELIGIBLE,READY_FOR_BASELINE_EXECUTION_PLANNING,kiln-baseline-preflight-001.csv#row-105
ANARCHI-TEST-OCC-028D65E602D92334,REQUIRES_ISOLATION,ISOLATION_TOPOLOGY_REQUIRED,kiln-baseline-preflight-001.csv#row-3061
ANARCHI-TEST-OCC-02942CEC90D63063,ELIGIBLE,READY_FOR_BASELINE_EXECUTION_PLANNING,kiln-baseline-preflight-001.csv#row-565
ANARCHI-TEST-OCC-0297B01A5DAAD1FC,RUNNER_BLOCKED,RUNNER_RECONCILIATION_REQUIRED,kiln-baseline-preflight-001.csv#row-1775
ANARCHI-TEST-OCC-029E1E804DFA2CA2,SUPPORT_ONLY,SUPPORT_ARTIFACT_ONLY,kiln-baseline-preflight-001.csv#row-1881
ANARCHI-TEST-OCC-02A2EE90A9ABBCBA,ELIGIBLE,READY_FOR_BASELINE_EXECUTION_PLANNING,kiln-baseline-preflight-001.csv#row-1467
ANARCHI-TEST-OCC-02B2F1E58E27391D,ELIGIBLE,READY_FOR_BASELINE_EXECUTION_PLANNING,kiln-baseline-preflight-001.csv#row-1381
ANARCHI-TEST-OCC-02BB154B0E896908,SUPPORT_ONLY,SUPPORT_ARTIFACT_ONLY,kiln-baseline-preflight-001.csv#row-1981
ANARCHI-TEST-OCC-02C64B2254387D02,REQUIRES_ISOLATION,ISOLATION_TOPOLOGY_REQUIRED,kiln-baseline-preflight-001.csv#row-1000
ANARCHI-TEST-OCC-02EA904B0EA4C182,ELIGIBLE,READY_FOR_BASELINE_EXECUTION_PLANNING,kiln-baseline-preflight-001.csv#row-2989
ANARCHI-TEST-OCC-02F67067E35B19E9,ELIGIBLE,READY_FOR_BASELINE_EXECUTION_PLANNING,kiln-baseline-preflight-001.csv#row-2090
ANARCHI-TEST-OCC-02F9627D0CA59E36,ELIGIBLE,READY_FOR_BASELINE_EXECUTION_PLANNING,kiln-baseline-preflight-001.csv#row-540
ANARCHI-TEST-OCC-030FAD1693EC1FBD,REQUIRES_ISOLATION,READY_BUT_DIRTY_REPOSITORY,kiln-baseline-preflight-001.csv#row-2269
ANARCHI-TEST-OCC-0316390E9E48D344,ELIGIBLE,READY_FOR_BASELINE_EXECUTION_PLANNING,kiln-baseline-preflight-001.csv#row-831
ANARCHI-TEST-OCC-03449058994EEB29,REQUIRES_SANDBOX,SANDBOX_TOPOLOGY_REQUIRED,kiln-baseline-preflight-001.csv#row-264
ANARCHI-TEST-OCC-034E5AB422329BF0,SUPPORT_ONLY,SUPPORT_ARTIFACT_ONLY,kiln-baseline-preflight-001.csv#row-2035
ANARCHI-TEST-OCC-0364E11D58F79EFD,REQUIRES_ISOLATION,ISOLATION_TOPOLOGY_REQUIRED,kiln-baseline-preflight-001.csv#row-3159
ANARCHI-TEST-OCC-036B56BC266807B6,REQUIRES_ISOLATION,ISOLATION_TOPOLOGY_REQUIRED,kiln-baseline-preflight-001.csv#row-2871
ANARCHI-TEST-OCC-037482C9F9BA9893,ELIGIBLE,READY_FOR_BASELINE_EXECUTION_PLANNING,kiln-baseline-preflight-001.csv#row-2554
ANARCHI-TEST-OCC-03900DF89EBE2E64,RUNNER_BLOCKED,RUNNER_RECONCILIATION_REQUIRED,kiln-baseline-preflight-001.csv#row-2651
ANARCHI-TEST-OCC-03BCD6240522385E,ELIGIBLE,READY_FOR_BASELINE_EXECUTION_PLANNING,kiln-baseline-preflight-001.csv#row-3123
ANARCHI-TEST-OCC-03BE93E0CDBF5541,ELIGIBLE,READY_FOR_BASELINE_EXECUTION_PLANNING,kiln-baseline-preflight-001.csv#row-359
ANARCHI-TEST-OCC-03C9660F58E71738,ELIGIBLE,READY_FOR_BASELINE_EXECUTION_PLANNING,kiln-baseline-preflight-001.csv#row-2614
ANARCHI-TEST-OCC-03CD9E7299996563,ELIGIBLE,READY_FOR_BASELINE_EXECUTION_PLANNING,kiln-baseline-preflight-001.csv#row-721
ANARCHI-TEST-OCC-03F11B83BF2167FB,ELIGIBLE,READY_FOR_BASELINE_EXECUTION_PLANNING,kiln-baseline-preflight-001.csv#row-3127
ANARCHI-TEST-OCC-041C5374F79C13CF,REQUIRES_ISOLATION,READY_BUT_DIRTY_REPOSITORY,kiln-baseline-preflight-001.csv#row-1054
ANARCHI-TEST-OCC-042064F2424875EB,ELIGIBLE,READY_FOR_BASELINE_EXECUTION_PLANNING,kiln-baseline-preflight-001.csv#row-778
ANARCHI-TEST-OCC-04411F0F4C89CC66,REQUIRES_ISOLATION,ISOLATION_TOPOLOGY_REQUIRED,kiln-baseline-preflight-001.csv#row-2387
ANARCHI-TEST-OCC-0441A7F6E84161A1,SUPPORT_ONLY,SUPPORT_ARTIFACT_ONLY,kiln-baseline-preflight-001.csv#row-2386
ANARCHI-TEST-OCC-0448B695C8BC7C70,SUPPORT_ONLY,SUPPORT_ARTIFACT_ONLY,kiln-baseline-preflight-001.csv#row-2365
ANARCHI-TEST-OCC-0449A9AD0D342526,ELIGIBLE,READY_FOR_BASELINE_EXECUTION_PLANNING,kiln-baseline-preflight-001.csv#row-2809
ANARCHI-TEST-OCC-04841D909357DCB7,ELIGIBLE,READY_FOR_BASELINE_EXECUTION_PLANNING,kiln-baseline-preflight-001.csv#row-2674
ANARCHI-TEST-OCC-048D8DDA94388B5F,ELIGIBLE,READY_FOR_BASELINE_EXECUTION_PLANNING,kiln-baseline-preflight-001.csv#row-3105
ANARCHI-TEST-OCC-048F4D0AA285484A,REQUIRES_ISOLATION,ISOLATION_TOPOLOGY_REQUIRED,kiln-baseline-preflight-001.csv#row-1442
ANARCHI-TEST-OCC-04966A6A21C81513,REQUIRES_ISOLATION,ISOLATION_TOPOLOGY_REQUIRED,kiln-baseline-preflight-001.csv#row-3251
ANARCHI-TEST-OCC-049C4EAD4AF1B281,SUPPORT_ONLY,SUPPORT_ARTIFACT_ONLY,kiln-baseline-preflight-001.csv#row-2644
ANARCHI-TEST-OCC-04AF096CFC6ED676,SUPPORT_ONLY,SUPPORT_ARTIFACT_ONLY,kiln-baseline-preflight-001.csv#row-310
ANARCHI-TEST-OCC-04D43A57B18B03E4,ELIGIBLE,READY_FOR_BASELINE_EXECUTION_PLANNING,kiln-baseline-preflight-001.csv#row-1099
ANARCHI-TEST-OCC-04D83997AC7544B6,REQUIRES_SANDBOX,SANDBOX_TOPOLOGY_REQUIRED,kiln-baseline-preflight-001.csv#row-902
ANARCHI-TEST-OCC-04DAA968C58789E6,REQUIRES_ISOLATION,ISOLATION_TOPOLOGY_REQUIRED,kiln-baseline-preflight-001.csv#row-3072
ANARCHI-TEST-OCC-04EC0257D9A8BFD4,ELIGIBLE,READY_FOR_BASELINE_EXECUTION_PLANNING,kiln-baseline-preflight-001.csv#row-1305
ANARCHI-TEST-OCC-0520F1043E90BD72,SUPPORT_ONLY,SUPPORT_ARTIFACT_ONLY,kiln-baseline-preflight-001.csv#row-3178
ANARCHI-TEST-OCC-0559946F42F9B50F,REQUIRES_ISOLATION,ISOLATION_TOPOLOGY_REQUIRED,kiln-baseline-preflight-001.csv#row-737
ANARCHI-TEST-OCC-055A5A261B3DE035,ELIGIBLE,READY_FOR_BASELINE_EXECUTION_PLANNING,kiln-baseline-preflight-001.csv#row-123
ANARCHI-TEST-OCC-0583CE04673749B2,REQUIRES_ISOLATION,ISOLATION_TOPOLOGY_REQUIRED,kiln-baseline-preflight-001.csv#row-2641
ANARCHI-TEST-OCC-059DA6D92A07F6C3,ELIGIBLE,READY_FOR_BASELINE_EXECUTION_PLANNING,kiln-baseline-preflight-001.csv#row-3133
ANARCHI-TEST-OCC-05B6E489E740BADD,ELIGIBLE,READY_FOR_BASELINE_EXECUTION_PLANNING,kiln-baseline-preflight-001.csv#row-245
ANARCHI-TEST-OCC-05BCF9F441B21DAA,SUPPORT_ONLY,SUPPORT_ARTIFACT_ONLY,kiln-baseline-preflight-001.csv#row-553
ANARCHI-TEST-OCC-05C695A933C9CBDD,REQUIRES_ISOLATION,ISOLATION_TOPOLOGY_REQUIRED,kiln-baseline-preflight-001.csv#row-1727
ANARCHI-TEST-OCC-05C70015182B494D,ELIGIBLE,READY_FOR_BASELINE_EXECUTION_PLANNING,kiln-baseline-preflight-001.csv#row-2971
ANARCHI-TEST-OCC-05DA94E9EE310503,REQUIRES_ISOLATION,ISOLATION_TOPOLOGY_REQUIRED,kiln-baseline-preflight-001.csv#row-2011
ANARCHI-TEST-OCC-05EE8F283C7B91EF,RUNNER_BLOCKED,RUNNER_RECONCILIATION_REQUIRED,kiln-baseline-preflight-001.csv#row-337
ANARCHI-TEST-OCC-0603645121A17B41,ELIGIBLE,READY_FOR_BASELINE_EXECUTION_PLANNING,kiln-baseline-preflight-001.csv#row-2799
ANARCHI-TEST-OCC-060C6ED682CA2DF2,ELIGIBLE,READY_FOR_BASELINE_EXECUTION_PLANNING,kiln-baseline-preflight-001.csv#row-1406
ANARCHI-TEST-OCC-061176D12D32D993,REQUIRES_ISOLATION,ISOLATION_TOPOLOGY_REQUIRED,kiln-baseline-preflight-001.csv#row-2280
ANARCHI-TEST-OCC-062D8987D77C10BB,RUNNER_BLOCKED,RUNNER_RECONCILIATION_REQUIRED,kiln-baseline-preflight-001.csv#row-3282
ANARCHI-TEST-OCC-062F25A0DC08AB4A,REQUIRES_ISOLATION,READY_BUT_DIRTY_REPOSITORY,kiln-baseline-preflight-001.csv#row-2024
ANARCHI-TEST-OCC-063E4EB5994A6735,REQUIRES_ISOLATION,READY_BUT_DIRTY_REPOSITORY,kiln-baseline-preflight-001.csv#row-1338
ANARCHI-TEST-OCC-064182206FF30CE7,REQUIRES_ISOLATION,ISOLATION_TOPOLOGY_REQUIRED,kiln-baseline-preflight-001.csv#row-1386
ANARCHI-TEST-OCC-06450867B8F51867,ELIGIBLE,READY_FOR_BASELINE_EXECUTION_PLANNING,kiln-baseline-preflight-001.csv#row-87
ANARCHI-TEST-OCC-06535E4423346626,SUPPORT_ONLY,SUPPORT_ARTIFACT_ONLY,kiln-baseline-preflight-001.csv#row-1818
ANARCHI-TEST-OCC-065BD83671C828D8,REQUIRES_ISOLATION,ISOLATION_TOPOLOGY_REQUIRED,kiln-baseline-preflight-001.csv#row-2088
ANARCHI-TEST-OCC-067DD56B08ED0FC4,SUPPORT_ONLY,SUPPORT_ARTIFACT_ONLY,kiln-baseline-preflight-001.csv#row-891
ANARCHI-TEST-OCC-067E57D6F3E168C0,ELIGIBLE,READY_FOR_BASELINE_EXECUTION_PLANNING,kiln-baseline-preflight-001.csv#row-1673
ANARCHI-TEST-OCC-069F7A1FD42D0A63,ELIGIBLE,READY_FOR_BASELINE_EXECUTION_PLANNING,kiln-baseline-preflight-001.csv#row-1726
ANARCHI-TEST-OCC-06D7903EA9D4DEAD,RUNNER_BLOCKED,RUNNER_RECONCILIATION_REQUIRED,kiln-baseline-preflight-001.csv#row-3226
ANARCHI-TEST-OCC-06DAC7A551FD3712,REQUIRES_ISOLATION,ISOLATION_TOPOLOGY_REQUIRED,kiln-baseline-preflight-001.csv#row-1130
ANARCHI-TEST-OCC-06E86E3A54048525,REQUIRES_SANDBOX,SANDBOX_TOPOLOGY_REQUIRED,kiln-baseline-preflight-001.csv#row-3204
ANARCHI-TEST-OCC-07300575CCCE8457,REQUIRES_ISOLATION,READY_BUT_DIRTY_REPOSITORY,kiln-baseline-preflight-001.csv#row-2843
ANARCHI-TEST-OCC-073B3A0CFB1E3063,ELIGIBLE,READY_FOR_BASELINE_EXECUTION_PLANNING,kiln-baseline-preflight-001.csv#row-1733
ANARCHI-TEST-OCC-0763C527E74107A6,REQUIRES_ISOLATION,READY_BUT_DIRTY_REPOSITORY,kiln-baseline-preflight-001.csv#row-1087
ANARCHI-TEST-OCC-077B1AC26BE5EB92,ELIGIBLE,READY_FOR_BASELINE_EXECUTION_PLANNING,kiln-baseline-preflight-001.csv#row-1358
ANARCHI-TEST-OCC-078DFAE1E981DF2D,ELIGIBLE,READY_FOR_BASELINE_EXECUTION_PLANNING,kiln-baseline-preflight-001.csv#row-476
ANARCHI-TEST-OCC-079EE5700E1DC39A,REQUIRES_ISOLATION,ISOLATION_TOPOLOGY_REQUIRED,kiln-baseline-preflight-001.csv#row-370
ANARCHI-TEST-OCC-07C51F8048EA4424,ELIGIBLE,READY_FOR_BASELINE_EXECUTION_PLANNING,kiln-baseline-preflight-001.csv#row-2028
ANARCHI-TEST-OCC-07C9637C2E55C114,ELIGIBLE,READY_FOR_BASELINE_EXECUTION_PLANNING,kiln-baseline-preflight-001.csv#row-1545
ANARCHI-TEST-OCC-07F7CD8A0E6EF881,ELIGIBLE,READY_FOR_BASELINE_EXECUTION_PLANNING,kiln-baseline-preflight-001.csv#row-924
ANARCHI-TEST-OCC-080B0D79AE0DD8ED,REQUIRES_ISOLATION,ISOLATION_TOPOLOGY_REQUIRED,kiln-baseline-preflight-001.csv#row-2823
ANARCHI-TEST-OCC-080DFCC669DF08DF,ELIGIBLE,READY_FOR_BASELINE_EXECUTION_PLANNING,kiln-baseline-preflight-001.csv#row-1395
ANARCHI-TEST-OCC-08351421A5D3B926,RUNNER_BLOCKED,RUNNER_RECONCILIATION_REQUIRED,kiln-baseline-preflight-001.csv#row-3059
ANARCHI-TEST-OCC-08352B7591888CD2,RUNNER_BLOCKED,RUNNER_RECONCILIATION_REQUIRED,kiln-baseline-preflight-001.csv#row-2169
ANARCHI-TEST-OCC-083F361415617752,REQUIRES_ISOLATION,READY_BUT_DIRTY_REPOSITORY,kiln-baseline-preflight-001.csv#row-942
ANARCHI-TEST-OCC-083F8A4C068AEC4C,SUPPORT_ONLY,SUPPORT_ARTIFACT_ONLY,kiln-baseline-preflight-001.csv#row-2164
ANARCHI-TEST-OCC-085F104285EB0375,ELIGIBLE,READY_FOR_BASELINE_EXECUTION_PLANNING,kiln-baseline-preflight-001.csv#row-750
ANARCHI-TEST-OCC-086473371658D6F0,ELIGIBLE,READY_FOR_BASELINE_EXECUTION_PLANNING,kiln-baseline-preflight-001.csv#row-1068
ANARCHI-TEST-OCC-087A958BF0486E3D,REQUIRES_SANDBOX,SANDBOX_TOPOLOGY_REQUIRED,kiln-baseline-preflight-001.csv#row-1671
ANARCHI-TEST-OCC-087E247EAA2D2814,RUNNER_BLOCKED,RUNNER_RECONCILIATION_REQUIRED,kiln-baseline-preflight-001.csv#row-2144
ANARCHI-TEST-OCC-08A00332E1C6B231,ELIGIBLE,READY_FOR_BASELINE_EXECUTION_PLANNING,kiln-baseline-preflight-001.csv#row-1665
ANARCHI-TEST-OCC-08B4ABE78F4622D1,REQUIRES_ISOLATION,ISOLATION_TOPOLOGY_REQUIRED,kiln-baseline-preflight-001.csv#row-860
ANARCHI-TEST-OCC-08CDF6811CA96B57,SUPPORT_ONLY,SUPPORT_ARTIFACT_ONLY,kiln-baseline-preflight-001.csv#row-2538
ANARCHI-TEST-OCC-08D4A6EF354C681F,ELIGIBLE,READY_FOR_BASELINE_EXECUTION_PLANNING,kiln-baseline-preflight-001.csv#row-1790
ANARCHI-TEST-OCC-08EB2679195E6E66,ELIGIBLE,READY_FOR_BASELINE_EXECUTION_PLANNING,kiln-baseline-preflight-001.csv#row-1551
ANARCHI-TEST-OCC-08F554FDC1308FB1,RUNNER_BLOCKED,RUNNER_RECONCILIATION_REQUIRED,kiln-baseline-preflight-001.csv#row-2697
ANARCHI-TEST-OCC-08F940F944BC7B11,ELIGIBLE,READY_FOR_BASELINE_EXECUTION_PLANNING,kiln-baseline-preflight-001.csv#row-1908
ANARCHI-TEST-OCC-0910DA7AEC89EBB4,REQUIRES_ISOLATION,ISOLATION_TOPOLOGY_REQUIRED,kiln-baseline-preflight-001.csv#row-912
ANARCHI-TEST-OCC-0910F9762395D028,RUNNER_BLOCKED,RUNNER_RECONCILIATION_REQUIRED,kiln-baseline-preflight-001.csv#row-2016
ANARCHI-TEST-OCC-091179B076F88888,ELIGIBLE,READY_FOR_BASELINE_EXECUTION_PLANNING,kiln-baseline-preflight-001.csv#row-1269
ANARCHI-TEST-OCC-091443CE572E1137,RUNNER_BLOCKED,RUNNER_RECONCILIATION_REQUIRED,kiln-baseline-preflight-001.csv#row-1951
ANARCHI-TEST-OCC-0926760F674AFAC2,SUPPORT_ONLY,SUPPORT_ARTIFACT_ONLY,kiln-baseline-preflight-001.csv#row-1684
ANARCHI-TEST-OCC-097E5C3F6378FFFD,ELIGIBLE,READY_FOR_BASELINE_EXECUTION_PLANNING,kiln-baseline-preflight-001.csv#row-2812
ANARCHI-TEST-OCC-0989851533035F28,ELIGIBLE,READY_FOR_BASELINE_EXECUTION_PLANNING,kiln-baseline-preflight-001.csv#row-2103
ANARCHI-TEST-OCC-099BF2FD98918A1C,ELIGIBLE,READY_FOR_BASELINE_EXECUTION_PLANNING,kiln-baseline-preflight-001.csv#row-358
ANARCHI-TEST-OCC-09E2175C5B143F74,ELIGIBLE,READY_FOR_BASELINE_EXECUTION_PLANNING,kiln-baseline-preflight-001.csv#row-881
ANARCHI-TEST-OCC-09E9EBE6507B6317,REQUIRES_ISOLATION,READY_BUT_DIRTY_REPOSITORY,kiln-baseline-preflight-001.csv#row-1838
ANARCHI-TEST-OCC-09EEC883F1B2B90F,RUNNER_BLOCKED,RUNNER_RECONCILIATION_REQUIRED,kiln-baseline-preflight-001.csv#row-2690
ANARCHI-TEST-OCC-09F7B4541CBCAC81,SUPPORT_ONLY,SUPPORT_ARTIFACT_ONLY,kiln-baseline-preflight-001.csv#row-551
ANARCHI-TEST-OCC-0A1FFE4553E76B91,REQUIRES_ISOLATION,ISOLATION_TOPOLOGY_REQUIRED,kiln-baseline-preflight-001.csv#row-122
ANARCHI-TEST-OCC-0A4DFE3D756AEF85,ELIGIBLE,READY_FOR_BASELINE_EXECUTION_PLANNING,kiln-baseline-preflight-001.csv#row-2598
ANARCHI-TEST-OCC-0A5120D7AB565DCC,ELIGIBLE,READY_FOR_BASELINE_EXECUTION_PLANNING,kiln-baseline-preflight-001.csv#row-1627
ANARCHI-TEST-OCC-0AD7391E5EDE3D7B,RUNNER_BLOCKED,RUNNER_RECONCILIATION_REQUIRED,kiln-baseline-preflight-001.csv#row-1498
ANARCHI-TEST-OCC-0AE87773D611D274,ELIGIBLE,READY_FOR_BASELINE_EXECUTION_PLANNING,kiln-baseline-preflight-001.csv#row-2683
ANARCHI-TEST-OCC-0AEBE4D1E3834853,REQUIRES_ISOLATION,ISOLATION_TOPOLOGY_REQUIRED,kiln-baseline-preflight-001.csv#row-1984
ANARCHI-TEST-OCC-0AF56CD6BB46C936,ELIGIBLE,READY_FOR_BASELINE_EXECUTION_PLANNING,kiln-baseline-preflight-001.csv#row-343
ANARCHI-TEST-OCC-0AF79735ABCB49C6,ELIGIBLE,READY_FOR_BASELINE_EXECUTION_PLANNING,kiln-baseline-preflight-001.csv#row-1003
ANARCHI-TEST-OCC-0AFE652D2BCAB4B4,REQUIRES_ISOLATION,ISOLATION_TOPOLOGY_REQUIRED,kiln-baseline-preflight-001.csv#row-198
ANARCHI-TEST-OCC-0B03FFB5597E0AA9,SUPPORT_ONLY,SUPPORT_ARTIFACT_ONLY,kiln-baseline-preflight-001.csv#row-2306
ANARCHI-TEST-OCC-0B07A112375FB1D2,SUPPORT_ONLY,SUPPORT_ARTIFACT_ONLY,kiln-baseline-preflight-001.csv#row-1168
ANARCHI-TEST-OCC-0B117E1DCBEB1908,RUNNER_BLOCKED,RUNNER_RECONCILIATION_REQUIRED,kiln-baseline-preflight-001.csv#row-1549
ANARCHI-TEST-OCC-0B18A15FB05549A7,ELIGIBLE,READY_FOR_BASELINE_EXECUTION_PLANNING,kiln-baseline-preflight-001.csv#row-2320
ANARCHI-TEST-OCC-0B18BE1296195A8A,ELIGIBLE,READY_FOR_BASELINE_EXECUTION_PLANNING,kiln-baseline-preflight-001.csv#row-1277
ANARCHI-TEST-OCC-0B229DB1C4A70CF2,RUNNER_BLOCKED,RUNNER_RECONCILIATION_REQUIRED,kiln-baseline-preflight-001.csv#row-307
ANARCHI-TEST-OCC-0B2F2CBD45EC9D77,REQUIRES_ISOLATION,ISOLATION_TOPOLOGY_REQUIRED,kiln-baseline-preflight-001.csv#row-3077
ANARCHI-TEST-OCC-0B4207F4CDDDC792,ELIGIBLE,READY_FOR_BASELINE_EXECUTION_PLANNING,kiln-baseline-preflight-001.csv#row-1943
ANARCHI-TEST-OCC-0B439E0F873490E3,ELIGIBLE,READY_FOR_BASELINE_EXECUTION_PLANNING,kiln-baseline-preflight-001.csv#row-43
ANARCHI-TEST-OCC-0B6F0FACDA59F08C,ELIGIBLE,READY_FOR_BASELINE_EXECUTION_PLANNING,kiln-baseline-preflight-001.csv#row-2290
ANARCHI-TEST-OCC-0B8E631A7151BB6F,REQUIRES_ISOLATION,ISOLATION_TOPOLOGY_REQUIRED,kiln-baseline-preflight-001.csv#row-1150
ANARCHI-TEST-OCC-0B9013A04333D18C,ELIGIBLE,READY_FOR_BASELINE_EXECUTION_PLANNING,kiln-baseline-preflight-001.csv#row-2605
ANARCHI-TEST-OCC-0B923E1A8DB8EE86,SUPPORT_ONLY,SUPPORT_ARTIFACT_ONLY,kiln-baseline-preflight-001.csv#row-2930
ANARCHI-TEST-OCC-0BA51857E709062E,RUNNER_BLOCKED,RUNNER_RECONCILIATION_REQUIRED,kiln-baseline-preflight-001.csv#row-1788
ANARCHI-TEST-OCC-0BB6BA9A2C6E944E,RUNNER_BLOCKED,RUNNER_RECONCILIATION_REQUIRED,kiln-baseline-preflight-001.csv#row-577
ANARCHI-TEST-OCC-0BC3EF70BA60C7B5,REQUIRES_ISOLATION,READY_BUT_DIRTY_REPOSITORY,kiln-baseline-preflight-001.csv#row-200
ANARCHI-TEST-OCC-0BCFC50D7E5F7638,REQUIRES_ISOLATION,ISOLATION_TOPOLOGY_REQUIRED,kiln-baseline-preflight-001.csv#row-1300
ANARCHI-TEST-OCC-0BDBE3E6ECF53DDF,RUNNER_BLOCKED,RUNNER_RECONCILIATION_REQUIRED,kiln-baseline-preflight-001.csv#row-2407
ANARCHI-TEST-OCC-0BE3EBD7F1246240,ELIGIBLE,READY_FOR_BASELINE_EXECUTION_PLANNING,kiln-baseline-preflight-001.csv#row-1879
ANARCHI-TEST-OCC-0BF49EFD52CAED73,ELIGIBLE,READY_FOR_BASELINE_EXECUTION_PLANNING,kiln-baseline-preflight-001.csv#row-1243
ANARCHI-TEST-OCC-0BF556652432A867,REQUIRES_ISOLATION,READY_BUT_DIRTY_REPOSITORY,kiln-baseline-preflight-001.csv#row-2120
ANARCHI-TEST-OCC-0C059B99F7AA3E0E,REQUIRES_SANDBOX,SANDBOX_TOPOLOGY_REQUIRED,kiln-baseline-preflight-001.csv#row-1621
ANARCHI-TEST-OCC-0C18236DBD1033E7,REQUIRES_ISOLATION,ISOLATION_TOPOLOGY_REQUIRED,kiln-baseline-preflight-001.csv#row-277
ANARCHI-TEST-OCC-0C1C0332E24FEA8C,SUPPORT_ONLY,SUPPORT_ARTIFACT_ONLY,kiln-baseline-preflight-001.csv#row-945
ANARCHI-TEST-OCC-0C3AF26606ED651E,RUNNER_BLOCKED,RUNNER_RECONCILIATION_REQUIRED,kiln-baseline-preflight-001.csv#row-1471
ANARCHI-TEST-OCC-0C45CFA55767CEE4,ELIGIBLE,READY_FOR_BASELINE_EXECUTION_PLANNING,kiln-baseline-preflight-001.csv#row-938
ANARCHI-TEST-OCC-0C6A078B17911606,ELIGIBLE,READY_FOR_BASELINE_EXECUTION_PLANNING,kiln-baseline-preflight-001.csv#row-3034
ANARCHI-TEST-OCC-0C6AD9B902D633F3,RUNNER_BLOCKED,RUNNER_RECONCILIATION_REQUIRED,kiln-baseline-preflight-001.csv#row-1037
ANARCHI-TEST-OCC-0C9A15EA9E0598AD,ELIGIBLE,READY_FOR_BASELINE_EXECUTION_PLANNING,kiln-baseline-preflight-001.csv#row-1423
ANARCHI-TEST-OCC-0CCA7F309591C457,ELIGIBLE,READY_FOR_BASELINE_EXECUTION_PLANNING,kiln-baseline-preflight-001.csv#row-241
ANARCHI-TEST-OCC-0CD72104D23AAA9E,RUNNER_BLOCKED,RUNNER_RECONCILIATION_REQUIRED,kiln-baseline-preflight-001.csv#row-3245
ANARCHI-TEST-OCC-0CDD9FF2A8AB750C,ELIGIBLE,READY_FOR_BASELINE_EXECUTION_PLANNING,kiln-baseline-preflight-001.csv#row-1937
ANARCHI-TEST-OCC-0CF94CBFA75C75A3,SUPPORT_ONLY,SUPPORT_ARTIFACT_ONLY,kiln-baseline-preflight-001.csv#row-2304
ANARCHI-TEST-OCC-0D0AD6A2E9206037,RUNNER_BLOCKED,RUNNER_RECONCILIATION_REQUIRED,kiln-baseline-preflight-001.csv#row-1195
ANARCHI-TEST-OCC-0D14A214FADDB4B9,ELIGIBLE,READY_FOR_BASELINE_EXECUTION_PLANNING,kiln-baseline-preflight-001.csv#row-304
ANARCHI-TEST-OCC-0D150768C374A458,REQUIRES_ISOLATION,ISOLATION_TOPOLOGY_REQUIRED,kiln-baseline-preflight-001.csv#row-2271
ANARCHI-TEST-OCC-0D23DB507A61DA2B,ELIGIBLE,READY_FOR_BASELINE_EXECUTION_PLANNING,kiln-baseline-preflight-001.csv#row-1343
ANARCHI-TEST-OCC-0D5C1432C77FDA17,ELIGIBLE,READY_FOR_BASELINE_EXECUTION_PLANNING,kiln-baseline-preflight-001.csv#row-2446
ANARCHI-TEST-OCC-0D65F7CFF339CCEF,RUNNER_BLOCKED,RUNNER_RECONCILIATION_REQUIRED,kiln-baseline-preflight-001.csv#row-2632
ANARCHI-TEST-OCC-0DA109D7E9054EAF,REQUIRES_SANDBOX,SANDBOX_TOPOLOGY_REQUIRED,kiln-baseline-preflight-001.csv#row-2558
ANARCHI-TEST-OCC-0DA680CF92D312FE,ELIGIBLE,READY_FOR_BASELINE_EXECUTION_PLANNING,kiln-baseline-preflight-001.csv#row-2548
ANARCHI-TEST-OCC-0DAE8A6A6AC1B3B6,REQUIRES_ISOLATION,ISOLATION_TOPOLOGY_REQUIRED,kiln-baseline-preflight-001.csv#row-875
ANARCHI-TEST-OCC-0DB832AE72714FD9,ELIGIBLE,READY_FOR_BASELINE_EXECUTION_PLANNING,kiln-baseline-preflight-001.csv#row-2880
ANARCHI-TEST-OCC-0DBC44B22E9A381A,RUNNER_BLOCKED,RUNNER_RECONCILIATION_REQUIRED,kiln-baseline-preflight-001.csv#row-3125
ANARCHI-TEST-OCC-0DDA814ADAA03750,ELIGIBLE,READY_FOR_BASELINE_EXECUTION_PLANNING,kiln-baseline-preflight-001.csv#row-35
ANARCHI-TEST-OCC-0DE05E9625B42396,REQUIRES_SANDBOX,SANDBOX_TOPOLOGY_REQUIRED,kiln-baseline-preflight-001.csv#row-854
ANARCHI-TEST-OCC-0DE1E07006AC8D98,SUPPORT_ONLY,SUPPORT_ARTIFACT_ONLY,kiln-baseline-preflight-001.csv#row-376
ANARCHI-TEST-OCC-0DFAE11442F97990,REQUIRES_SANDBOX,SANDBOX_TOPOLOGY_REQUIRED,kiln-baseline-preflight-001.csv#row-2633
ANARCHI-TEST-OCC-0E62CABB78CA7016,REQUIRES_ISOLATION,ISOLATION_TOPOLOGY_REQUIRED,kiln-baseline-preflight-001.csv#row-2465
ANARCHI-TEST-OCC-0E6D4A14F87E6200,SUPPORT_ONLY,SUPPORT_ARTIFACT_ONLY,kiln-baseline-preflight-001.csv#row-1512
ANARCHI-TEST-OCC-0E79B5836095F47B,ELIGIBLE,READY_FOR_BASELINE_EXECUTION_PLANNING,kiln-baseline-preflight-001.csv#row-2129
ANARCHI-TEST-OCC-0E93F096003EF493,ELIGIBLE,READY_FOR_BASELINE_EXECUTION_PLANNING,kiln-baseline-preflight-001.csv#row-2227
ANARCHI-TEST-OCC-0E96638BAF434EBF,ELIGIBLE,READY_FOR_BASELINE_EXECUTION_PLANNING,kiln-baseline-preflight-001.csv#row-3252
ANARCHI-TEST-OCC-0EAFDCFE299816D8,RUNNER_BLOCKED,RUNNER_RECONCILIATION_REQUIRED,kiln-baseline-preflight-001.csv#row-2900
ANARCHI-TEST-OCC-0EB7CB35A1F04508,ELIGIBLE,READY_FOR_BASELINE_EXECUTION_PLANNING,kiln-baseline-preflight-001.csv#row-487
ANARCHI-TEST-OCC-0EBAF857DA0AA1D4,SUPPORT_ONLY,SUPPORT_ARTIFACT_ONLY,kiln-baseline-preflight-001.csv#row-295
ANARCHI-TEST-OCC-0ED0665182AB4FAE,ELIGIBLE,READY_FOR_BASELINE_EXECUTION_PLANNING,kiln-baseline-preflight-001.csv#row-182
ANARCHI-TEST-OCC-0EE06EE31988B922,ELIGIBLE,READY_FOR_BASELINE_EXECUTION_PLANNING,kiln-baseline-preflight-001.csv#row-1674
ANARCHI-TEST-OCC-0EF0B6F02134BA87,ELIGIBLE,READY_FOR_BASELINE_EXECUTION_PLANNING,kiln-baseline-preflight-001.csv#row-1676
ANARCHI-TEST-OCC-0F0CCA41B57E7AB2,ELIGIBLE,READY_FOR_BASELINE_EXECUTION_PLANNING,kiln-baseline-preflight-001.csv#row-183
ANARCHI-TEST-OCC-0F182655859DAB7F,SUPPORT_ONLY,SUPPORT_ARTIFACT_ONLY,kiln-baseline-preflight-001.csv#row-244
ANARCHI-TEST-OCC-0F1FF13C2618806F,REQUIRES_ISOLATION,ISOLATION_TOPOLOGY_REQUIRED,kiln-baseline-preflight-001.csv#row-160
ANARCHI-TEST-OCC-0F7D2ABA37A21A9D,REQUIRES_SANDBOX,SANDBOX_TOPOLOGY_REQUIRED,kiln-baseline-preflight-001.csv#row-220
ANARCHI-TEST-OCC-0F9B6EBC7336F582,ELIGIBLE,READY_FOR_BASELINE_EXECUTION_PLANNING,kiln-baseline-preflight-001.csv#row-164
ANARCHI-TEST-OCC-0FB9D3C80397E35A,ELIGIBLE,READY_FOR_BASELINE_EXECUTION_PLANNING,kiln-baseline-preflight-001.csv#row-981
ANARCHI-TEST-OCC-0FC120AF6DD7A5FB,RUNNER_BLOCKED,RUNNER_RECONCILIATION_REQUIRED,kiln-baseline-preflight-001.csv#row-1213
ANARCHI-TEST-OCC-0FC1699735385B6B,ELIGIBLE,READY_FOR_BASELINE_EXECUTION_PLANNING,kiln-baseline-preflight-001.csv#row-484
ANARCHI-TEST-OCC-0FCD16153D28154E,ELIGIBLE,READY_FOR_BASELINE_EXECUTION_PLANNING,kiln-baseline-preflight-001.csv#row-2443
ANARCHI-TEST-OCC-0FCFFD79BB309EDD,REQUIRES_ISOLATION,ISOLATION_TOPOLOGY_REQUIRED,kiln-baseline-preflight-001.csv#row-725
ANARCHI-TEST-OCC-0FF5462E2FC1ADA3,ELIGIBLE,READY_FOR_BASELINE_EXECUTION_PLANNING,kiln-baseline-preflight-001.csv#row-110
ANARCHI-TEST-OCC-0FF994906A95FF14,ELIGIBLE,READY_FOR_BASELINE_EXECUTION_PLANNING,kiln-baseline-preflight-001.csv#row-243
ANARCHI-TEST-OCC-100C94EFF889E927,ELIGIBLE,READY_FOR_BASELINE_EXECUTION_PLANNING,kiln-baseline-preflight-001.csv#row-2987
ANARCHI-TEST-OCC-102CA963368D3FDA,ELIGIBLE,READY_FOR_BASELINE_EXECUTION_PLANNING,kiln-baseline-preflight-001.csv#row-702
ANARCHI-TEST-OCC-10609B514ED61708,ELIGIBLE,READY_FOR_BASELINE_EXECUTION_PLANNING,kiln-baseline-preflight-001.csv#row-2745
ANARCHI-TEST-OCC-107BEFD374BA1CAD,ELIGIBLE,READY_FOR_BASELINE_EXECUTION_PLANNING,kiln-baseline-preflight-001.csv#row-1527
ANARCHI-TEST-OCC-107E20E83FA51CC1,ELIGIBLE,READY_FOR_BASELINE_EXECUTION_PLANNING,kiln-baseline-preflight-001.csv#row-3024
ANARCHI-TEST-OCC-109047F2DB60374A,SUPPORT_ONLY,SUPPORT_ARTIFACT_ONLY,kiln-baseline-preflight-001.csv#row-1637
ANARCHI-TEST-OCC-10917EC93552EE04,RUNNER_BLOCKED,RUNNER_RECONCILIATION_REQUIRED,kiln-baseline-preflight-001.csv#row-480
ANARCHI-TEST-OCC-10A0505D93515B90,REQUIRES_ISOLATION,ISOLATION_TOPOLOGY_REQUIRED,kiln-baseline-preflight-001.csv#row-2047
ANARCHI-TEST-OCC-10AA3594BF851851,ELIGIBLE,READY_FOR_BASELINE_EXECUTION_PLANNING,kiln-baseline-preflight-001.csv#row-1592
ANARCHI-TEST-OCC-10D4073E7AE28EC5,SUPPORT_ONLY,SUPPORT_ARTIFACT_ONLY,kiln-baseline-preflight-001.csv#row-876
ANARCHI-TEST-OCC-10DD7A51B071B419,ELIGIBLE,READY_FOR_BASELINE_EXECUTION_PLANNING,kiln-baseline-preflight-001.csv#row-2422
ANARCHI-TEST-OCC-10ECEA4EDFFC9D64,SUPPORT_ONLY,SUPPORT_ARTIFACT_ONLY,kiln-baseline-preflight-001.csv#row-2561
ANARCHI-TEST-OCC-110284E6F2221CE5,RUNNER_BLOCKED,RUNNER_RECONCILIATION_REQUIRED,kiln-baseline-preflight-001.csv#row-2066
ANARCHI-TEST-OCC-111C290ACD530A07,SUPPORT_ONLY,SUPPORT_ARTIFACT_ONLY,kiln-baseline-preflight-001.csv#row-2613
ANARCHI-TEST-OCC-1128F290ED80E235,RUNNER_BLOCKED,RUNNER_RECONCILIATION_REQUIRED,kiln-baseline-preflight-001.csv#row-3209
ANARCHI-TEST-OCC-11295E31AB5613C9,REQUIRES_ISOLATION,READY_BUT_DIRTY_REPOSITORY,kiln-baseline-preflight-001.csv#row-2851
ANARCHI-TEST-OCC-113978188EC4EAAF,ELIGIBLE,READY_FOR_BASELINE_EXECUTION_PLANNING,kiln-baseline-preflight-001.csv#row-1656
ANARCHI-TEST-OCC-11527623C0492A8F,REQUIRES_ISOLATION,ISOLATION_TOPOLOGY_REQUIRED,kiln-baseline-preflight-001.csv#row-2076
ANARCHI-TEST-OCC-116E063A07C182D4,RUNNER_BLOCKED,RUNNER_RECONCILIATION_REQUIRED,kiln-baseline-preflight-001.csv#row-2200
ANARCHI-TEST-OCC-119F2DD5F9997A9F,REQUIRES_ISOLATION,ISOLATION_TOPOLOGY_REQUIRED,kiln-baseline-preflight-001.csv#row-2698
ANARCHI-TEST-OCC-11A74313EDF63E73,SUPPORT_ONLY,SUPPORT_ARTIFACT_ONLY,kiln-baseline-preflight-001.csv#row-2894
ANARCHI-TEST-OCC-11BF1024CC14CA9D,ELIGIBLE,READY_FOR_BASELINE_EXECUTION_PLANNING,kiln-baseline-preflight-001.csv#row-1400
ANARCHI-TEST-OCC-11CC4B1BA81A875E,REQUIRES_ISOLATION,ISOLATION_TOPOLOGY_REQUIRED,kiln-baseline-preflight-001.csv#row-2054
ANARCHI-TEST-OCC-11D293EF0775E93A,ELIGIBLE,READY_FOR_BASELINE_EXECUTION_PLANNING,kiln-baseline-preflight-001.csv#row-769
ANARCHI-TEST-OCC-11DDF3176EF7DE7A,ELIGIBLE,READY_FOR_BASELINE_EXECUTION_PLANNING,kiln-baseline-preflight-001.csv#row-2732
ANARCHI-TEST-OCC-11DFF6110A9B7D00,SUPPORT_ONLY,SUPPORT_ARTIFACT_ONLY,kiln-baseline-preflight-001.csv#row-1280
ANARCHI-TEST-OCC-11F12358BF9EF059,RUNNER_BLOCKED,RUNNER_RECONCILIATION_REQUIRED,kiln-baseline-preflight-001.csv#row-2309
ANARCHI-TEST-OCC-11F7AEF7A19C1080,ELIGIBLE,READY_FOR_BASELINE_EXECUTION_PLANNING,kiln-baseline-preflight-001.csv#row-1356
ANARCHI-TEST-OCC-1206060A3DBFC1FB,REQUIRES_ISOLATION,ISOLATION_TOPOLOGY_REQUIRED,kiln-baseline-preflight-001.csv#row-506
ANARCHI-TEST-OCC-122D6BCC0F41C974,REQUIRES_ISOLATION,ISOLATION_TOPOLOGY_REQUIRED,kiln-baseline-preflight-001.csv#row-3017
ANARCHI-TEST-OCC-124B62E5178A8F1A,ELIGIBLE,READY_FOR_BASELINE_EXECUTION_PLANNING,kiln-baseline-preflight-001.csv#row-2336
ANARCHI-TEST-OCC-1257B3AF12EC9334,SUPPORT_ONLY,SUPPORT_ARTIFACT_ONLY,kiln-baseline-preflight-001.csv#row-1460
ANARCHI-TEST-OCC-126E45D77AE8379B,ELIGIBLE,READY_FOR_BASELINE_EXECUTION_PLANNING,kiln-baseline-preflight-001.csv#row-705
ANARCHI-TEST-OCC-1280917AE0AC3DBD,SUPPORT_ONLY,SUPPORT_ARTIFACT_ONLY,kiln-baseline-preflight-001.csv#row-364
ANARCHI-TEST-OCC-1281CA7ACBEB82C7,REQUIRES_ISOLATION,ISOLATION_TOPOLOGY_REQUIRED,kiln-baseline-preflight-001.csv#row-2699
ANARCHI-TEST-OCC-1294FEB961FBB8EB,SUPPORT_ONLY,SUPPORT_ARTIFACT_ONLY,kiln-baseline-preflight-001.csv#row-933
ANARCHI-TEST-OCC-12953DB523F39531,REQUIRES_ISOLATION,ISOLATION_TOPOLOGY_REQUIRED,kiln-baseline-preflight-001.csv#row-3091
ANARCHI-TEST-OCC-12BB50DC76AE60D7,SUPPORT_ONLY,SUPPORT_ARTIFACT_ONLY,kiln-baseline-preflight-001.csv#row-2796
ANARCHI-TEST-OCC-12C72AA3B6679AA6,REQUIRES_ISOLATION,ISOLATION_TOPOLOGY_REQUIRED,kiln-baseline-preflight-001.csv#row-1885
ANARCHI-TEST-OCC-12CA92700707C844,ELIGIBLE,READY_FOR_BASELINE_EXECUTION_PLANNING,kiln-baseline-preflight-001.csv#row-1312
ANARCHI-TEST-OCC-12ECA63AB381F444,REQUIRES_ISOLATION,ISOLATION_TOPOLOGY_REQUIRED,kiln-baseline-preflight-001.csv#row-710
ANARCHI-TEST-OCC-12EE9C455BB37C4B,REQUIRES_ISOLATION,ISOLATION_TOPOLOGY_REQUIRED,kiln-baseline-preflight-001.csv#row-2121
ANARCHI-TEST-OCC-12F84F46434D5E09,ELIGIBLE,READY_FOR_BASELINE_EXECUTION_PLANNING,kiln-baseline-preflight-001.csv#row-2722
ANARCHI-TEST-OCC-1305BAAA917BFB74,ELIGIBLE,READY_FOR_BASELINE_EXECUTION_PLANNING,kiln-baseline-preflight-001.csv#row-1840
ANARCHI-TEST-OCC-13161BD29BEABC5B,ELIGIBLE,READY_FOR_BASELINE_EXECUTION_PLANNING,kiln-baseline-preflight-001.csv#row-741
ANARCHI-TEST-OCC-13241334E10F2712,ELIGIBLE,READY_FOR_BASELINE_EXECUTION_PLANNING,kiln-baseline-preflight-001.csv#row-2957
ANARCHI-TEST-OCC-133124BB4B9E66BB,REQUIRES_ISOLATION,ISOLATION_TOPOLOGY_REQUIRED,kiln-baseline-preflight-001.csv#row-1970
ANARCHI-TEST-OCC-133A94C142E35931,ELIGIBLE,READY_FOR_BASELINE_EXECUTION_PLANNING,kiln-baseline-preflight-001.csv#row-1137
ANARCHI-TEST-OCC-13474FF7C0A73151,ELIGIBLE,READY_FOR_BASELINE_EXECUTION_PLANNING,kiln-baseline-preflight-001.csv#row-811
ANARCHI-TEST-OCC-13700B2776FBB065,ELIGIBLE,READY_FOR_BASELINE_EXECUTION_PLANNING,kiln-baseline-preflight-001.csv#row-1660
ANARCHI-TEST-OCC-13738BC058C73ABB,SUPPORT_ONLY,SUPPORT_ARTIFACT_ONLY,kiln-baseline-preflight-001.csv#row-2248
ANARCHI-TEST-OCC-1381435185778D62,SUPPORT_ONLY,SUPPORT_ARTIFACT_ONLY,kiln-baseline-preflight-001.csv#row-1699
ANARCHI-TEST-OCC-13BB9D87C1EBC084,RUNNER_BLOCKED,RUNNER_RECONCILIATION_REQUIRED,kiln-baseline-preflight-001.csv#row-608
ANARCHI-TEST-OCC-13C37A728A0FF073,ELIGIBLE,READY_FOR_BASELINE_EXECUTION_PLANNING,kiln-baseline-preflight-001.csv#row-1372
ANARCHI-TEST-OCC-13CB3E65E0420F60,REQUIRES_ISOLATION,READY_BUT_DIRTY_REPOSITORY,kiln-baseline-preflight-001.csv#row-784
ANARCHI-TEST-OCC-13CEB1F235E3CF4C,ELIGIBLE,READY_FOR_BASELINE_EXECUTION_PLANNING,kiln-baseline-preflight-001.csv#row-2404
ANARCHI-TEST-OCC-13F95C4DB396A474,ELIGIBLE,READY_FOR_BASELINE_EXECUTION_PLANNING,kiln-baseline-preflight-001.csv#row-566
ANARCHI-TEST-OCC-140D471469C9FDDC,REQUIRES_ISOLATION,ISOLATION_TOPOLOGY_REQUIRED,kiln-baseline-preflight-001.csv#row-1057
ANARCHI-TEST-OCC-1420937376B99D8A,ELIGIBLE,READY_FOR_BASELINE_EXECUTION_PLANNING,kiln-baseline-preflight-001.csv#row-249
ANARCHI-TEST-OCC-1445EECDF485B79C,ELIGIBLE,READY_FOR_BASELINE_EXECUTION_PLANNING,kiln-baseline-preflight-001.csv#row-1959
ANARCHI-TEST-OCC-144BC5BD561A4213,ELIGIBLE,READY_FOR_BASELINE_EXECUTION_PLANNING,kiln-baseline-preflight-001.csv#row-1164
ANARCHI-TEST-OCC-1450C46F6ABFEC97,RUNNER_BLOCKED,RUNNER_RECONCILIATION_REQUIRED,kiln-baseline-preflight-001.csv#row-1595
ANARCHI-TEST-OCC-1456C633AC842610,REQUIRES_ISOLATION,ISOLATION_TOPOLOGY_REQUIRED,kiln-baseline-preflight-001.csv#row-416
ANARCHI-TEST-OCC-14942354C7558D6F,REQUIRES_SANDBOX,SANDBOX_TOPOLOGY_REQUIRED,kiln-baseline-preflight-001.csv#row-41
ANARCHI-TEST-OCC-14D8D85F87A16FAE,SUPPORT_ONLY,SUPPORT_ARTIFACT_ONLY,kiln-baseline-preflight-001.csv#row-3287
ANARCHI-TEST-OCC-14DB682CE54DF938,SUPPORT_ONLY,SUPPORT_ARTIFACT_ONLY,kiln-baseline-preflight-001.csv#row-2608
ANARCHI-TEST-OCC-14ED593916F74DBB,ELIGIBLE,READY_FOR_BASELINE_EXECUTION_PLANNING,kiln-baseline-preflight-001.csv#row-967
ANARCHI-TEST-OCC-14EF66242AC7BF9F,SUPPORT_ONLY,SUPPORT_ARTIFACT_ONLY,kiln-baseline-preflight-001.csv#row-2877
ANARCHI-TEST-OCC-14FE3340F2D475E7,ELIGIBLE,READY_FOR_BASELINE_EXECUTION_PLANNING,kiln-baseline-preflight-001.csv#row-3114
ANARCHI-TEST-OCC-152D6E22E7A56D89,REQUIRES_SANDBOX,SANDBOX_TOPOLOGY_REQUIRED,kiln-baseline-preflight-001.csv#row-2229
ANARCHI-TEST-OCC-154FDB198F3E1A8B,SUPPORT_ONLY,SUPPORT_ARTIFACT_ONLY,kiln-baseline-preflight-001.csv#row-1447
ANARCHI-TEST-OCC-156B9CD00857E604,RUNNER_BLOCKED,RUNNER_RECONCILIATION_REQUIRED,kiln-baseline-preflight-001.csv#row-302
ANARCHI-TEST-OCC-157F684398F1FCDC,RUNNER_BLOCKED,RUNNER_RECONCILIATION_REQUIRED,kiln-baseline-preflight-001.csv#row-2663
ANARCHI-TEST-OCC-15B408B37FE5FDC5,REQUIRES_ISOLATION,READY_BUT_DIRTY_REPOSITORY,kiln-baseline-preflight-001.csv#row-1383
ANARCHI-TEST-OCC-15BACE4744EECEF2,ELIGIBLE,READY_FOR_BASELINE_EXECUTION_PLANNING,kiln-baseline-preflight-001.csv#row-2962
ANARCHI-TEST-OCC-161ABC623F43814B,RUNNER_BLOCKED,RUNNER_RECONCILIATION_REQUIRED,kiln-baseline-preflight-001.csv#row-1894
ANARCHI-TEST-OCC-1623921955388AD6,ELIGIBLE,READY_FOR_BASELINE_EXECUTION_PLANNING,kiln-baseline-preflight-001.csv#row-1028
ANARCHI-TEST-OCC-162A8A16C305DA71,ELIGIBLE,READY_FOR_BASELINE_EXECUTION_PLANNING,kiln-baseline-preflight-001.csv#row-3012
ANARCHI-TEST-OCC-162CF7452B8EAF2D,RUNNER_BLOCKED,RUNNER_RECONCILIATION_REQUIRED,kiln-baseline-preflight-001.csv#row-311
ANARCHI-TEST-OCC-163F2AB1F7028246,ELIGIBLE,READY_FOR_BASELINE_EXECUTION_PLANNING,kiln-baseline-preflight-001.csv#row-1582
ANARCHI-TEST-OCC-166D8CB287D7F7EF,RUNNER_BLOCKED,RUNNER_RECONCILIATION_REQUIRED,kiln-baseline-preflight-001.csv#row-584
ANARCHI-TEST-OCC-167CA2B3128EBB6E,SUPPORT_ONLY,SUPPORT_ARTIFACT_ONLY,kiln-baseline-preflight-001.csv#row-1157
ANARCHI-TEST-OCC-16A0BF5EBDE54FFC,ELIGIBLE,READY_FOR_BASELINE_EXECUTION_PLANNING,kiln-baseline-preflight-001.csv#row-946
ANARCHI-TEST-OCC-16CB26EACD079C78,ELIGIBLE,READY_FOR_BASELINE_EXECUTION_PLANNING,kiln-baseline-preflight-001.csv#row-2602
ANARCHI-TEST-OCC-16E8609EF826DD41,ELIGIBLE,READY_FOR_BASELINE_EXECUTION_PLANNING,kiln-baseline-preflight-001.csv#row-2931
ANARCHI-TEST-OCC-16EB2496C923FB0B,ELIGIBLE,READY_FOR_BASELINE_EXECUTION_PLANNING,kiln-baseline-preflight-001.csv#row-2762
ANARCHI-TEST-OCC-170BC2FB916210E4,REQUIRES_ISOLATION,READY_BUT_DIRTY_REPOSITORY,kiln-baseline-preflight-001.csv#row-2419
ANARCHI-TEST-OCC-1716DBF33D7D12CE,REQUIRES_ISOLATION,READY_BUT_DIRTY_REPOSITORY,kiln-baseline-preflight-001.csv#row-2709
ANARCHI-TEST-OCC-171DE361CA81DA4D,REQUIRES_ISOLATION,READY_BUT_DIRTY_REPOSITORY,kiln-baseline-preflight-001.csv#row-1408
ANARCHI-TEST-OCC-174E9E0314E38E73,ELIGIBLE,READY_FOR_BASELINE_EXECUTION_PLANNING,kiln-baseline-preflight-001.csv#row-2188
ANARCHI-TEST-OCC-1754A8996075F25A,ELIGIBLE,READY_FOR_BASELINE_EXECUTION_PLANNING,kiln-baseline-preflight-001.csv#row-409
ANARCHI-TEST-OCC-1757B7A9A3844C62,ELIGIBLE,READY_FOR_BASELINE_EXECUTION_PLANNING,kiln-baseline-preflight-001.csv#row-554
ANARCHI-TEST-OCC-17606765A4726245,ELIGIBLE,READY_FOR_BASELINE_EXECUTION_PLANNING,kiln-baseline-preflight-001.csv#row-2805
ANARCHI-TEST-OCC-177E9D7D2BD2A20F,RUNNER_BLOCKED,RUNNER_RECONCILIATION_REQUIRED,kiln-baseline-preflight-001.csv#row-2549
ANARCHI-TEST-OCC-17980DF0C56122BF,RUNNER_BLOCKED,RUNNER_RECONCILIATION_REQUIRED,kiln-baseline-preflight-001.csv#row-1798
ANARCHI-TEST-OCC-179976706258DAF7,ELIGIBLE,READY_FOR_BASELINE_EXECUTION_PLANNING,kiln-baseline-preflight-001.csv#row-3201
ANARCHI-TEST-OCC-17A1D9D730E8EFFC,REQUIRES_ISOLATION,ISOLATION_TOPOLOGY_REQUIRED,kiln-baseline-preflight-001.csv#row-2617
ANARCHI-TEST-OCC-17DB4073F5D7D3F9,SUPPORT_ONLY,SUPPORT_ARTIFACT_ONLY,kiln-baseline-preflight-001.csv#row-2156
ANARCHI-TEST-OCC-17E071F1F75094B2,RUNNER_BLOCKED,RUNNER_RECONCILIATION_REQUIRED,kiln-baseline-preflight-001.csv#row-1712
ANARCHI-TEST-OCC-1804E923A80B96CB,ELIGIBLE,READY_FOR_BASELINE_EXECUTION_PLANNING,kiln-baseline-preflight-001.csv#row-2394
ANARCHI-TEST-OCC-180B9F72E8F1FBBF,ELIGIBLE,READY_FOR_BASELINE_EXECUTION_PLANNING,kiln-baseline-preflight-001.csv#row-561
ANARCHI-TEST-OCC-181739CD69D1A342,ELIGIBLE,READY_FOR_BASELINE_EXECUTION_PLANNING,kiln-baseline-preflight-001.csv#row-2882
ANARCHI-TEST-OCC-1819332BF0870F00,REQUIRES_ISOLATION,ISOLATION_TOPOLOGY_REQUIRED,kiln-baseline-preflight-001.csv#row-2458
ANARCHI-TEST-OCC-1825D91B561D593C,ELIGIBLE,READY_FOR_BASELINE_EXECUTION_PLANNING,kiln-baseline-preflight-001.csv#row-2343
ANARCHI-TEST-OCC-1848182D77F4B847,REQUIRES_ISOLATION,ISOLATION_TOPOLOGY_REQUIRED,kiln-baseline-preflight-001.csv#row-3130
ANARCHI-TEST-OCC-184E15009D2BAAE2,SUPPORT_ONLY,SUPPORT_ARTIFACT_ONLY,kiln-baseline-preflight-001.csv#row-1153
ANARCHI-TEST-OCC-1862321FA738690B,ELIGIBLE,READY_FOR_BASELINE_EXECUTION_PLANNING,kiln-baseline-preflight-001.csv#row-559
ANARCHI-TEST-OCC-1878739049678769,ELIGIBLE,READY_FOR_BASELINE_EXECUTION_PLANNING,kiln-baseline-preflight-001.csv#row-2313
ANARCHI-TEST-OCC-188593FBC52D6CC2,SUPPORT_ONLY,SUPPORT_ARTIFACT_ONLY,kiln-baseline-preflight-001.csv#row-2517
ANARCHI-TEST-OCC-188B7AA866D43440,ELIGIBLE,READY_FOR_BASELINE_EXECUTION_PLANNING,kiln-baseline-preflight-001.csv#row-1707
ANARCHI-TEST-OCC-189EEDD1A7CB9739,RUNNER_BLOCKED,RUNNER_RECONCILIATION_REQUIRED,kiln-baseline-preflight-001.csv#row-1859
ANARCHI-TEST-OCC-18B6D5EBE13229E8,RUNNER_BLOCKED,RUNNER_RECONCILIATION_REQUIRED,kiln-baseline-preflight-001.csv#row-2817
ANARCHI-TEST-OCC-18B7E5D0C532809D,ELIGIBLE,READY_FOR_BASELINE_EXECUTION_PLANNING,kiln-baseline-preflight-001.csv#row-1466
ANARCHI-TEST-OCC-18BAE28ED3712F1C,ELIGIBLE,READY_FOR_BASELINE_EXECUTION_PLANNING,kiln-baseline-preflight-001.csv#row-2889
ANARCHI-TEST-OCC-18BD4BD5E85E9572,ELIGIBLE,READY_FOR_BASELINE_EXECUTION_PLANNING,kiln-baseline-preflight-001.csv#row-1476
ANARCHI-TEST-OCC-18C26169A428D47C,SUPPORT_ONLY,SUPPORT_ARTIFACT_ONLY,kiln-baseline-preflight-001.csv#row-99
ANARCHI-TEST-OCC-18CD86931619398E,ELIGIBLE,READY_FOR_BASELINE_EXECUTION_PLANNING,kiln-baseline-preflight-001.csv#row-2504
ANARCHI-TEST-OCC-18CDC7852F505B7D,SUPPORT_ONLY,SUPPORT_ARTIFACT_ONLY,kiln-baseline-preflight-001.csv#row-3106
ANARCHI-TEST-OCC-18D4FF42E530C752,REQUIRES_SANDBOX,SANDBOX_TOPOLOGY_REQUIRED,kiln-baseline-preflight-001.csv#row-2543
ANARCHI-TEST-OCC-18DCE7F85940AE1F,SUPPORT_ONLY,SUPPORT_ARTIFACT_ONLY,kiln-baseline-preflight-001.csv#row-1319
ANARCHI-TEST-OCC-18E4502BDC1EADF0,ELIGIBLE,READY_FOR_BASELINE_EXECUTION_PLANNING,kiln-baseline-preflight-001.csv#row-714
ANARCHI-TEST-OCC-18EF3D88C50ACC32,RUNNER_BLOCKED,RUNNER_RECONCILIATION_REQUIRED,kiln-baseline-preflight-001.csv#row-1172
ANARCHI-TEST-OCC-1919316DAEBDFB41,SUPPORT_ONLY,SUPPORT_ARTIFACT_ONLY,kiln-baseline-preflight-001.csv#row-822
ANARCHI-TEST-OCC-191F811CB821607E,ELIGIBLE,READY_FOR_BASELINE_EXECUTION_PLANNING,kiln-baseline-preflight-001.csv#row-3158
ANARCHI-TEST-OCC-19283C9182635A85,ELIGIBLE,READY_FOR_BASELINE_EXECUTION_PLANNING,kiln-baseline-preflight-001.csv#row-2014
ANARCHI-TEST-OCC-192B8647DBD404FC,SUPPORT_ONLY,SUPPORT_ARTIFACT_ONLY,kiln-baseline-preflight-001.csv#row-1452
ANARCHI-TEST-OCC-1968AB186E71E35A,ELIGIBLE,READY_FOR_BASELINE_EXECUTION_PLANNING,kiln-baseline-preflight-001.csv#row-3219
ANARCHI-TEST-OCC-196A30E5F559D583,RUNNER_BLOCKED,RUNNER_RECONCILIATION_REQUIRED,kiln-baseline-preflight-001.csv#row-3031
ANARCHI-TEST-OCC-197B406AA9C9363F,RUNNER_BLOCKED,RUNNER_RECONCILIATION_REQUIRED,kiln-baseline-preflight-001.csv#row-3117
ANARCHI-TEST-OCC-1985BEA961FB65A2,ELIGIBLE,READY_FOR_BASELINE_EXECUTION_PLANNING,kiln-baseline-preflight-001.csv#row-3274
ANARCHI-TEST-OCC-198925F11BD66767,REQUIRES_ISOLATION,ISOLATION_TOPOLOGY_REQUIRED,kiln-baseline-preflight-001.csv#row-2191
ANARCHI-TEST-OCC-19BBBD3359F71883,ELIGIBLE,READY_FOR_BASELINE_EXECUTION_PLANNING,kiln-baseline-preflight-001.csv#row-1807
ANARCHI-TEST-OCC-19C9A2A499B3DA9C,RUNNER_BLOCKED,RUNNER_RECONCILIATION_REQUIRED,kiln-baseline-preflight-001.csv#row-80
ANARCHI-TEST-OCC-1A13A3216933F821,REQUIRES_SANDBOX,SANDBOX_TOPOLOGY_REQUIRED,kiln-baseline-preflight-001.csv#row-2566
ANARCHI-TEST-OCC-1A1A5406460C356E,RUNNER_BLOCKED,RUNNER_RECONCILIATION_REQUIRED,kiln-baseline-preflight-001.csv#row-296
ANARCHI-TEST-OCC-1A5D1832614FE816,RUNNER_BLOCKED,RUNNER_RECONCILIATION_REQUIRED,kiln-baseline-preflight-001.csv#row-1127
ANARCHI-TEST-OCC-1A830E0FF5AC059B,REQUIRES_ISOLATION,READY_BUT_DIRTY_REPOSITORY,kiln-baseline-preflight-001.csv#row-521
ANARCHI-TEST-OCC-1A884E2423C517F2,ELIGIBLE,READY_FOR_BASELINE_EXECUTION_PLANNING,kiln-baseline-preflight-001.csv#row-2262
ANARCHI-TEST-OCC-1A97CC40BE0D93CC,SUPPORT_ONLY,SUPPORT_ARTIFACT_ONLY,kiln-baseline-preflight-001.csv#row-94
ANARCHI-TEST-OCC-1A9ED56D2DCD6622,ELIGIBLE,READY_FOR_BASELINE_EXECUTION_PLANNING,kiln-baseline-preflight-001.csv#row-56
ANARCHI-TEST-OCC-1AB253D3A2B87E87,REQUIRES_SANDBOX,SANDBOX_TOPOLOGY_REQUIRED,kiln-baseline-preflight-001.csv#row-3298
ANARCHI-TEST-OCC-1AB6BD7E53244B05,ELIGIBLE,READY_FOR_BASELINE_EXECUTION_PLANNING,kiln-baseline-preflight-001.csv#row-1050
ANARCHI-TEST-OCC-1ABE642D971EC38E,REQUIRES_ISOLATION,ISOLATION_TOPOLOGY_REQUIRED,kiln-baseline-preflight-001.csv#row-1616
ANARCHI-TEST-OCC-1AE004C25FE69DED,ELIGIBLE,READY_FOR_BASELINE_EXECUTION_PLANNING,kiln-baseline-preflight-001.csv#row-1155
ANARCHI-TEST-OCC-1AECAF8752D526DB,REQUIRES_ISOLATION,ISOLATION_TOPOLOGY_REQUIRED,kiln-baseline-preflight-001.csv#row-3214
ANARCHI-TEST-OCC-1B05D85058BAB66F,RUNNER_BLOCKED,RUNNER_RECONCILIATION_REQUIRED,kiln-baseline-preflight-001.csv#row-872
ANARCHI-TEST-OCC-1B13123D10084A33,ELIGIBLE,READY_FOR_BASELINE_EXECUTION_PLANNING,kiln-baseline-preflight-001.csv#row-170
ANARCHI-TEST-OCC-1B45A6DE34708835,RUNNER_BLOCKED,RUNNER_RECONCILIATION_REQUIRED,kiln-baseline-preflight-001.csv#row-1010
ANARCHI-TEST-OCC-1B492182DDC4FDAB,RUNNER_BLOCKED,RUNNER_RECONCILIATION_REQUIRED,kiln-baseline-preflight-001.csv#row-2956
ANARCHI-TEST-OCC-1B9374B19F94006F,REQUIRES_SANDBOX,SANDBOX_TOPOLOGY_REQUIRED,kiln-baseline-preflight-001.csv#row-1163
ANARCHI-TEST-OCC-1BA8A1CF3B323076,ELIGIBLE,READY_FOR_BASELINE_EXECUTION_PLANNING,kiln-baseline-preflight-001.csv#row-1989
ANARCHI-TEST-OCC-1BAFEE6FBC70BA93,ELIGIBLE,READY_FOR_BASELINE_EXECUTION_PLANNING,kiln-baseline-preflight-001.csv#row-2886
ANARCHI-TEST-OCC-1BE0A1A98B1877D6,REQUIRES_ISOLATION,ISOLATION_TOPOLOGY_REQUIRED,kiln-baseline-preflight-001.csv#row-1946
ANARCHI-TEST-OCC-1BF1489B8442E6DD,REQUIRES_ISOLATION,ISOLATION_TOPOLOGY_REQUIRED,kiln-baseline-preflight-001.csv#row-684
ANARCHI-TEST-OCC-1BF51F8503791BFF,SUPPORT_ONLY,SUPPORT_ARTIFACT_ONLY,kiln-baseline-preflight-001.csv#row-2360
ANARCHI-TEST-OCC-1C0CA42E258ECF71,REQUIRES_ISOLATION,ISOLATION_TOPOLOGY_REQUIRED,kiln-baseline-preflight-001.csv#row-2909
ANARCHI-TEST-OCC-1C2E4364ECDC2D42,REQUIRES_ISOLATION,READY_BUT_DIRTY_REPOSITORY,kiln-baseline-preflight-001.csv#row-2658
ANARCHI-TEST-OCC-1C2F53A052750EB7,ELIGIBLE,READY_FOR_BASELINE_EXECUTION_PLANNING,kiln-baseline-preflight-001.csv#row-1318
ANARCHI-TEST-OCC-1C3D86A6766F6F05,RUNNER_BLOCKED,RUNNER_RECONCILIATION_REQUIRED,kiln-baseline-preflight-001.csv#row-175
ANARCHI-TEST-OCC-1C40FD2AD044E3D9,REQUIRES_ISOLATION,ISOLATION_TOPOLOGY_REQUIRED,kiln-baseline-preflight-001.csv#row-1363
ANARCHI-TEST-OCC-1C46C75181A05F8B,RUNNER_BLOCKED,RUNNER_RECONCILIATION_REQUIRED,kiln-baseline-preflight-001.csv#row-2827
ANARCHI-TEST-OCC-1C6B388A714687B5,ELIGIBLE,READY_FOR_BASELINE_EXECUTION_PLANNING,kiln-baseline-preflight-001.csv#row-2701
ANARCHI-TEST-OCC-1C6D4DEF44D6FF96,ELIGIBLE,READY_FOR_BASELINE_EXECUTION_PLANNING,kiln-baseline-preflight-001.csv#row-3009
ANARCHI-TEST-OCC-1CA8BBE5C7C0E228,REQUIRES_ISOLATION,READY_BUT_DIRTY_REPOSITORY,kiln-baseline-preflight-001.csv#row-3281
ANARCHI-TEST-OCC-1CD2CC0307CC6EBD,REQUIRES_ISOLATION,READY_BUT_DIRTY_REPOSITORY,kiln-baseline-preflight-001.csv#row-2513
ANARCHI-TEST-OCC-1CE24B68964C3716,ELIGIBLE,READY_FOR_BASELINE_EXECUTION_PLANNING,kiln-baseline-preflight-001.csv#row-1974
ANARCHI-TEST-OCC-1CF59761B2830480,RUNNER_BLOCKED,RUNNER_RECONCILIATION_REQUIRED,kiln-baseline-preflight-001.csv#row-1433
ANARCHI-TEST-OCC-1D0231DF70E77A78,ELIGIBLE,READY_FOR_BASELINE_EXECUTION_PLANNING,kiln-baseline-preflight-001.csv#row-153
ANARCHI-TEST-OCC-1D0D61CB97DB3D80,ELIGIBLE,READY_FOR_BASELINE_EXECUTION_PLANNING,kiln-baseline-preflight-001.csv#row-2818
ANARCHI-TEST-OCC-1D4B626B29892E93,REQUIRES_ISOLATION,READY_BUT_DIRTY_REPOSITORY,kiln-baseline-preflight-001.csv#row-2932
ANARCHI-TEST-OCC-1D4DABE695A1AB3F,SUPPORT_ONLY,SUPPORT_ARTIFACT_ONLY,kiln-baseline-preflight-001.csv#row-3169
ANARCHI-TEST-OCC-1D4EF468A6BFAB09,REQUIRES_ISOLATION,ISOLATION_TOPOLOGY_REQUIRED,kiln-baseline-preflight-001.csv#row-143
ANARCHI-TEST-OCC-1D6511202FEE2D58,RUNNER_BLOCKED,RUNNER_RECONCILIATION_REQUIRED,kiln-baseline-preflight-001.csv#row-892
ANARCHI-TEST-OCC-1D67FFCC5DA3B54C,ELIGIBLE,READY_FOR_BASELINE_EXECUTION_PLANNING,kiln-baseline-preflight-001.csv#row-1389
ANARCHI-TEST-OCC-1D7068DEA94E7B7F,ELIGIBLE,READY_FOR_BASELINE_EXECUTION_PLANNING,kiln-baseline-preflight-001.csv#row-2015
ANARCHI-TEST-OCC-1D771E736B60DA8F,REQUIRES_ISOLATION,ISOLATION_TOPOLOGY_REQUIRED,kiln-baseline-preflight-001.csv#row-279
ANARCHI-TEST-OCC-1D801188FBC9B7AE,REQUIRES_SANDBOX,SANDBOX_TOPOLOGY_REQUIRED,kiln-baseline-preflight-001.csv#row-1489
ANARCHI-TEST-OCC-1D883ADEAD3C3FB8,SUPPORT_ONLY,SUPPORT_ARTIFACT_ONLY,kiln-baseline-preflight-001.csv#row-11
ANARCHI-TEST-OCC-1DB6647DE6969543,ELIGIBLE,READY_FOR_BASELINE_EXECUTION_PLANNING,kiln-baseline-preflight-001.csv#row-133
ANARCHI-TEST-OCC-1DE1759A31901132,ELIGIBLE,READY_FOR_BASELINE_EXECUTION_PLANNING,kiln-baseline-preflight-001.csv#row-691
ANARCHI-TEST-OCC-1DE27B07771E06BB,SUPPORT_ONLY,SUPPORT_ARTIFACT_ONLY,kiln-baseline-preflight-001.csv#row-1016
ANARCHI-TEST-OCC-1E0FCA1C21C51DF0,REQUIRES_ISOLATION,ISOLATION_TOPOLOGY_REQUIRED,kiln-baseline-preflight-001.csv#row-1380
ANARCHI-TEST-OCC-1E15CDF0B875825E,REQUIRES_ISOLATION,READY_BUT_DIRTY_REPOSITORY,kiln-baseline-preflight-001.csv#row-1613
ANARCHI-TEST-OCC-1E2633832F50E3E5,ELIGIBLE,READY_FOR_BASELINE_EXECUTION_PLANNING,kiln-baseline-preflight-001.csv#row-1650
ANARCHI-TEST-OCC-1E30676B2091A2E6,SUPPORT_ONLY,SUPPORT_ARTIFACT_ONLY,kiln-baseline-preflight-001.csv#row-1216
ANARCHI-TEST-OCC-1E3106D47B787512,ELIGIBLE,READY_FOR_BASELINE_EXECUTION_PLANNING,kiln-baseline-preflight-001.csv#row-2093
ANARCHI-TEST-OCC-1E341620ED420373,ELIGIBLE,READY_FOR_BASELINE_EXECUTION_PLANNING,kiln-baseline-preflight-001.csv#row-2122
ANARCHI-TEST-OCC-1E37AA1715691D07,RUNNER_BLOCKED,RUNNER_RECONCILIATION_REQUIRED,kiln-baseline-preflight-001.csv#row-1672
ANARCHI-TEST-OCC-1E42600315672359,REQUIRES_ISOLATION,ISOLATION_TOPOLOGY_REQUIRED,kiln-baseline-preflight-001.csv#row-2740
ANARCHI-TEST-OCC-1E45F58107C6E419,ELIGIBLE,READY_FOR_BASELINE_EXECUTION_PLANNING,kiln-baseline-preflight-001.csv#row-18
ANARCHI-TEST-OCC-1E504AB8CAD4E85E,ELIGIBLE,READY_FOR_BASELINE_EXECUTION_PLANNING,kiln-baseline-preflight-001.csv#row-2449
ANARCHI-TEST-OCC-1E55FAED8EEBF829,RUNNER_BLOCKED,RUNNER_RECONCILIATION_REQUIRED,kiln-baseline-preflight-001.csv#row-1279
ANARCHI-TEST-OCC-1E58CF110BAAC272,SUPPORT_ONLY,SUPPORT_ARTIFACT_ONLY,kiln-baseline-preflight-001.csv#row-1566
ANARCHI-TEST-OCC-1E5A9CC12692182F,REQUIRES_ISOLATION,ISOLATION_TOPOLOGY_REQUIRED,kiln-baseline-preflight-001.csv#row-414
ANARCHI-TEST-OCC-1E7F1B41CE02E943,SUPPORT_ONLY,SUPPORT_ARTIFACT_ONLY,kiln-baseline-preflight-001.csv#row-1314
ANARCHI-TEST-OCC-1E84D58A8CCF978A,ELIGIBLE,READY_FOR_BASELINE_EXECUTION_PLANNING,kiln-baseline-preflight-001.csv#row-2720
ANARCHI-TEST-OCC-1EA0D7230AF83FDE,RUNNER_BLOCKED,RUNNER_RECONCILIATION_REQUIRED,kiln-baseline-preflight-001.csv#row-1455
ANARCHI-TEST-OCC-1EB47A8052BAC455,ELIGIBLE,READY_FOR_BASELINE_EXECUTION_PLANNING,kiln-baseline-preflight-001.csv#row-58
ANARCHI-TEST-OCC-1EC6C4CCE97B5843,ELIGIBLE,READY_FOR_BASELINE_EXECUTION_PLANNING,kiln-baseline-preflight-001.csv#row-1594
ANARCHI-TEST-OCC-1ED69CDA24566C8F,REQUIRES_ISOLATION,ISOLATION_TOPOLOGY_REQUIRED,kiln-baseline-preflight-001.csv#row-1848
ANARCHI-TEST-OCC-1EDA29ADAF0F66E2,RUNNER_BLOCKED,RUNNER_RECONCILIATION_REQUIRED,kiln-baseline-preflight-001.csv#row-2440
ANARCHI-TEST-OCC-1EE5F2DF1684370C,ELIGIBLE,READY_FOR_BASELINE_EXECUTION_PLANNING,kiln-baseline-preflight-001.csv#row-3243
ANARCHI-TEST-OCC-1EF16C09F9C6E6D2,ELIGIBLE,READY_FOR_BASELINE_EXECUTION_PLANNING,kiln-baseline-preflight-001.csv#row-78
ANARCHI-TEST-OCC-1EFC6B9047550D8B,ELIGIBLE,READY_FOR_BASELINE_EXECUTION_PLANNING,kiln-baseline-preflight-001.csv#row-1500
ANARCHI-TEST-OCC-1F4D9F6EE0D41C35,ELIGIBLE,READY_FOR_BASELINE_EXECUTION_PLANNING,kiln-baseline-preflight-001.csv#row-501
ANARCHI-TEST-OCC-1F50802752AF965B,SUPPORT_ONLY,SUPPORT_ARTIFACT_ONLY,kiln-baseline-preflight-001.csv#row-23
ANARCHI-TEST-OCC-1F6A1D9A1064C95B,SUPPORT_ONLY,SUPPORT_ARTIFACT_ONLY,kiln-baseline-preflight-001.csv#row-1608
ANARCHI-TEST-OCC-1F8DC45388EE7A01,ELIGIBLE,READY_FOR_BASELINE_EXECUTION_PLANNING,kiln-baseline-preflight-001.csv#row-2907
ANARCHI-TEST-OCC-1F90D4BF920A8E80,ELIGIBLE,READY_FOR_BASELINE_EXECUTION_PLANNING,kiln-baseline-preflight-001.csv#row-1835
ANARCHI-TEST-OCC-1F920FD65E6595C1,RUNNER_BLOCKED,RUNNER_RECONCILIATION_REQUIRED,kiln-baseline-preflight-001.csv#row-2292
ANARCHI-TEST-OCC-1F9BA1FFC6FB713C,ELIGIBLE,READY_FOR_BASELINE_EXECUTION_PLANNING,kiln-baseline-preflight-001.csv#row-1091
ANARCHI-TEST-OCC-1FAC86A7FE2AC6F1,REQUIRES_SANDBOX,SANDBOX_TOPOLOGY_REQUIRED,kiln-baseline-preflight-001.csv#row-1106
ANARCHI-TEST-OCC-1FACA811638A2888,ELIGIBLE,READY_FOR_BASELINE_EXECUTION_PLANNING,kiln-baseline-preflight-001.csv#row-2621
ANARCHI-TEST-OCC-1FB195B28DF02483,RUNNER_BLOCKED,RUNNER_RECONCILIATION_REQUIRED,kiln-baseline-preflight-001.csv#row-3079
ANARCHI-TEST-OCC-1FB49C9462A7E260,ELIGIBLE,READY_FOR_BASELINE_EXECUTION_PLANNING,kiln-baseline-preflight-001.csv#row-730
ANARCHI-TEST-OCC-1FCF14DE44E043F4,REQUIRES_ISOLATION,READY_BUT_DIRTY_REPOSITORY,kiln-baseline-preflight-001.csv#row-3055
ANARCHI-TEST-OCC-1FD869746B19501A,RUNNER_BLOCKED,RUNNER_RECONCILIATION_REQUIRED,kiln-baseline-preflight-001.csv#row-3071
ANARCHI-TEST-OCC-1FDFE61AA90FE6A1,ELIGIBLE,READY_FOR_BASELINE_EXECUTION_PLANNING,kiln-baseline-preflight-001.csv#row-1742
ANARCHI-TEST-OCC-203C75330253A126,ELIGIBLE,READY_FOR_BASELINE_EXECUTION_PLANNING,kiln-baseline-preflight-001.csv#row-524
ANARCHI-TEST-OCC-20519F35149DD641,ELIGIBLE,READY_FOR_BASELINE_EXECUTION_PLANNING,kiln-baseline-preflight-001.csv#row-1208
ANARCHI-TEST-OCC-2056DFA6F6355501,ELIGIBLE,READY_FOR_BASELINE_EXECUTION_PLANNING,kiln-baseline-preflight-001.csv#row-3018
ANARCHI-TEST-OCC-210A2F641429804C,ELIGIBLE,READY_FOR_BASELINE_EXECUTION_PLANNING,kiln-baseline-preflight-001.csv#row-968
ANARCHI-TEST-OCC-2114CC008FE825BC,REQUIRES_ISOLATION,ISOLATION_TOPOLOGY_REQUIRED,kiln-baseline-preflight-001.csv#row-1758
ANARCHI-TEST-OCC-2116388F670D2BC5,RUNNER_BLOCKED,RUNNER_RECONCILIATION_REQUIRED,kiln-baseline-preflight-001.csv#row-2223
ANARCHI-TEST-OCC-2172B850F28D4088,ELIGIBLE,READY_FOR_BASELINE_EXECUTION_PLANNING,kiln-baseline-preflight-001.csv#row-2915
ANARCHI-TEST-OCC-21992EEAF754D1DE,SUPPORT_ONLY,SUPPORT_ARTIFACT_ONLY,kiln-baseline-preflight-001.csv#row-40
ANARCHI-TEST-OCC-21A3D63DAD1922DF,ELIGIBLE,READY_FOR_BASELINE_EXECUTION_PLANNING,kiln-baseline-preflight-001.csv#row-2948
ANARCHI-TEST-OCC-21BC1C13042C64EF,ELIGIBLE,READY_FOR_BASELINE_EXECUTION_PLANNING,kiln-baseline-preflight-001.csv#row-434
ANARCHI-TEST-OCC-21DDAD922256A5BF,REQUIRES_ISOLATION,ISOLATION_TOPOLOGY_REQUIRED,kiln-baseline-preflight-001.csv#row-1005
ANARCHI-TEST-OCC-21F2C0571B32E001,ELIGIBLE,READY_FOR_BASELINE_EXECUTION_PLANNING,kiln-baseline-preflight-001.csv#row-2542
ANARCHI-TEST-OCC-21FAB4AA44F922E1,ELIGIBLE,READY_FOR_BASELINE_EXECUTION_PLANNING,kiln-baseline-preflight-001.csv#row-2600
ANARCHI-TEST-OCC-21FD1263A84797DF,SUPPORT_ONLY,SUPPORT_ARTIFACT_ONLY,kiln-baseline-preflight-001.csv#row-52
ANARCHI-TEST-OCC-21FF21424FDF42F6,RUNNER_BLOCKED,RUNNER_RECONCILIATION_REQUIRED,kiln-baseline-preflight-001.csv#row-2733
ANARCHI-TEST-OCC-2222B44F803A709E,REQUIRES_ISOLATION,ISOLATION_TOPOLOGY_REQUIRED,kiln-baseline-preflight-001.csv#row-3135
ANARCHI-TEST-OCC-223A7D1A261ACC7A,SUPPORT_ONLY,SUPPORT_ARTIFACT_ONLY,kiln-baseline-preflight-001.csv#row-1898
ANARCHI-TEST-OCC-223A871B78E7070C,ELIGIBLE,READY_FOR_BASELINE_EXECUTION_PLANNING,kiln-baseline-preflight-001.csv#row-681
ANARCHI-TEST-OCC-22C3B8C330CEFC5C,RUNNER_BLOCKED,RUNNER_RECONCILIATION_REQUIRED,kiln-baseline-preflight-001.csv#row-2856
ANARCHI-TEST-OCC-22CD20F8B1F65EE4,ELIGIBLE,READY_FOR_BASELINE_EXECUTION_PLANNING,kiln-baseline-preflight-001.csv#row-2893
ANARCHI-TEST-OCC-22D09A6FB49DFBC4,SUPPORT_ONLY,SUPPORT_ARTIFACT_ONLY,kiln-baseline-preflight-001.csv#row-3194
ANARCHI-TEST-OCC-22D16C9F459B1D75,SUPPORT_ONLY,SUPPORT_ARTIFACT_ONLY,kiln-baseline-preflight-001.csv#row-1252
ANARCHI-TEST-OCC-22D34462EF741915,ELIGIBLE,READY_FOR_BASELINE_EXECUTION_PLANNING,kiln-baseline-preflight-001.csv#row-71
ANARCHI-TEST-OCC-22E010C28C5C1895,ELIGIBLE,READY_FOR_BASELINE_EXECUTION_PLANNING,kiln-baseline-preflight-001.csv#row-1197
ANARCHI-TEST-OCC-230233E3B568E287,RUNNER_BLOCKED,RUNNER_RECONCILIATION_REQUIRED,kiln-baseline-preflight-001.csv#row-2285
ANARCHI-TEST-OCC-23701BB9109A17D9,SUPPORT_ONLY,SUPPORT_ARTIFACT_ONLY,kiln-baseline-preflight-001.csv#row-1580
ANARCHI-TEST-OCC-237466169656AF2F,ELIGIBLE,READY_FOR_BASELINE_EXECUTION_PLANNING,kiln-baseline-preflight-001.csv#row-885
ANARCHI-TEST-OCC-23755C3F566ABB29,ELIGIBLE,READY_FOR_BASELINE_EXECUTION_PLANNING,kiln-baseline-preflight-001.csv#row-1453
ANARCHI-TEST-OCC-23A1A6BB94069747,RUNNER_BLOCKED,RUNNER_RECONCILIATION_REQUIRED,kiln-baseline-preflight-001.csv#row-190
ANARCHI-TEST-OCC-23A415DD2486A2EC,ELIGIBLE,READY_FOR_BASELINE_EXECUTION_PLANNING,kiln-baseline-preflight-001.csv#row-652
ANARCHI-TEST-OCC-23C9F5C2F4BE0644,ELIGIBLE,READY_FOR_BASELINE_EXECUTION_PLANNING,kiln-baseline-preflight-001.csv#row-2559
ANARCHI-TEST-OCC-23F11E0B48F66210,REQUIRES_ISOLATION,ISOLATION_TOPOLOGY_REQUIRED,kiln-baseline-preflight-001.csv#row-1956
ANARCHI-TEST-OCC-23F3136EFB94B7E5,REQUIRES_SANDBOX,SANDBOX_TOPOLOGY_REQUIRED,kiln-baseline-preflight-001.csv#row-1089
ANARCHI-TEST-OCC-23F4BD3A2EA2DF60,ELIGIBLE,READY_FOR_BASELINE_EXECUTION_PLANNING,kiln-baseline-preflight-001.csv#row-1201
ANARCHI-TEST-OCC-23FF18FB4BEDCAFB,SUPPORT_ONLY,SUPPORT_ARTIFACT_ONLY,kiln-baseline-preflight-001.csv#row-2267
ANARCHI-TEST-OCC-240F8A64328F3B53,REQUIRES_SANDBOX,SANDBOX_TOPOLOGY_REQUIRED,kiln-baseline-preflight-001.csv#row-165
ANARCHI-TEST-OCC-242736CA37D9CE26,ELIGIBLE,READY_FOR_BASELINE_EXECUTION_PLANNING,kiln-baseline-preflight-001.csv#row-1078
ANARCHI-TEST-OCC-242F5B6DC9654BBD,RUNNER_BLOCKED,RUNNER_RECONCILIATION_REQUIRED,kiln-baseline-preflight-001.csv#row-733
ANARCHI-TEST-OCC-24745F1C461150D8,REQUIRES_SANDBOX,SANDBOX_TOPOLOGY_REQUIRED,kiln-baseline-preflight-001.csv#row-1382
ANARCHI-TEST-OCC-247527BAEF088A8C,ELIGIBLE,READY_FOR_BASELINE_EXECUTION_PLANNING,kiln-baseline-preflight-001.csv#row-2456
ANARCHI-TEST-OCC-24917BDF68DD04C0,RUNNER_BLOCKED,RUNNER_RECONCILIATION_REQUIRED,kiln-baseline-preflight-001.csv#row-2433
ANARCHI-TEST-OCC-24A009E9D26FF465,SUPPORT_ONLY,SUPPORT_ARTIFACT_ONLY,kiln-baseline-preflight-001.csv#row-900
ANARCHI-TEST-OCC-24A0D05373C697D1,ELIGIBLE,READY_FOR_BASELINE_EXECUTION_PLANNING,kiln-baseline-preflight-001.csv#row-2567
ANARCHI-TEST-OCC-25078147133CB44B,RUNNER_BLOCKED,RUNNER_RECONCILIATION_REQUIRED,kiln-baseline-preflight-001.csv#row-1531
ANARCHI-TEST-OCC-25090E988DE9E464,REQUIRES_ISOLATION,ISOLATION_TOPOLOGY_REQUIRED,kiln-baseline-preflight-001.csv#row-1744
ANARCHI-TEST-OCC-253164C9A8DA20E1,SUPPORT_ONLY,SUPPORT_ARTIFACT_ONLY,kiln-baseline-preflight-001.csv#row-2868
ANARCHI-TEST-OCC-2536F603A85E4F68,ELIGIBLE,READY_FOR_BASELINE_EXECUTION_PLANNING,kiln-baseline-preflight-001.csv#row-3022
ANARCHI-TEST-OCC-2575BC1881DFD185,ELIGIBLE,READY_FOR_BASELINE_EXECUTION_PLANNING,kiln-baseline-preflight-001.csv#row-2273
ANARCHI-TEST-OCC-258077726B8A6AD5,ELIGIBLE,READY_FOR_BASELINE_EXECUTION_PLANNING,kiln-baseline-preflight-001.csv#row-781
ANARCHI-TEST-OCC-25A5FDB5ECAE9A3A,RUNNER_BLOCKED,RUNNER_RECONCILIATION_REQUIRED,kiln-baseline-preflight-001.csv#row-172
ANARCHI-TEST-OCC-25ED9CEF419E7A5B,RUNNER_BLOCKED,RUNNER_RECONCILIATION_REQUIRED,kiln-baseline-preflight-001.csv#row-357
ANARCHI-TEST-OCC-25F772362CD67F10,ELIGIBLE,READY_FOR_BASELINE_EXECUTION_PLANNING,kiln-baseline-preflight-001.csv#row-1421
ANARCHI-TEST-OCC-262CAEE25704D275,RUNNER_BLOCKED,RUNNER_RECONCILIATION_REQUIRED,kiln-baseline-preflight-001.csv#row-2279
ANARCHI-TEST-OCC-2648D6CEC4F92643,SUPPORT_ONLY,SUPPORT_ARTIFACT_ONLY,kiln-baseline-preflight-001.csv#row-2198
ANARCHI-TEST-OCC-264B0E2B846EA807,REQUIRES_ISOLATION,ISOLATION_TOPOLOGY_REQUIRED,kiln-baseline-preflight-001.csv#row-1996
ANARCHI-TEST-OCC-265021F3A3C82980,RUNNER_BLOCKED,RUNNER_RECONCILIATION_REQUIRED,kiln-baseline-preflight-001.csv#row-1368
ANARCHI-TEST-OCC-265C835E9B33676E,ELIGIBLE,READY_FOR_BASELINE_EXECUTION_PLANNING,kiln-baseline-preflight-001.csv#row-931
ANARCHI-TEST-OCC-268475DD3C925170,ELIGIBLE,READY_FOR_BASELINE_EXECUTION_PLANNING,kiln-baseline-preflight-001.csv#row-877
ANARCHI-TEST-OCC-26987F7A4C07863E,ELIGIBLE,READY_FOR_BASELINE_EXECUTION_PLANNING,kiln-baseline-preflight-001.csv#row-1817
ANARCHI-TEST-OCC-26A8EDE09DFCC946,RUNNER_BLOCKED,RUNNER_RECONCILIATION_REQUIRED,kiln-baseline-preflight-001.csv#row-92
ANARCHI-TEST-OCC-26E93CC27B28E2BD,RUNNER_BLOCKED,RUNNER_RECONCILIATION_REQUIRED,kiln-baseline-preflight-001.csv#row-1779
ANARCHI-TEST-OCC-26FC1637C2DE5E2B,REQUIRES_ISOLATION,ISOLATION_TOPOLOGY_REQUIRED,kiln-baseline-preflight-001.csv#row-1459
ANARCHI-TEST-OCC-270040990C27AA0B,REQUIRES_SANDBOX,SANDBOX_TOPOLOGY_REQUIRED,kiln-baseline-preflight-001.csv#row-1067
ANARCHI-TEST-OCC-2745670D71721FAB,REQUIRES_SANDBOX,SANDBOX_TOPOLOGY_REQUIRED,kiln-baseline-preflight-001.csv#row-2233
ANARCHI-TEST-OCC-274A923A89F04480,REQUIRES_ISOLATION,READY_BUT_DIRTY_REPOSITORY,kiln-baseline-preflight-001.csv#row-232
ANARCHI-TEST-OCC-274C78F947295D86,ELIGIBLE,READY_FOR_BASELINE_EXECUTION_PLANNING,kiln-baseline-preflight-001.csv#row-2400
ANARCHI-TEST-OCC-2762268328A04A2B,ELIGIBLE,READY_FOR_BASELINE_EXECUTION_PLANNING,kiln-baseline-preflight-001.csv#row-1785
ANARCHI-TEST-OCC-2775A03E60E4561C,SUPPORT_ONLY,SUPPORT_ARTIFACT_ONLY,kiln-baseline-preflight-001.csv#row-859
ANARCHI-TEST-OCC-27804B8299231575,SUPPORT_ONLY,SUPPORT_ARTIFACT_ONLY,kiln-baseline-preflight-001.csv#row-3260
ANARCHI-TEST-OCC-278D231113913E89,REQUIRES_ISOLATION,READY_BUT_DIRTY_REPOSITORY,kiln-baseline-preflight-001.csv#row-2606
ANARCHI-TEST-OCC-27C44783A5B1758C,RUNNER_BLOCKED,RUNNER_RECONCILIATION_REQUIRED,kiln-baseline-preflight-001.csv#row-1105
ANARCHI-TEST-OCC-27EF1246A9DB4CC5,SUPPORT_ONLY,SUPPORT_ARTIFACT_ONLY,kiln-baseline-preflight-001.csv#row-2743
ANARCHI-TEST-OCC-27FCD9F004A105B5,ELIGIBLE,READY_FOR_BASELINE_EXECUTION_PLANNING,kiln-baseline-preflight-001.csv#row-1923
ANARCHI-TEST-OCC-2800C053E8639DFF,RUNNER_BLOCKED,RUNNER_RECONCILIATION_REQUIRED,kiln-baseline-preflight-001.csv#row-2913
ANARCHI-TEST-OCC-28026A742007F7E6,SUPPORT_ONLY,SUPPORT_ARTIFACT_ONLY,kiln-baseline-preflight-001.csv#row-1257
ANARCHI-TEST-OCC-28027FAF4B4484EE,ELIGIBLE,READY_FOR_BASELINE_EXECUTION_PLANNING,kiln-baseline-preflight-001.csv#row-717
ANARCHI-TEST-OCC-282988A2D07B3A4A,REQUIRES_ISOLATION,ISOLATION_TOPOLOGY_REQUIRED,kiln-baseline-preflight-001.csv#row-2207
ANARCHI-TEST-OCC-2839C502FCDA2CC7,SUPPORT_ONLY,SUPPORT_ARTIFACT_ONLY,kiln-baseline-preflight-001.csv#row-2876
ANARCHI-TEST-OCC-284DDBDFFC73DF8A,SUPPORT_ONLY,SUPPORT_ARTIFACT_ONLY,kiln-baseline-preflight-001.csv#row-1851
ANARCHI-TEST-OCC-285ECC1B63042560,ELIGIBLE,READY_FOR_BASELINE_EXECUTION_PLANNING,kiln-baseline-preflight-001.csv#row-3175
ANARCHI-TEST-OCC-286677F41459E596,ELIGIBLE,READY_FOR_BASELINE_EXECUTION_PLANNING,kiln-baseline-preflight-001.csv#row-1915
ANARCHI-TEST-OCC-288CB86FBF344670,RUNNER_BLOCKED,RUNNER_RECONCILIATION_REQUIRED,kiln-baseline-preflight-001.csv#row-1226
ANARCHI-TEST-OCC-2897B7BF0134F0DF,ELIGIBLE,READY_FOR_BASELINE_EXECUTION_PLANNING,kiln-baseline-preflight-001.csv#row-127
ANARCHI-TEST-OCC-28C8F408D84C61DE,ELIGIBLE,READY_FOR_BASELINE_EXECUTION_PLANNING,kiln-baseline-preflight-001.csv#row-911
ANARCHI-TEST-OCC-28D50315F77CEEF7,ELIGIBLE,READY_FOR_BASELINE_EXECUTION_PLANNING,kiln-baseline-preflight-001.csv#row-3064
ANARCHI-TEST-OCC-28FB75D8F3A617B7,RUNNER_BLOCKED,RUNNER_RECONCILIATION_REQUIRED,kiln-baseline-preflight-001.csv#row-2672
ANARCHI-TEST-OCC-28FC63D035EEEB7C,ELIGIBLE,READY_FOR_BASELINE_EXECUTION_PLANNING,kiln-baseline-preflight-001.csv#row-1986
ANARCHI-TEST-OCC-2902B05F76834C76,ELIGIBLE,READY_FOR_BASELINE_EXECUTION_PLANNING,kiln-baseline-preflight-001.csv#row-1160
ANARCHI-TEST-OCC-290EA16A959546AB,REQUIRES_ISOLATION,ISOLATION_TOPOLOGY_REQUIRED,kiln-baseline-preflight-001.csv#row-1077
ANARCHI-TEST-OCC-2910E3F556D5C7DB,RUNNER_BLOCKED,RUNNER_RECONCILIATION_REQUIRED,kiln-baseline-preflight-001.csv#row-2884
ANARCHI-TEST-OCC-293BAEA1E516D845,REQUIRES_ISOLATION,ISOLATION_TOPOLOGY_REQUIRED,kiln-baseline-preflight-001.csv#row-2299
ANARCHI-TEST-OCC-2944B3A85079968D,ELIGIBLE,READY_FOR_BASELINE_EXECUTION_PLANNING,kiln-baseline-preflight-001.csv#row-3244
ANARCHI-TEST-OCC-294B17B4D745E54B,ELIGIBLE,READY_FOR_BASELINE_EXECUTION_PLANNING,kiln-baseline-preflight-001.csv#row-751
ANARCHI-TEST-OCC-295C760EE90EF253,SUPPORT_ONLY,SUPPORT_ARTIFACT_ONLY,kiln-baseline-preflight-001.csv#row-1188
ANARCHI-TEST-OCC-29864B862F78E6D2,SUPPORT_ONLY,SUPPORT_ARTIFACT_ONLY,kiln-baseline-preflight-001.csv#row-1546
ANARCHI-TEST-OCC-29B6FB5C178DA6F1,SUPPORT_ONLY,SUPPORT_ARTIFACT_ONLY,kiln-baseline-preflight-001.csv#row-852
ANARCHI-TEST-OCC-29E0B62CAFAD863C,ELIGIBLE,READY_FOR_BASELINE_EXECUTION_PLANNING,kiln-baseline-preflight-001.csv#row-1457
ANARCHI-TEST-OCC-29E74F28AD22295B,REQUIRES_ISOLATION,ISOLATION_TOPOLOGY_REQUIRED,kiln-baseline-preflight-001.csv#row-634
ANARCHI-TEST-OCC-29EAB40B6F184839,RUNNER_BLOCKED,RUNNER_RECONCILIATION_REQUIRED,kiln-baseline-preflight-001.csv#row-27
ANARCHI-TEST-OCC-2A1F831565C9EA0B,REQUIRES_ISOLATION,ISOLATION_TOPOLOGY_REQUIRED,kiln-baseline-preflight-001.csv#row-1375
ANARCHI-TEST-OCC-2A2F3E22AC6916D8,ELIGIBLE,READY_FOR_BASELINE_EXECUTION_PLANNING,kiln-baseline-preflight-001.csv#row-3087
ANARCHI-TEST-OCC-2A389769229CE036,ELIGIBLE,READY_FOR_BASELINE_EXECUTION_PLANNING,kiln-baseline-preflight-001.csv#row-2535
ANARCHI-TEST-OCC-2A3FC218C20AE1C0,ELIGIBLE,READY_FOR_BASELINE_EXECUTION_PLANNING,kiln-baseline-preflight-001.csv#row-539
ANARCHI-TEST-OCC-2A48DDCB873F3598,REQUIRES_ISOLATION,ISOLATION_TOPOLOGY_REQUIRED,kiln-baseline-preflight-001.csv#row-2163
ANARCHI-TEST-OCC-2A5883A8236056B8,REQUIRES_ISOLATION,ISOLATION_TOPOLOGY_REQUIRED,kiln-baseline-preflight-001.csv#row-1694
ANARCHI-TEST-OCC-2A769FC7C8FD6473,ELIGIBLE,READY_FOR_BASELINE_EXECUTION_PLANNING,kiln-baseline-preflight-001.csv#row-1629
ANARCHI-TEST-OCC-2A79A6835AC37988,REQUIRES_ISOLATION,READY_BUT_DIRTY_REPOSITORY,kiln-baseline-preflight-001.csv#row-3187
ANARCHI-TEST-OCC-2A7F6BEC5F92CA2E,ELIGIBLE,READY_FOR_BASELINE_EXECUTION_PLANNING,kiln-baseline-preflight-001.csv#row-1816
ANARCHI-TEST-OCC-2A8FB689EED9FD7E,REQUIRES_SANDBOX,SANDBOX_TOPOLOGY_REQUIRED,kiln-baseline-preflight-001.csv#row-1113
ANARCHI-TEST-OCC-2AA1BFF559CA5AFC,SUPPORT_ONLY,SUPPORT_ARTIFACT_ONLY,kiln-baseline-preflight-001.csv#row-1563
ANARCHI-TEST-OCC-2AEA64E8F3E4CAD2,ELIGIBLE,READY_FOR_BASELINE_EXECUTION_PLANNING,kiln-baseline-preflight-001.csv#row-2911
ANARCHI-TEST-OCC-2AFF9159F25ACBB8,ELIGIBLE,READY_FOR_BASELINE_EXECUTION_PLANNING,kiln-baseline-preflight-001.csv#row-2276
ANARCHI-TEST-OCC-2B11029CA08CAC16,SUPPORT_ONLY,SUPPORT_ARTIFACT_ONLY,kiln-baseline-preflight-001.csv#row-657
ANARCHI-TEST-OCC-2B251C76F4208798,ELIGIBLE,READY_FOR_BASELINE_EXECUTION_PLANNING,kiln-baseline-preflight-001.csv#row-2049
ANARCHI-TEST-OCC-2B2DEF8259983496,REQUIRES_ISOLATION,ISOLATION_TOPOLOGY_REQUIRED,kiln-baseline-preflight-001.csv#row-2500
ANARCHI-TEST-OCC-2B37405A18576EFB,REQUIRES_ISOLATION,READY_BUT_DIRTY_REPOSITORY,kiln-baseline-preflight-001.csv#row-2570
ANARCHI-TEST-OCC-2B3A97056E95F371,ELIGIBLE,READY_FOR_BASELINE_EXECUTION_PLANNING,kiln-baseline-preflight-001.csv#row-545
ANARCHI-TEST-OCC-2B623BE24714ADCF,ELIGIBLE,READY_FOR_BASELINE_EXECUTION_PLANNING,kiln-baseline-preflight-001.csv#row-1062
ANARCHI-TEST-OCC-2B7F9624DDE07359,ELIGIBLE,READY_FOR_BASELINE_EXECUTION_PLANNING,kiln-baseline-preflight-001.csv#row-2646
ANARCHI-TEST-OCC-2B890A502A996346,REQUIRES_ISOLATION,ISOLATION_TOPOLOGY_REQUIRED,kiln-baseline-preflight-001.csv#row-2493
ANARCHI-TEST-OCC-2B958BC5B3B76E67,REQUIRES_ISOLATION,ISOLATION_TOPOLOGY_REQUIRED,kiln-baseline-preflight-001.csv#row-2914
ANARCHI-TEST-OCC-2B9BA6BA165104B1,ELIGIBLE,READY_FOR_BASELINE_EXECUTION_PLANNING,kiln-baseline-preflight-001.csv#row-2857
ANARCHI-TEST-OCC-2BB6A64EB577874D,REQUIRES_ISOLATION,ISOLATION_TOPOLOGY_REQUIRED,kiln-baseline-preflight-001.csv#row-718
ANARCHI-TEST-OCC-2BD230B29B0FE486,RUNNER_BLOCKED,RUNNER_RECONCILIATION_REQUIRED,kiln-baseline-preflight-001.csv#row-2251
ANARCHI-TEST-OCC-2BD6C6DA79A115C5,ELIGIBLE,READY_FOR_BASELINE_EXECUTION_PLANNING,kiln-baseline-preflight-001.csv#row-749
ANARCHI-TEST-OCC-2BD6CB858DFF9345,REQUIRES_ISOLATION,ISOLATION_TOPOLOGY_REQUIRED,kiln-baseline-preflight-001.csv#row-1224
ANARCHI-TEST-OCC-2BD92D22B9C1143B,RUNNER_BLOCKED,RUNNER_RECONCILIATION_REQUIRED,kiln-baseline-preflight-001.csv#row-1768
ANARCHI-TEST-OCC-2BE32E95F022C6FF,SUPPORT_ONLY,SUPPORT_ARTIFACT_ONLY,kiln-baseline-preflight-001.csv#row-1086
ANARCHI-TEST-OCC-2BE8344324D758CB,SUPPORT_ONLY,SUPPORT_ARTIFACT_ONLY,kiln-baseline-preflight-001.csv#row-2490
ANARCHI-TEST-OCC-2C1889F2613CE066,RUNNER_BLOCKED,RUNNER_RECONCILIATION_REQUIRED,kiln-baseline-preflight-001.csv#row-1352
ANARCHI-TEST-OCC-2C1AAE724874AD38,ELIGIBLE,READY_FOR_BASELINE_EXECUTION_PLANNING,kiln-baseline-preflight-001.csv#row-3241
ANARCHI-TEST-OCC-2C4CA12CF8628AB3,ELIGIBLE,READY_FOR_BASELINE_EXECUTION_PLANNING,kiln-baseline-preflight-001.csv#row-2744
ANARCHI-TEST-OCC-2C51244586DB0AFD,ELIGIBLE,READY_FOR_BASELINE_EXECUTION_PLANNING,kiln-baseline-preflight-001.csv#row-3164
ANARCHI-TEST-OCC-2C6A45094D1842F6,ELIGIBLE,READY_FOR_BASELINE_EXECUTION_PLANNING,kiln-baseline-preflight-001.csv#row-3050
ANARCHI-TEST-OCC-2C7B0D8AD6FCF731,ELIGIBLE,READY_FOR_BASELINE_EXECUTION_PLANNING,kiln-baseline-preflight-001.csv#row-2023
ANARCHI-TEST-OCC-2C8A342479C89A4E,RUNNER_BLOCKED,RUNNER_RECONCILIATION_REQUIRED,kiln-baseline-preflight-001.csv#row-2115
ANARCHI-TEST-OCC-2C90484D7AAEAB8C,REQUIRES_ISOLATION,ISOLATION_TOPOLOGY_REQUIRED,kiln-baseline-preflight-001.csv#row-441
ANARCHI-TEST-OCC-2CA0C500DE775313,RUNNER_BLOCKED,RUNNER_RECONCILIATION_REQUIRED,kiln-baseline-preflight-001.csv#row-1884
ANARCHI-TEST-OCC-2CAB219510B2D074,REQUIRES_SANDBOX,SANDBOX_TOPOLOGY_REQUIRED,kiln-baseline-preflight-001.csv#row-558
ANARCHI-TEST-OCC-2CAD63BCE596790C,ELIGIBLE,READY_FOR_BASELINE_EXECUTION_PLANNING,kiln-baseline-preflight-001.csv#row-2316
ANARCHI-TEST-OCC-2CADB45A17B27F6D,SUPPORT_ONLY,SUPPORT_ARTIFACT_ONLY,kiln-baseline-preflight-001.csv#row-3142
ANARCHI-TEST-OCC-2CC0DA4311495585,SUPPORT_ONLY,SUPPORT_ARTIFACT_ONLY,kiln-baseline-preflight-001.csv#row-2332
ANARCHI-TEST-OCC-2CC372412E100D26,RUNNER_BLOCKED,RUNNER_RECONCILIATION_REQUIRED,kiln-baseline-preflight-001.csv#row-2383
ANARCHI-TEST-OCC-2CCE1055BBAF2F20,REQUIRES_ISOLATION,READY_BUT_DIRTY_REPOSITORY,kiln-baseline-preflight-001.csv#row-2874
ANARCHI-TEST-OCC-2CDBA89FEF2046A8,RUNNER_BLOCKED,RUNNER_RECONCILIATION_REQUIRED,kiln-baseline-preflight-001.csv#row-2759
ANARCHI-TEST-OCC-2CDEA98F9D2CF81A,ELIGIBLE,READY_FOR_BASELINE_EXECUTION_PLANNING,kiln-baseline-preflight-001.csv#row-863
ANARCHI-TEST-OCC-2CE0F4C262CC5ECF,SUPPORT_ONLY,SUPPORT_ARTIFACT_ONLY,kiln-baseline-preflight-001.csv#row-293
ANARCHI-TEST-OCC-2D1CB919B49FD59C,RUNNER_BLOCKED,RUNNER_RECONCILIATION_REQUIRED,kiln-baseline-preflight-001.csv#row-2580
ANARCHI-TEST-OCC-2D34BE8E57A7F3AD,REQUIRES_ISOLATION,ISOLATION_TOPOLOGY_REQUIRED,kiln-baseline-preflight-001.csv#row-2546
ANARCHI-TEST-OCC-2D4C26874DD7665D,ELIGIBLE,READY_FOR_BASELINE_EXECUTION_PLANNING,kiln-baseline-preflight-001.csv#row-2479
ANARCHI-TEST-OCC-2D53B92E2351D349,ELIGIBLE,READY_FOR_BASELINE_EXECUTION_PLANNING,kiln-baseline-preflight-001.csv#row-1716
ANARCHI-TEST-OCC-2D579CE381AB42EE,RUNNER_BLOCKED,RUNNER_RECONCILIATION_REQUIRED,kiln-baseline-preflight-001.csv#row-828
ANARCHI-TEST-OCC-2D62274FF80FE428,REQUIRES_ISOLATION,ISOLATION_TOPOLOGY_REQUIRED,kiln-baseline-preflight-001.csv#row-2293
ANARCHI-TEST-OCC-2D70C61A8BF29918,ELIGIBLE,READY_FOR_BASELINE_EXECUTION_PLANNING,kiln-baseline-preflight-001.csv#row-2766
ANARCHI-TEST-OCC-2D8394FA2393BCDD,SUPPORT_ONLY,SUPPORT_ARTIFACT_ONLY,kiln-baseline-preflight-001.csv#row-167
ANARCHI-TEST-OCC-2D9647FD177DFC96,REQUIRES_ISOLATION,ISOLATION_TOPOLOGY_REQUIRED,kiln-baseline-preflight-001.csv#row-716
ANARCHI-TEST-OCC-2DD1991B29A5ED23,ELIGIBLE,READY_FOR_BASELINE_EXECUTION_PLANNING,kiln-baseline-preflight-001.csv#row-649
ANARCHI-TEST-OCC-2DD4E67D54E7FBCC,REQUIRES_ISOLATION,ISOLATION_TOPOLOGY_REQUIRED,kiln-baseline-preflight-001.csv#row-1833
ANARCHI-TEST-OCC-2DE58451E038DF4B,RUNNER_BLOCKED,RUNNER_RECONCILIATION_REQUIRED,kiln-baseline-preflight-001.csv#row-1214
ANARCHI-TEST-OCC-2DEF68B34337C200,ELIGIBLE,READY_FOR_BASELINE_EXECUTION_PLANNING,kiln-baseline-preflight-001.csv#row-1730
ANARCHI-TEST-OCC-2E1AB0490A16C3AF,SUPPORT_ONLY,SUPPORT_ARTIFACT_ONLY,kiln-baseline-preflight-001.csv#row-1481
ANARCHI-TEST-OCC-2E340CDBC0608E62,SUPPORT_ONLY,SUPPORT_ARTIFACT_ONLY,kiln-baseline-preflight-001.csv#row-1250
ANARCHI-TEST-OCC-2E3894CD88E38AF8,REQUIRES_ISOLATION,ISOLATION_TOPOLOGY_REQUIRED,kiln-baseline-preflight-001.csv#row-563
ANARCHI-TEST-OCC-2E3DFBAAEFF6D277,REQUIRES_SANDBOX,SANDBOX_TOPOLOGY_REQUIRED,kiln-baseline-preflight-001.csv#row-1573
ANARCHI-TEST-OCC-2E61F970D05A152C,ELIGIBLE,READY_FOR_BASELINE_EXECUTION_PLANNING,kiln-baseline-preflight-001.csv#row-1584
ANARCHI-TEST-OCC-2EA7944D11BA87EE,REQUIRES_ISOLATION,ISOLATION_TOPOLOGY_REQUIRED,kiln-baseline-preflight-001.csv#row-638
ANARCHI-TEST-OCC-2EB31488DB610E50,REQUIRES_SANDBOX,SANDBOX_TOPOLOGY_REQUIRED,kiln-baseline-preflight-001.csv#row-3113
ANARCHI-TEST-OCC-2EE942ECAB7E8941,ELIGIBLE,READY_FOR_BASELINE_EXECUTION_PLANNING,kiln-baseline-preflight-001.csv#row-106
ANARCHI-TEST-OCC-2F01241D336CE170,ELIGIBLE,READY_FOR_BASELINE_EXECUTION_PLANNING,kiln-baseline-preflight-001.csv#row-2420
ANARCHI-TEST-OCC-2F19708346FE3867,RUNNER_BLOCKED,RUNNER_RECONCILIATION_REQUIRED,kiln-baseline-preflight-001.csv#row-1412
ANARCHI-TEST-OCC-2F1AF1EF13321C81,ELIGIBLE,READY_FOR_BASELINE_EXECUTION_PLANNING,kiln-baseline-preflight-001.csv#row-3223
ANARCHI-TEST-OCC-2F400EA5C8F2D356,ELIGIBLE,READY_FOR_BASELINE_EXECUTION_PLANNING,kiln-baseline-preflight-001.csv#row-2474
ANARCHI-TEST-OCC-2F436810F433D6AF,REQUIRES_ISOLATION,ISOLATION_TOPOLOGY_REQUIRED,kiln-baseline-preflight-001.csv#row-1376
ANARCHI-TEST-OCC-2F617B5A83940750,ELIGIBLE,READY_FOR_BASELINE_EXECUTION_PLANNING,kiln-baseline-preflight-001.csv#row-556
ANARCHI-TEST-OCC-2F6F8E7FA7B8E60E,ELIGIBLE,READY_FOR_BASELINE_EXECUTION_PLANNING,kiln-baseline-preflight-001.csv#row-1896
ANARCHI-TEST-OCC-2F7DA2E8FF8F3AD8,RUNNER_BLOCKED,RUNNER_RECONCILIATION_REQUIRED,kiln-baseline-preflight-001.csv#row-2846
ANARCHI-TEST-OCC-2FAE97EA32E84FB7,ELIGIBLE,READY_FOR_BASELINE_EXECUTION_PLANNING,kiln-baseline-preflight-001.csv#row-2002
ANARCHI-TEST-OCC-2FAF436AD940B64D,ELIGIBLE,READY_FOR_BASELINE_EXECUTION_PLANNING,kiln-baseline-preflight-001.csv#row-1769
ANARCHI-TEST-OCC-2FAFEE8453EC423A,ELIGIBLE,READY_FOR_BASELINE_EXECUTION_PLANNING,kiln-baseline-preflight-001.csv#row-1377
ANARCHI-TEST-OCC-30041F8705979DB8,ELIGIBLE,READY_FOR_BASELINE_EXECUTION_PLANNING,kiln-baseline-preflight-001.csv#row-2553
ANARCHI-TEST-OCC-3018E9FFE8A3995E,ELIGIBLE,READY_FOR_BASELINE_EXECUTION_PLANNING,kiln-baseline-preflight-001.csv#row-20
ANARCHI-TEST-OCC-303854826749557F,ELIGIBLE,READY_FOR_BASELINE_EXECUTION_PLANNING,kiln-baseline-preflight-001.csv#row-1470
ANARCHI-TEST-OCC-303923F15F8DD38F,ELIGIBLE,READY_FOR_BASELINE_EXECUTION_PLANNING,kiln-baseline-preflight-001.csv#row-1890
ANARCHI-TEST-OCC-304FE1B30F5BCC0D,RUNNER_BLOCKED,RUNNER_RECONCILIATION_REQUIRED,kiln-baseline-preflight-001.csv#row-2475
ANARCHI-TEST-OCC-305A85D2F6590E76,ELIGIBLE,READY_FOR_BASELINE_EXECUTION_PLANNING,kiln-baseline-preflight-001.csv#row-2681
ANARCHI-TEST-OCC-305FA26C30500843,REQUIRES_SANDBOX,SANDBOX_TOPOLOGY_REQUIRED,kiln-baseline-preflight-001.csv#row-530
ANARCHI-TEST-OCC-307F8A410EE5D8DC,RUNNER_BLOCKED,RUNNER_RECONCILIATION_REQUIRED,kiln-baseline-preflight-001.csv#row-214
ANARCHI-TEST-OCC-3092240535F408F9,RUNNER_BLOCKED,RUNNER_RECONCILIATION_REQUIRED,kiln-baseline-preflight-001.csv#row-2325
ANARCHI-TEST-OCC-3093BEAC53F56DB5,REQUIRES_ISOLATION,ISOLATION_TOPOLOGY_REQUIRED,kiln-baseline-preflight-001.csv#row-987
ANARCHI-TEST-OCC-3098B8288B2EBBE8,REQUIRES_ISOLATION,READY_BUT_DIRTY_REPOSITORY,kiln-baseline-preflight-001.csv#row-3222
ANARCHI-TEST-OCC-30A61758C747DCD6,RUNNER_BLOCKED,RUNNER_RECONCILIATION_REQUIRED,kiln-baseline-preflight-001.csv#row-333
ANARCHI-TEST-OCC-30A625735C5D497D,ELIGIBLE,READY_FOR_BASELINE_EXECUTION_PLANNING,kiln-baseline-preflight-001.csv#row-108
ANARCHI-TEST-OCC-30CC1D3DC38C6C27,SUPPORT_ONLY,SUPPORT_ARTIFACT_ONLY,kiln-baseline-preflight-001.csv#row-755
ANARCHI-TEST-OCC-30D4B4BB3C5DFF36,REQUIRES_ISOLATION,ISOLATION_TOPOLOGY_REQUIRED,kiln-baseline-preflight-001.csv#row-2072
ANARCHI-TEST-OCC-30DA43861988010F,REQUIRES_ISOLATION,ISOLATION_TOPOLOGY_REQUIRED,kiln-baseline-preflight-001.csv#row-724
ANARCHI-TEST-OCC-30E9AFCAEC01CE0F,SUPPORT_ONLY,SUPPORT_ARTIFACT_ONLY,kiln-baseline-preflight-001.csv#row-643
ANARCHI-TEST-OCC-30F848DAB7C966FF,RUNNER_BLOCKED,RUNNER_RECONCILIATION_REQUIRED,kiln-baseline-preflight-001.csv#row-3146
ANARCHI-TEST-OCC-30FB88C08F7AD40E,ELIGIBLE,READY_FOR_BASELINE_EXECUTION_PLANNING,kiln-baseline-preflight-001.csv#row-388
ANARCHI-TEST-OCC-30FE7382F8D57AFE,ELIGIBLE,READY_FOR_BASELINE_EXECUTION_PLANNING,kiln-baseline-preflight-001.csv#row-2194
ANARCHI-TEST-OCC-311DAADBA8BE2B41,SUPPORT_ONLY,SUPPORT_ARTIFACT_ONLY,kiln-baseline-preflight-001.csv#row-361
ANARCHI-TEST-OCC-313E7D13CAF46D0E,ELIGIBLE,READY_FOR_BASELINE_EXECUTION_PLANNING,kiln-baseline-preflight-001.csv#row-2879
ANARCHI-TEST-OCC-3155DE74FEA8A1FF,ELIGIBLE,READY_FOR_BASELINE_EXECUTION_PLANNING,kiln-baseline-preflight-001.csv#row-2798
ANARCHI-TEST-OCC-315C10EEF2EEAD63,ELIGIBLE,READY_FOR_BASELINE_EXECUTION_PLANNING,kiln-baseline-preflight-001.csv#row-3237
ANARCHI-TEST-OCC-3168F1E480BAF0A2,ELIGIBLE,READY_FOR_BASELINE_EXECUTION_PLANNING,kiln-baseline-preflight-001.csv#row-2867
ANARCHI-TEST-OCC-3176B2F1F9711711,SUPPORT_ONLY,SUPPORT_ARTIFACT_ONLY,kiln-baseline-preflight-001.csv#row-1403
ANARCHI-TEST-OCC-319C53426CEC2B20,RUNNER_BLOCKED,RUNNER_RECONCILIATION_REQUIRED,kiln-baseline-preflight-001.csv#row-2586
ANARCHI-TEST-OCC-31B5D99A2436A69E,SUPPORT_ONLY,SUPPORT_ARTIFACT_ONLY,kiln-baseline-preflight-001.csv#row-184
ANARCHI-TEST-OCC-31C94AB8A5AF83D5,SUPPORT_ONLY,SUPPORT_ARTIFACT_ONLY,kiln-baseline-preflight-001.csv#row-399
ANARCHI-TEST-OCC-31DBB032B77A4004,ELIGIBLE,READY_FOR_BASELINE_EXECUTION_PLANNING,kiln-baseline-preflight-001.csv#row-1132
ANARCHI-TEST-OCC-31DE675CBA555DF4,ELIGIBLE,READY_FOR_BASELINE_EXECUTION_PLANNING,kiln-baseline-preflight-001.csv#row-2356
ANARCHI-TEST-OCC-31E883D581CEA900,REQUIRES_ISOLATION,ISOLATION_TOPOLOGY_REQUIRED,kiln-baseline-preflight-001.csv#row-1082
ANARCHI-TEST-OCC-31FD4CCB3E0F7086,RUNNER_BLOCKED,RUNNER_RECONCILIATION_REQUIRED,kiln-baseline-preflight-001.csv#row-1972
ANARCHI-TEST-OCC-3207F901B57A36D9,REQUIRES_SANDBOX,SANDBOX_TOPOLOGY_REQUIRED,kiln-baseline-preflight-001.csv#row-689
ANARCHI-TEST-OCC-322353395C3D697F,ELIGIBLE,READY_FOR_BASELINE_EXECUTION_PLANNING,kiln-baseline-preflight-001.csv#row-324
ANARCHI-TEST-OCC-32299C74FC62403D,ELIGIBLE,READY_FOR_BASELINE_EXECUTION_PLANNING,kiln-baseline-preflight-001.csv#row-1202
ANARCHI-TEST-OCC-322A530BF7396DA3,ELIGIBLE,READY_FOR_BASELINE_EXECUTION_PLANNING,kiln-baseline-preflight-001.csv#row-2450
ANARCHI-TEST-OCC-323EA22F5A446045,REQUIRES_ISOLATION,ISOLATION_TOPOLOGY_REQUIRED,kiln-baseline-preflight-001.csv#row-251
ANARCHI-TEST-OCC-32705DF3FAD7EC22,RUNNER_BLOCKED,RUNNER_RECONCILIATION_REQUIRED,kiln-baseline-preflight-001.csv#row-1465
ANARCHI-TEST-OCC-327E1256E40F8638,ELIGIBLE,READY_FOR_BASELINE_EXECUTION_PLANNING,kiln-baseline-preflight-001.csv#row-2947
ANARCHI-TEST-OCC-328308EE5138F414,RUNNER_BLOCKED,RUNNER_RECONCILIATION_REQUIRED,kiln-baseline-preflight-001.csv#row-3028
ANARCHI-TEST-OCC-328A73406E1E3EDA,RUNNER_BLOCKED,RUNNER_RECONCILIATION_REQUIRED,kiln-baseline-preflight-001.csv#row-1934
ANARCHI-TEST-OCC-328D91D9DDBBA26D,RUNNER_BLOCKED,RUNNER_RECONCILIATION_REQUIRED,kiln-baseline-preflight-001.csv#row-1251
ANARCHI-TEST-OCC-32AE5D452D773949,ELIGIBLE,READY_FOR_BASELINE_EXECUTION_PLANNING,kiln-baseline-preflight-001.csv#row-213
ANARCHI-TEST-OCC-32C172E40A817137,RUNNER_BLOCKED,RUNNER_RECONCILIATION_REQUIRED,kiln-baseline-preflight-001.csv#row-2354
ANARCHI-TEST-OCC-32C723C89D55860D,REQUIRES_ISOLATION,ISOLATION_TOPOLOGY_REQUIRED,kiln-baseline-preflight-001.csv#row-635
ANARCHI-TEST-OCC-32DA1077EA0A51F6,REQUIRES_ISOLATION,ISOLATION_TOPOLOGY_REQUIRED,kiln-baseline-preflight-001.csv#row-2075
ANARCHI-TEST-OCC-32E6A4B3F2C888B7,ELIGIBLE,READY_FOR_BASELINE_EXECUTION_PLANNING,kiln-baseline-preflight-001.csv#row-2372
ANARCHI-TEST-OCC-32F3BFF38C58C221,RUNNER_BLOCKED,RUNNER_RECONCILIATION_REQUIRED,kiln-baseline-preflight-001.csv#row-1141
ANARCHI-TEST-OCC-3313475E6194D8B8,ELIGIBLE,READY_FOR_BASELINE_EXECUTION_PLANNING,kiln-baseline-preflight-001.csv#row-841
ANARCHI-TEST-OCC-3324EEB94785ABC2,ELIGIBLE,READY_FOR_BASELINE_EXECUTION_PLANNING,kiln-baseline-preflight-001.csv#row-1920
ANARCHI-TEST-OCC-333BAD0435190FAE,ELIGIBLE,READY_FOR_BASELINE_EXECUTION_PLANNING,kiln-baseline-preflight-001.csv#row-916
ANARCHI-TEST-OCC-33486118E69E6186,ELIGIBLE,READY_FOR_BASELINE_EXECUTION_PLANNING,kiln-baseline-preflight-001.csv#row-1593
ANARCHI-TEST-OCC-33625916210B962F,ELIGIBLE,READY_FOR_BASELINE_EXECUTION_PLANNING,kiln-baseline-preflight-001.csv#row-291
ANARCHI-TEST-OCC-3365E88EDC6652D1,RUNNER_BLOCKED,RUNNER_RECONCILIATION_REQUIRED,kiln-baseline-preflight-001.csv#row-1526
ANARCHI-TEST-OCC-336834C8B0896BAE,ELIGIBLE,READY_FOR_BASELINE_EXECUTION_PLANNING,kiln-baseline-preflight-001.csv#row-212
ANARCHI-TEST-OCC-339BA6CB9A2BEA3A,REQUIRES_ISOLATION,ISOLATION_TOPOLOGY_REQUIRED,kiln-baseline-preflight-001.csv#row-1289
ANARCHI-TEST-OCC-33C33C5EA895743F,REQUIRES_ISOLATION,ISOLATION_TOPOLOGY_REQUIRED,kiln-baseline-preflight-001.csv#row-93
ANARCHI-TEST-OCC-33CB4E62072FD842,SUPPORT_ONLY,SUPPORT_ARTIFACT_ONLY,kiln-baseline-preflight-001.csv#row-1735
ANARCHI-TEST-OCC-33D2D96B146C7773,RUNNER_BLOCKED,RUNNER_RECONCILIATION_REQUIRED,kiln-baseline-preflight-001.csv#row-2351
ANARCHI-TEST-OCC-33E7EB6B513ABAF7,ELIGIBLE,READY_FOR_BASELINE_EXECUTION_PLANNING,kiln-baseline-preflight-001.csv#row-1558
ANARCHI-TEST-OCC-33FB1A4D27752348,REQUIRES_ISOLATION,READY_BUT_DIRTY_REPOSITORY,kiln-baseline-preflight-001.csv#row-646
ANARCHI-TEST-OCC-3410F92ABDDE56C8,REQUIRES_ISOLATION,ISOLATION_TOPOLOGY_REQUIRED,kiln-baseline-preflight-001.csv#row-2783
ANARCHI-TEST-OCC-342A3A7DF112487C,ELIGIBLE,READY_FOR_BASELINE_EXECUTION_PLANNING,kiln-baseline-preflight-001.csv#row-203
ANARCHI-TEST-OCC-345768FD2195EB0F,REQUIRES_ISOLATION,READY_BUT_DIRTY_REPOSITORY,kiln-baseline-preflight-001.csv#row-1793
ANARCHI-TEST-OCC-345FF350919EF9AB,RUNNER_BLOCKED,RUNNER_RECONCILIATION_REQUIRED,kiln-baseline-preflight-001.csv#row-2426
ANARCHI-TEST-OCC-3478676BF1103641,ELIGIBLE,READY_FOR_BASELINE_EXECUTION_PLANNING,kiln-baseline-preflight-001.csv#row-2730
ANARCHI-TEST-OCC-3495543C4C208658,ELIGIBLE,READY_FOR_BASELINE_EXECUTION_PLANNING,kiln-baseline-preflight-001.csv#row-2811
ANARCHI-TEST-OCC-34996D903AC8552C,REQUIRES_ISOLATION,ISOLATION_TOPOLOGY_REQUIRED,kiln-baseline-preflight-001.csv#row-1139
ANARCHI-TEST-OCC-349D28A0DA84A383,SUPPORT_ONLY,SUPPORT_ARTIFACT_ONLY,kiln-baseline-preflight-001.csv#row-1625
ANARCHI-TEST-OCC-34A75B187361BA04,REQUIRES_ISOLATION,ISOLATION_TOPOLOGY_REQUIRED,kiln-baseline-preflight-001.csv#row-1270
ANARCHI-TEST-OCC-34A83AEB9A48E98F,ELIGIBLE,READY_FOR_BASELINE_EXECUTION_PLANNING,kiln-baseline-preflight-001.csv#row-1623
ANARCHI-TEST-OCC-34BF4A7AFDE85E97,SUPPORT_ONLY,SUPPORT_ARTIFACT_ONLY,kiln-baseline-preflight-001.csv#row-1353
ANARCHI-TEST-OCC-34D3A4A99B3C80F5,ELIGIBLE,READY_FOR_BASELINE_EXECUTION_PLANNING,kiln-baseline-preflight-001.csv#row-1677
ANARCHI-TEST-OCC-354E9ECF8E31BE67,SUPPORT_ONLY,SUPPORT_ARTIFACT_ONLY,kiln-baseline-preflight-001.csv#row-1765
ANARCHI-TEST-OCC-355836CD9DEBB34F,REQUIRES_ISOLATION,ISOLATION_TOPOLOGY_REQUIRED,kiln-baseline-preflight-001.csv#row-1301
ANARCHI-TEST-OCC-3566ADD2B77678F6,ELIGIBLE,READY_FOR_BASELINE_EXECUTION_PLANNING,kiln-baseline-preflight-001.csv#row-3001
ANARCHI-TEST-OCC-3576067BFCED0D3F,REQUIRES_ISOLATION,ISOLATION_TOPOLOGY_REQUIRED,kiln-baseline-preflight-001.csv#row-2398
ANARCHI-TEST-OCC-357ABF1509393E30,REQUIRES_SANDBOX,SANDBOX_TOPOLOGY_REQUIRED,kiln-baseline-preflight-001.csv#row-236
ANARCHI-TEST-OCC-35853048B27D9977,ELIGIBLE,READY_FOR_BASELINE_EXECUTION_PLANNING,kiln-baseline-preflight-001.csv#row-466
ANARCHI-TEST-OCC-35A06FD39C40DB1E,ELIGIBLE,READY_FOR_BASELINE_EXECUTION_PLANNING,kiln-baseline-preflight-001.csv#row-3183
ANARCHI-TEST-OCC-35EFD8CC2BD030E0,ELIGIBLE,READY_FOR_BASELINE_EXECUTION_PLANNING,kiln-baseline-preflight-001.csv#row-2579
ANARCHI-TEST-OCC-360490F38EF209D2,RUNNER_BLOCKED,RUNNER_RECONCILIATION_REQUIRED,kiln-baseline-preflight-001.csv#row-328
ANARCHI-TEST-OCC-36053230FFFF882D,SUPPORT_ONLY,SUPPORT_ARTIFACT_ONLY,kiln-baseline-preflight-001.csv#row-2953
ANARCHI-TEST-OCC-360ADB7FE6D7C966,ELIGIBLE,READY_FOR_BASELINE_EXECUTION_PLANNING,kiln-baseline-preflight-001.csv#row-2544
ANARCHI-TEST-OCC-3642716CA8F66CE5,ELIGIBLE,READY_FOR_BASELINE_EXECUTION_PLANNING,kiln-baseline-preflight-001.csv#row-2259
ANARCHI-TEST-OCC-365584B1ECA34D64,SUPPORT_ONLY,SUPPORT_ARTIFACT_ONLY,kiln-baseline-preflight-001.csv#row-1702
ANARCHI-TEST-OCC-366DE2C7B2D8EEF8,SUPPORT_ONLY,SUPPORT_ARTIFACT_ONLY,kiln-baseline-preflight-001.csv#row-2258
ANARCHI-TEST-OCC-367322001DF79B94,REQUIRES_ISOLATION,ISOLATION_TOPOLOGY_REQUIRED,kiln-baseline-preflight-001.csv#row-2771
ANARCHI-TEST-OCC-368CEE3282B969A4,ELIGIBLE,READY_FOR_BASELINE_EXECUTION_PLANNING,kiln-baseline-preflight-001.csv#row-2524
ANARCHI-TEST-OCC-36AA5B917474FEF3,SUPPORT_ONLY,SUPPORT_ARTIFACT_ONLY,kiln-baseline-preflight-001.csv#row-2974
ANARCHI-TEST-OCC-36BD415164D48E6C,ELIGIBLE,READY_FOR_BASELINE_EXECUTION_PLANNING,kiln-baseline-preflight-001.csv#row-1857
ANARCHI-TEST-OCC-36C45E16C0662A70,ELIGIBLE,READY_FOR_BASELINE_EXECUTION_PLANNING,kiln-baseline-preflight-001.csv#row-1878
ANARCHI-TEST-OCC-36CB7B13EEE8F232,REQUIRES_ISOLATION,ISOLATION_TOPOLOGY_REQUIRED,kiln-baseline-preflight-001.csv#row-512
ANARCHI-TEST-OCC-36D7E467D4BA2BF9,SUPPORT_ONLY,SUPPORT_ARTIFACT_ONLY,kiln-baseline-preflight-001.csv#row-3115
ANARCHI-TEST-OCC-36DCF2E0B0E2E11B,ELIGIBLE,READY_FOR_BASELINE_EXECUTION_PLANNING,kiln-baseline-preflight-001.csv#row-548
ANARCHI-TEST-OCC-36E01C57AF680F36,REQUIRES_ISOLATION,ISOLATION_TOPOLOGY_REQUIRED,kiln-baseline-preflight-001.csv#row-1371
ANARCHI-TEST-OCC-36F83EF0D1B368B0,REQUIRES_ISOLATION,ISOLATION_TOPOLOGY_REQUIRED,kiln-baseline-preflight-001.csv#row-2384
ANARCHI-TEST-OCC-3721892277EF4762,ELIGIBLE,READY_FOR_BASELINE_EXECUTION_PLANNING,kiln-baseline-preflight-001.csv#row-862
ANARCHI-TEST-OCC-3728B73CF9796F6D,SUPPORT_ONLY,SUPPORT_ARTIFACT_ONLY,kiln-baseline-preflight-001.csv#row-1964
ANARCHI-TEST-OCC-3771F9AADA2CE7ED,REQUIRES_SANDBOX,SANDBOX_TOPOLOGY_REQUIRED,kiln-baseline-preflight-001.csv#row-671
ANARCHI-TEST-OCC-37725DEBD8E7A914,SUPPORT_ONLY,SUPPORT_ARTIFACT_ONLY,kiln-baseline-preflight-001.csv#row-2533
ANARCHI-TEST-OCC-37B478D0C1F3D866,SUPPORT_ONLY,SUPPORT_ARTIFACT_ONLY,kiln-baseline-preflight-001.csv#row-581
ANARCHI-TEST-OCC-37B967DC9C12A272,SUPPORT_ONLY,SUPPORT_ARTIFACT_ONLY,kiln-baseline-preflight-001.csv#row-2340
ANARCHI-TEST-OCC-37D45AE72AD0882D,REQUIRES_ISOLATION,ISOLATION_TOPOLOGY_REQUIRED,kiln-baseline-preflight-001.csv#row-1161
ANARCHI-TEST-OCC-37E314E6987AFFA1,ELIGIBLE,READY_FOR_BASELINE_EXECUTION_PLANNING,kiln-baseline-preflight-001.csv#row-330
ANARCHI-TEST-OCC-387A7171488F0CE9,ELIGIBLE,READY_FOR_BASELINE_EXECUTION_PLANNING,kiln-baseline-preflight-001.csv#row-867
ANARCHI-TEST-OCC-3892F8E0603C25D2,SUPPORT_ONLY,SUPPORT_ARTIFACT_ONLY,kiln-baseline-preflight-001.csv#row-1645
ANARCHI-TEST-OCC-38A1EEDB63823093,RUNNER_BLOCKED,RUNNER_RECONCILIATION_REQUIRED,kiln-baseline-preflight-001.csv#row-800
ANARCHI-TEST-OCC-38A24F6934226AFF,ELIGIBLE,READY_FOR_BASELINE_EXECUTION_PLANNING,kiln-baseline-preflight-001.csv#row-13
ANARCHI-TEST-OCC-38BCD80A4F2DBD51,ELIGIBLE,READY_FOR_BASELINE_EXECUTION_PLANNING,kiln-baseline-preflight-001.csv#row-3166
ANARCHI-TEST-OCC-38C8694994EC103C,ELIGIBLE,READY_FOR_BASELINE_EXECUTION_PLANNING,kiln-baseline-preflight-001.csv#row-2888
ANARCHI-TEST-OCC-38DB7132F2710D90,ELIGIBLE,READY_FOR_BASELINE_EXECUTION_PLANNING,kiln-baseline-preflight-001.csv#row-396
ANARCHI-TEST-OCC-38E95AA757821C21,SUPPORT_ONLY,SUPPORT_ARTIFACT_ONLY,kiln-baseline-preflight-001.csv#row-2327
ANARCHI-TEST-OCC-38FB1765888F8E59,RUNNER_BLOCKED,RUNNER_RECONCILIATION_REQUIRED,kiln-baseline-preflight-001.csv#row-3023
ANARCHI-TEST-OCC-3925273C060EEBF3,RUNNER_BLOCKED,RUNNER_RECONCILIATION_REQUIRED,kiln-baseline-preflight-001.csv#row-1787
ANARCHI-TEST-OCC-393ED0221C22200C,ELIGIBLE,READY_FOR_BASELINE_EXECUTION_PLANNING,kiln-baseline-preflight-001.csv#row-2761
ANARCHI-TEST-OCC-395DEF9E08691498,ELIGIBLE,READY_FOR_BASELINE_EXECUTION_PLANNING,kiln-baseline-preflight-001.csv#row-1033
ANARCHI-TEST-OCC-396E8C37EF48726D,ELIGIBLE,READY_FOR_BASELINE_EXECUTION_PLANNING,kiln-baseline-preflight-001.csv#row-2916
ANARCHI-TEST-OCC-3972886F3A056685,RUNNER_BLOCKED,RUNNER_RECONCILIATION_REQUIRED,kiln-baseline-preflight-001.csv#row-731
ANARCHI-TEST-OCC-397ADD90A59FB254,RUNNER_BLOCKED,RUNNER_RECONCILIATION_REQUIRED,kiln-baseline-preflight-001.csv#row-2872
ANARCHI-TEST-OCC-398393990B7113A4,REQUIRES_ISOLATION,ISOLATION_TOPOLOGY_REQUIRED,kiln-baseline-preflight-001.csv#row-1414
ANARCHI-TEST-OCC-398C585AA76F9C02,ELIGIBLE,READY_FOR_BASELINE_EXECUTION_PLANNING,kiln-baseline-preflight-001.csv#row-2042
ANARCHI-TEST-OCC-3993AA5704D25AB0,ELIGIBLE,READY_FOR_BASELINE_EXECUTION_PLANNING,kiln-baseline-preflight-001.csv#row-2760
ANARCHI-TEST-OCC-399664F03FD89A90,RUNNER_BLOCKED,RUNNER_RECONCILIATION_REQUIRED,kiln-baseline-preflight-001.csv#row-1261
ANARCHI-TEST-OCC-39979BB5778D0159,ELIGIBLE,READY_FOR_BASELINE_EXECUTION_PLANNING,kiln-baseline-preflight-001.csv#row-407
ANARCHI-TEST-OCC-399FA6A30FA1DA1F,REQUIRES_ISOLATION,ISOLATION_TOPOLOGY_REQUIRED,kiln-baseline-preflight-001.csv#row-1215
ANARCHI-TEST-OCC-39CC3D155D59151B,ELIGIBLE,READY_FOR_BASELINE_EXECUTION_PLANNING,kiln-baseline-preflight-001.csv#row-2041
ANARCHI-TEST-OCC-39D20444A27895BD,RUNNER_BLOCKED,RUNNER_RECONCILIATION_REQUIRED,kiln-baseline-preflight-001.csv#row-1059
ANARCHI-TEST-OCC-39E222860051EDDA,RUNNER_BLOCKED,RUNNER_RECONCILIATION_REQUIRED,kiln-baseline-preflight-001.csv#row-1108
ANARCHI-TEST-OCC-39F783AD6684C568,REQUIRES_SANDBOX,SANDBOX_TOPOLOGY_REQUIRED,kiln-baseline-preflight-001.csv#row-192
ANARCHI-TEST-OCC-3A055DDCE4BD1A0A,ELIGIBLE,READY_FOR_BASELINE_EXECUTION_PLANNING,kiln-baseline-preflight-001.csv#row-2702
ANARCHI-TEST-OCC-3A2ABE6FCFA5D4D9,REQUIRES_ISOLATION,ISOLATION_TOPOLOGY_REQUIRED,kiln-baseline-preflight-001.csv#row-1288
ANARCHI-TEST-OCC-3A3E8DECD710C319,ELIGIBLE,READY_FOR_BASELINE_EXECUTION_PLANNING,kiln-baseline-preflight-001.csv#row-683
ANARCHI-TEST-OCC-3A51CF348E6194CB,ELIGIBLE,READY_FOR_BASELINE_EXECUTION_PLANNING,kiln-baseline-preflight-001.csv#row-2189
ANARCHI-TEST-OCC-3A5378D3DBD510E5,RUNNER_BLOCKED,RUNNER_RECONCILIATION_REQUIRED,kiln-baseline-preflight-001.csv#row-256
ANARCHI-TEST-OCC-3A56EC04E6F68805,RUNNER_BLOCKED,RUNNER_RECONCILIATION_REQUIRED,kiln-baseline-preflight-001.csv#row-320
ANARCHI-TEST-OCC-3A7AC591FC6A0A21,ELIGIBLE,READY_FOR_BASELINE_EXECUTION_PLANNING,kiln-baseline-preflight-001.csv#row-2756
ANARCHI-TEST-OCC-3A7ADA2713F57B68,RUNNER_BLOCKED,RUNNER_RECONCILIATION_REQUIRED,kiln-baseline-preflight-001.csv#row-2908
ANARCHI-TEST-OCC-3A87A0F1706E0407,ELIGIBLE,READY_FOR_BASELINE_EXECUTION_PLANNING,kiln-baseline-preflight-001.csv#row-1831
ANARCHI-TEST-OCC-3AA0C5F3E862E15D,ELIGIBLE,READY_FOR_BASELINE_EXECUTION_PLANNING,kiln-baseline-preflight-001.csv#row-1276
ANARCHI-TEST-OCC-3AA4DDBC3CDFF10B,SUPPORT_ONLY,SUPPORT_ARTIFACT_ONLY,kiln-baseline-preflight-001.csv#row-937
ANARCHI-TEST-OCC-3AA5E7CB948A1C53,REQUIRES_ISOLATION,ISOLATION_TOPOLOGY_REQUIRED,kiln-baseline-preflight-001.csv#row-1282
ANARCHI-TEST-OCC-3AC50A3B73BEAE63,RUNNER_BLOCKED,RUNNER_RECONCILIATION_REQUIRED,kiln-baseline-preflight-001.csv#row-606
ANARCHI-TEST-OCC-3AF607182CEC1878,REQUIRES_SANDBOX,SANDBOX_TOPOLOGY_REQUIRED,kiln-baseline-preflight-001.csv#row-2367
ANARCHI-TEST-OCC-3AFA688360846B7E,REQUIRES_ISOLATION,ISOLATION_TOPOLOGY_REQUIRED,kiln-baseline-preflight-001.csv#row-128
ANARCHI-TEST-OCC-3B0F19B997C562CC,ELIGIBLE,READY_FOR_BASELINE_EXECUTION_PLANNING,kiln-baseline-preflight-001.csv#row-1324
ANARCHI-TEST-OCC-3B139DA119A4DBC9,RUNNER_BLOCKED,RUNNER_RECONCILIATION_REQUIRED,kiln-baseline-preflight-001.csv#row-3279
ANARCHI-TEST-OCC-3B1AEEEB1BEAB31A,ELIGIBLE,READY_FOR_BASELINE_EXECUTION_PLANNING,kiln-baseline-preflight-001.csv#row-2104
ANARCHI-TEST-OCC-3B23A482255939AB,SUPPORT_ONLY,SUPPORT_ARTIFACT_ONLY,kiln-baseline-preflight-001.csv#row-69
ANARCHI-TEST-OCC-3B5C8708541693F3,SUPPORT_ONLY,SUPPORT_ARTIFACT_ONLY,kiln-baseline-preflight-001.csv#row-719
ANARCHI-TEST-OCC-3B827C3AB6CCE7E5,REQUIRES_ISOLATION,ISOLATION_TOPOLOGY_REQUIRED,kiln-baseline-preflight-001.csv#row-117
ANARCHI-TEST-OCC-3B84D61833510520,RUNNER_BLOCKED,RUNNER_RECONCILIATION_REQUIRED,kiln-baseline-preflight-001.csv#row-250
ANARCHI-TEST-OCC-3B932960D577D896,REQUIRES_SANDBOX,SANDBOX_TOPOLOGY_REQUIRED,kiln-baseline-preflight-001.csv#row-1135
ANARCHI-TEST-OCC-3BD0634EF8D528BB,REQUIRES_ISOLATION,ISOLATION_TOPOLOGY_REQUIRED,kiln-baseline-preflight-001.csv#row-248
ANARCHI-TEST-OCC-3BDCC1BDCC1E11E2,REQUIRES_ISOLATION,READY_BUT_DIRTY_REPOSITORY,kiln-baseline-preflight-001.csv#row-2645
ANARCHI-TEST-OCC-3BFFAE4479C6BB8C,ELIGIBLE,READY_FOR_BASELINE_EXECUTION_PLANNING,kiln-baseline-preflight-001.csv#row-1999
ANARCHI-TEST-OCC-3C01BE791DAECD02,ELIGIBLE,READY_FOR_BASELINE_EXECUTION_PLANNING,kiln-baseline-preflight-001.csv#row-884
ANARCHI-TEST-OCC-3C0BB1EBB7072656,ELIGIBLE,READY_FOR_BASELINE_EXECUTION_PLANNING,kiln-baseline-preflight-001.csv#row-2788
ANARCHI-TEST-OCC-3C2679622D54553D,REQUIRES_SANDBOX,SANDBOX_TOPOLOGY_REQUIRED,kiln-baseline-preflight-001.csv#row-1490
ANARCHI-TEST-OCC-3C31DD50655F79D0,ELIGIBLE,READY_FOR_BASELINE_EXECUTION_PLANNING,kiln-baseline-preflight-001.csv#row-2261
ANARCHI-TEST-OCC-3C39763A8D360D93,ELIGIBLE,READY_FOR_BASELINE_EXECUTION_PLANNING,kiln-baseline-preflight-001.csv#row-679
ANARCHI-TEST-OCC-3C40F669949221B1,SUPPORT_ONLY,SUPPORT_ARTIFACT_ONLY,kiln-baseline-preflight-001.csv#row-2399
ANARCHI-TEST-OCC-3C527F39060B4F32,ELIGIBLE,READY_FOR_BASELINE_EXECUTION_PLANNING,kiln-baseline-preflight-001.csv#row-2615
ANARCHI-TEST-OCC-3C5DEF4AE921CECE,ELIGIBLE,READY_FOR_BASELINE_EXECUTION_PLANNING,kiln-baseline-preflight-001.csv#row-2729
ANARCHI-TEST-OCC-3C6181AF8C0A79A5,SUPPORT_ONLY,SUPPORT_ARTIFACT_ONLY,kiln-baseline-preflight-001.csv#row-787
ANARCHI-TEST-OCC-3C6605EACB993894,REQUIRES_ISOLATION,ISOLATION_TOPOLOGY_REQUIRED,kiln-baseline-preflight-001.csv#row-73
ANARCHI-TEST-OCC-3C6A06AABA134FC8,REQUIRES_ISOLATION,ISOLATION_TOPOLOGY_REQUIRED,kiln-baseline-preflight-001.csv#row-2416
ANARCHI-TEST-OCC-3C6A593411C6D43D,RUNNER_BLOCKED,RUNNER_RECONCILIATION_REQUIRED,kiln-baseline-preflight-001.csv#row-962
ANARCHI-TEST-OCC-3C6BDAF0066D2DA4,REQUIRES_ISOLATION,ISOLATION_TOPOLOGY_REQUIRED,kiln-baseline-preflight-001.csv#row-63
ANARCHI-TEST-OCC-3C77BFD10B903E95,REQUIRES_ISOLATION,ISOLATION_TOPOLOGY_REQUIRED,kiln-baseline-preflight-001.csv#row-454
ANARCHI-TEST-OCC-3CA08A5D9E2222ED,SUPPORT_ONLY,SUPPORT_ARTIFACT_ONLY,kiln-baseline-preflight-001.csv#row-2004
ANARCHI-TEST-OCC-3CBBDDF7A8769179,RUNNER_BLOCKED,RUNNER_RECONCILIATION_REQUIRED,kiln-baseline-preflight-001.csv#row-3056
ANARCHI-TEST-OCC-3CBF49B6A40141CC,ELIGIBLE,READY_FOR_BASELINE_EXECUTION_PLANNING,kiln-baseline-preflight-001.csv#row-543
ANARCHI-TEST-OCC-3CC05557267DEAD6,RUNNER_BLOCKED,RUNNER_RECONCILIATION_REQUIRED,kiln-baseline-preflight-001.csv#row-2808
ANARCHI-TEST-OCC-3CD5F7B51F7C6ADC,SUPPORT_ONLY,SUPPORT_ARTIFACT_ONLY,kiln-baseline-preflight-001.csv#row-2530
ANARCHI-TEST-OCC-3CE46B49B421F7C8,ELIGIBLE,READY_FOR_BASELINE_EXECUTION_PLANNING,kiln-baseline-preflight-001.csv#row-369
ANARCHI-TEST-OCC-3D59C920D1E849ED,ELIGIBLE,READY_FOR_BASELINE_EXECUTION_PLANNING,kiln-baseline-preflight-001.csv#row-610
ANARCHI-TEST-OCC-3D64017D82E0A41A,ELIGIBLE,READY_FOR_BASELINE_EXECUTION_PLANNING,kiln-baseline-preflight-001.csv#row-229
ANARCHI-TEST-OCC-3D7426FF3905F9C5,ELIGIBLE,READY_FOR_BASELINE_EXECUTION_PLANNING,kiln-baseline-preflight-001.csv#row-3151
ANARCHI-TEST-OCC-3D96819F96FFD7D5,REQUIRES_ISOLATION,ISOLATION_TOPOLOGY_REQUIRED,kiln-baseline-preflight-001.csv#row-2622
ANARCHI-TEST-OCC-3DBAD103C3E301B4,REQUIRES_SANDBOX,SANDBOX_TOPOLOGY_REQUIRED,kiln-baseline-preflight-001.csv#row-1103
ANARCHI-TEST-OCC-3DE25AD07BF8E0D9,RUNNER_BLOCKED,RUNNER_RECONCILIATION_REQUIRED,kiln-baseline-preflight-001.csv#row-21
ANARCHI-TEST-OCC-3E076007F8186216,ELIGIBLE,READY_FOR_BASELINE_EXECUTION_PLANNING,kiln-baseline-preflight-001.csv#row-2439
ANARCHI-TEST-OCC-3E11676FA4688899,ELIGIBLE,READY_FOR_BASELINE_EXECUTION_PLANNING,kiln-baseline-preflight-001.csv#row-3083
ANARCHI-TEST-OCC-3E1B77FABDF6B915,REQUIRES_ISOLATION,ISOLATION_TOPOLOGY_REQUIRED,kiln-baseline-preflight-001.csv#row-1663
ANARCHI-TEST-OCC-3E3203D2F87DEC2E,SUPPORT_ONLY,SUPPORT_ARTIFACT_ONLY,kiln-baseline-preflight-001.csv#row-497
ANARCHI-TEST-OCC-3E383655E629A77A,ELIGIBLE,READY_FOR_BASELINE_EXECUTION_PLANNING,kiln-baseline-preflight-001.csv#row-49
ANARCHI-TEST-OCC-3E3C0CC478D6070C,RUNNER_BLOCKED,RUNNER_RECONCILIATION_REQUIRED,kiln-baseline-preflight-001.csv#row-2841
ANARCHI-TEST-OCC-3E4FC614CBD9FAFD,ELIGIBLE,READY_FOR_BASELINE_EXECUTION_PLANNING,kiln-baseline-preflight-001.csv#row-2334
ANARCHI-TEST-OCC-3E641CF1B6105976,REQUIRES_ISOLATION,ISOLATION_TOPOLOGY_REQUIRED,kiln-baseline-preflight-001.csv#row-1700
ANARCHI-TEST-OCC-3E78E6C50D60F00A,RUNNER_BLOCKED,RUNNER_RECONCILIATION_REQUIRED,kiln-baseline-preflight-001.csv#row-562
ANARCHI-TEST-OCC-3E7AB64511D001D6,REQUIRES_ISOLATION,READY_BUT_DIRTY_REPOSITORY,kiln-baseline-preflight-001.csv#row-202
ANARCHI-TEST-OCC-3E9D1FEA79A942EA,SUPPORT_ONLY,SUPPORT_ARTIFACT_ONLY,kiln-baseline-preflight-001.csv#row-2152
ANARCHI-TEST-OCC-3EA0C1899283CA64,ELIGIBLE,READY_FOR_BASELINE_EXECUTION_PLANNING,kiln-baseline-preflight-001.csv#row-2436
ANARCHI-TEST-OCC-3EA7F1F54A1ACE02,ELIGIBLE,READY_FOR_BASELINE_EXECUTION_PLANNING,kiln-baseline-preflight-001.csv#row-2635
ANARCHI-TEST-OCC-3EA7FBB81C95C05E,SUPPORT_ONLY,SUPPORT_ARTIFACT_ONLY,kiln-baseline-preflight-001.csv#row-1537
ANARCHI-TEST-OCC-3EA9CD7C78E71DD4,ELIGIBLE,READY_FOR_BASELINE_EXECUTION_PLANNING,kiln-baseline-preflight-001.csv#row-1792
ANARCHI-TEST-OCC-3EF48DFCFF29880E,SUPPORT_ONLY,SUPPORT_ARTIFACT_ONLY,kiln-baseline-preflight-001.csv#row-1596
ANARCHI-TEST-OCC-3EFDCEF7DD935045,ELIGIBLE,READY_FOR_BASELINE_EXECUTION_PLANNING,kiln-baseline-preflight-001.csv#row-2715
ANARCHI-TEST-OCC-3F1D9B04481EC6BD,ELIGIBLE,READY_FOR_BASELINE_EXECUTION_PLANNING,kiln-baseline-preflight-001.csv#row-3074
ANARCHI-TEST-OCC-3F2BB2981D519524,REQUIRES_ISOLATION,ISOLATION_TOPOLOGY_REQUIRED,kiln-baseline-preflight-001.csv#row-1394
ANARCHI-TEST-OCC-3F4BE9F1A3749A4C,SUPPORT_ONLY,SUPPORT_ARTIFACT_ONLY,kiln-baseline-preflight-001.csv#row-216
ANARCHI-TEST-OCC-3F4FC8514709BA1B,ELIGIBLE,READY_FOR_BASELINE_EXECUTION_PLANNING,kiln-baseline-preflight-001.csv#row-2896
ANARCHI-TEST-OCC-3F5C6F3E5163A60B,REQUIRES_ISOLATION,ISOLATION_TOPOLOGY_REQUIRED,kiln-baseline-preflight-001.csv#row-2375
ANARCHI-TEST-OCC-3F7D15A331038633,ELIGIBLE,READY_FOR_BASELINE_EXECUTION_PLANNING,kiln-baseline-preflight-001.csv#row-922
ANARCHI-TEST-OCC-3F8498795166CD22,ELIGIBLE,READY_FOR_BASELINE_EXECUTION_PLANNING,kiln-baseline-preflight-001.csv#row-98
ANARCHI-TEST-OCC-3F9E9CBC2710BB21,SUPPORT_ONLY,SUPPORT_ARTIFACT_ONLY,kiln-baseline-preflight-001.csv#row-3015
ANARCHI-TEST-OCC-3FBEBB55D748CBA7,SUPPORT_ONLY,SUPPORT_ARTIFACT_ONLY,kiln-baseline-preflight-001.csv#row-1488
ANARCHI-TEST-OCC-3FC735438CC71CE6,ELIGIBLE,READY_FOR_BASELINE_EXECUTION_PLANNING,kiln-baseline-preflight-001.csv#row-2803
ANARCHI-TEST-OCC-3FF54B6513C3F105,REQUIRES_ISOLATION,ISOLATION_TOPOLOGY_REQUIRED,kiln-baseline-preflight-001.csv#row-1632
ANARCHI-TEST-OCC-3FF5F392EA7CE93A,REQUIRES_ISOLATION,ISOLATION_TOPOLOGY_REQUIRED,kiln-baseline-preflight-001.csv#row-2655
ANARCHI-TEST-OCC-400477F6FD4BE7BC,ELIGIBLE,READY_FOR_BASELINE_EXECUTION_PLANNING,kiln-baseline-preflight-001.csv#row-126
ANARCHI-TEST-OCC-4020CFAEFFD48ABA,REQUIRES_ISOLATION,ISOLATION_TOPOLOGY_REQUIRED,kiln-baseline-preflight-001.csv#row-431
ANARCHI-TEST-OCC-40234F7EBFCA1CB1,SUPPORT_ONLY,SUPPORT_ARTIFACT_ONLY,kiln-baseline-preflight-001.csv#row-174
ANARCHI-TEST-OCC-4053EBDEA41286BC,ELIGIBLE,READY_FOR_BASELINE_EXECUTION_PLANNING,kiln-baseline-preflight-001.csv#row-3188
ANARCHI-TEST-OCC-406A25D09E7BBC23,SUPPORT_ONLY,SUPPORT_ARTIFACT_ONLY,kiln-baseline-preflight-001.csv#row-347
ANARCHI-TEST-OCC-4071934CB24FAAF8,ELIGIBLE,READY_FOR_BASELINE_EXECUTION_PLANNING,kiln-baseline-preflight-001.csv#row-168
ANARCHI-TEST-OCC-409E2887098AC92C,ELIGIBLE,READY_FOR_BASELINE_EXECUTION_PLANNING,kiln-baseline-preflight-001.csv#row-211
ANARCHI-TEST-OCC-40B541B989A4DD30,REQUIRES_ISOLATION,ISOLATION_TOPOLOGY_REQUIRED,kiln-baseline-preflight-001.csv#row-2833
ANARCHI-TEST-OCC-40BE26F0A755DD39,ELIGIBLE,READY_FOR_BASELINE_EXECUTION_PLANNING,kiln-baseline-preflight-001.csv#row-495
ANARCHI-TEST-OCC-40C7E5AD6B5EA6DC,SUPPORT_ONLY,SUPPORT_ARTIFACT_ONLY,kiln-baseline-preflight-001.csv#row-2206
ANARCHI-TEST-OCC-40DD80F3647ABDB8,SUPPORT_ONLY,SUPPORT_ARTIFACT_ONLY,kiln-baseline-preflight-001.csv#row-2508
ANARCHI-TEST-OCC-40EE7D96131FC13A,SUPPORT_ONLY,SUPPORT_ARTIFACT_ONLY,kiln-baseline-preflight-001.csv#row-2108
ANARCHI-TEST-OCC-40F7F86AAC1F3AB3,RUNNER_BLOCKED,RUNNER_RECONCILIATION_REQUIRED,kiln-baseline-preflight-001.csv#row-611
ANARCHI-TEST-OCC-41191EBA6AA4964B,RUNNER_BLOCKED,RUNNER_RECONCILIATION_REQUIRED,kiln-baseline-preflight-001.csv#row-1578
ANARCHI-TEST-OCC-4122836C030DFA65,ELIGIBLE,READY_FOR_BASELINE_EXECUTION_PLANNING,kiln-baseline-preflight-001.csv#row-1348
ANARCHI-TEST-OCC-4125C85B9F783FE1,REQUIRES_ISOLATION,ISOLATION_TOPOLOGY_REQUIRED,kiln-baseline-preflight-001.csv#row-1355
ANARCHI-TEST-OCC-412D93E63694496A,ELIGIBLE,READY_FOR_BASELINE_EXECUTION_PLANNING,kiln-baseline-preflight-001.csv#row-713
ANARCHI-TEST-OCC-413851FA1D0D7687,ELIGIBLE,READY_FOR_BASELINE_EXECUTION_PLANNING,kiln-baseline-preflight-001.csv#row-1976
ANARCHI-TEST-OCC-414A3D42C340B565,REQUIRES_ISOLATION,ISOLATION_TOPOLOGY_REQUIRED,kiln-baseline-preflight-001.csv#row-154
ANARCHI-TEST-OCC-4155E3656A36F81C,REQUIRES_ISOLATION,ISOLATION_TOPOLOGY_REQUIRED,kiln-baseline-preflight-001.csv#row-445
ANARCHI-TEST-OCC-4162C1DF0869239B,ELIGIBLE,READY_FOR_BASELINE_EXECUTION_PLANNING,kiln-baseline-preflight-001.csv#row-2097
ANARCHI-TEST-OCC-418DD0692C9DA859,SUPPORT_ONLY,SUPPORT_ARTIFACT_ONLY,kiln-baseline-preflight-001.csv#row-2583
ANARCHI-TEST-OCC-41C196106D735238,SUPPORT_ONLY,SUPPORT_ARTIFACT_ONLY,kiln-baseline-preflight-001.csv#row-1911
ANARCHI-TEST-OCC-41FD49CDCC9FBC2C,ELIGIBLE,READY_FOR_BASELINE_EXECUTION_PLANNING,kiln-baseline-preflight-001.csv#row-1661
ANARCHI-TEST-OCC-41FEF691BE833C3C,ELIGIBLE,READY_FOR_BASELINE_EXECUTION_PLANNING,kiln-baseline-preflight-001.csv#row-452
ANARCHI-TEST-OCC-42007B35646C19B3,ELIGIBLE,READY_FOR_BASELINE_EXECUTION_PLANNING,kiln-baseline-preflight-001.csv#row-745
ANARCHI-TEST-OCC-4203342214DDF79D,REQUIRES_ISOLATION,ISOLATION_TOPOLOGY_REQUIRED,kiln-baseline-preflight-001.csv#row-155
ANARCHI-TEST-OCC-4208D1BD03318DDC,REQUIRES_ISOLATION,ISOLATION_TOPOLOGY_REQUIRED,kiln-baseline-preflight-001.csv#row-807
ANARCHI-TEST-OCC-423188D90DABF24E,RUNNER_BLOCKED,RUNNER_RECONCILIATION_REQUIRED,kiln-baseline-preflight-001.csv#row-458
ANARCHI-TEST-OCC-423C9393BED01DFE,ELIGIBLE,READY_FOR_BASELINE_EXECUTION_PLANNING,kiln-baseline-preflight-001.csv#row-2128
ANARCHI-TEST-OCC-4247B83221D1509C,RUNNER_BLOCKED,RUNNER_RECONCILIATION_REQUIRED,kiln-baseline-preflight-001.csv#row-1967
ANARCHI-TEST-OCC-4256E4C4E2777AD8,ELIGIBLE,READY_FOR_BASELINE_EXECUTION_PLANNING,kiln-baseline-preflight-001.csv#row-440
ANARCHI-TEST-OCC-429BDF5BCE65F7E2,ELIGIBLE,READY_FOR_BASELINE_EXECUTION_PLANNING,kiln-baseline-preflight-001.csv#row-2815
ANARCHI-TEST-OCC-42E8C8ED24147101,REQUIRES_ISOLATION,ISOLATION_TOPOLOGY_REQUIRED,kiln-baseline-preflight-001.csv#row-2301
ANARCHI-TEST-OCC-42EE54C155FA29D8,REQUIRES_ISOLATION,ISOLATION_TOPOLOGY_REQUIRED,kiln-baseline-preflight-001.csv#row-97
ANARCHI-TEST-OCC-42F127C5F854FA88,SUPPORT_ONLY,SUPPORT_ARTIFACT_ONLY,kiln-baseline-preflight-001.csv#row-2845
ANARCHI-TEST-OCC-42F9E6FC8029727A,SUPPORT_ONLY,SUPPORT_ARTIFACT_ONLY,kiln-baseline-preflight-001.csv#row-345
ANARCHI-TEST-OCC-4335AAB8D3C5AF03,ELIGIBLE,READY_FOR_BASELINE_EXECUTION_PLANNING,kiln-baseline-preflight-001.csv#row-1962
ANARCHI-TEST-OCC-4339F6E9BD7906E1,ELIGIBLE,READY_FOR_BASELINE_EXECUTION_PLANNING,kiln-baseline-preflight-001.csv#row-1507
ANARCHI-TEST-OCC-43420AD4F42DFFCD,RUNNER_BLOCKED,RUNNER_RECONCILIATION_REQUIRED,kiln-baseline-preflight-001.csv#row-1820
ANARCHI-TEST-OCC-43455D00CFD9740D,ELIGIBLE,READY_FOR_BASELINE_EXECUTION_PLANNING,kiln-baseline-preflight-001.csv#row-2949
ANARCHI-TEST-OCC-434DC57B72C48069,ELIGIBLE,READY_FOR_BASELINE_EXECUTION_PLANNING,kiln-baseline-preflight-001.csv#row-3163
ANARCHI-TEST-OCC-43738C023599000A,ELIGIBLE,READY_FOR_BASELINE_EXECUTION_PLANNING,kiln-baseline-preflight-001.csv#row-961
ANARCHI-TEST-OCC-4375C22121BD41BE,REQUIRES_ISOLATION,ISOLATION_TOPOLOGY_REQUIRED,kiln-baseline-preflight-001.csv#row-620
ANARCHI-TEST-OCC-4381A3B5D258F207,RUNNER_BLOCKED,RUNNER_RECONCILIATION_REQUIRED,kiln-baseline-preflight-001.csv#row-3102
ANARCHI-TEST-OCC-438681FD9C17C667,REQUIRES_ISOLATION,ISOLATION_TOPOLOGY_REQUIRED,kiln-baseline-preflight-001.csv#row-1806
ANARCHI-TEST-OCC-438E3D14A5068E93,ELIGIBLE,READY_FOR_BASELINE_EXECUTION_PLANNING,kiln-baseline-preflight-001.csv#row-2235
ANARCHI-TEST-OCC-43A15F9923165CEB,ELIGIBLE,READY_FOR_BASELINE_EXECUTION_PLANNING,kiln-baseline-preflight-001.csv#row-2810
ANARCHI-TEST-OCC-43A3065094ABA9A5,RUNNER_BLOCKED,RUNNER_RECONCILIATION_REQUIRED,kiln-baseline-preflight-001.csv#row-1260
ANARCHI-TEST-OCC-43AC3D505E89BF25,ELIGIBLE,READY_FOR_BASELINE_EXECUTION_PLANNING,kiln-baseline-preflight-001.csv#row-703
ANARCHI-TEST-OCC-43DECD8BD86E4F82,RUNNER_BLOCKED,RUNNER_RECONCILIATION_REQUIRED,kiln-baseline-preflight-001.csv#row-1710
ANARCHI-TEST-OCC-43E6EF0B16947808,ELIGIBLE,READY_FOR_BASELINE_EXECUTION_PLANNING,kiln-baseline-preflight-001.csv#row-3233
ANARCHI-TEST-OCC-43FF8151037CE341,SUPPORT_ONLY,SUPPORT_ARTIFACT_ONLY,kiln-baseline-preflight-001.csv#row-3100
ANARCHI-TEST-OCC-44010A9BFD8A0507,ELIGIBLE,READY_FOR_BASELINE_EXECUTION_PLANNING,kiln-baseline-preflight-001.csv#row-1874
ANARCHI-TEST-OCC-4414005514FA302A,RUNNER_BLOCKED,RUNNER_RECONCILIATION_REQUIRED,kiln-baseline-preflight-001.csv#row-3104
ANARCHI-TEST-OCC-444D4126FB7FBD35,REQUIRES_ISOLATION,READY_BUT_DIRTY_REPOSITORY,kiln-baseline-preflight-001.csv#row-569
ANARCHI-TEST-OCC-44651FF9E84F93C5,SUPPORT_ONLY,SUPPORT_ARTIFACT_ONLY,kiln-baseline-preflight-001.csv#row-748
ANARCHI-TEST-OCC-449562088DD6FEBE,REQUIRES_ISOLATION,ISOLATION_TOPOLOGY_REQUIRED,kiln-baseline-preflight-001.csv#row-1829
ANARCHI-TEST-OCC-44B6F1FA231DF215,SUPPORT_ONLY,SUPPORT_ARTIFACT_ONLY,kiln-baseline-preflight-001.csv#row-1559
ANARCHI-TEST-OCC-44E756249441EFF0,ELIGIBLE,READY_FOR_BASELINE_EXECUTION_PLANNING,kiln-baseline-preflight-001.csv#row-289
ANARCHI-TEST-OCC-450DD105486957A4,ELIGIBLE,READY_FOR_BASELINE_EXECUTION_PLANNING,kiln-baseline-preflight-001.csv#row-2244
ANARCHI-TEST-OCC-451314795AE3E5D1,SUPPORT_ONLY,SUPPORT_ARTIFACT_ONLY,kiln-baseline-preflight-001.csv#row-959
ANARCHI-TEST-OCC-4515E27AA3F6E3AC,ELIGIBLE,READY_FOR_BASELINE_EXECUTION_PLANNING,kiln-baseline-preflight-001.csv#row-1411
ANARCHI-TEST-OCC-451C04DEC011C71D,RUNNER_BLOCKED,RUNNER_RECONCILIATION_REQUIRED,kiln-baseline-preflight-001.csv#row-765
ANARCHI-TEST-OCC-4522BE64ACD7E120,REQUIRES_ISOLATION,ISOLATION_TOPOLOGY_REQUIRED,kiln-baseline-preflight-001.csv#row-38
ANARCHI-TEST-OCC-45273C7ED763B2FC,ELIGIBLE,READY_FOR_BASELINE_EXECUTION_PLANNING,kiln-baseline-preflight-001.csv#row-2934
ANARCHI-TEST-OCC-45321123C3821752,REQUIRES_ISOLATION,ISOLATION_TOPOLOGY_REQUIRED,kiln-baseline-preflight-001.csv#row-969
ANARCHI-TEST-OCC-453C3849EB2387D0,REQUIRES_ISOLATION,ISOLATION_TOPOLOGY_REQUIRED,kiln-baseline-preflight-001.csv#row-2255
ANARCHI-TEST-OCC-4544A34C768CB4E9,RUNNER_BLOCKED,RUNNER_RECONCILIATION_REQUIRED,kiln-baseline-preflight-001.csv#row-1634
ANARCHI-TEST-OCC-457460B5CB799226,RUNNER_BLOCKED,RUNNER_RECONCILIATION_REQUIRED,kiln-baseline-preflight-001.csv#row-305
ANARCHI-TEST-OCC-45B1E23EA573F0DA,REQUIRES_ISOLATION,ISOLATION_TOPOLOGY_REQUIRED,kiln-baseline-preflight-001.csv#row-62
ANARCHI-TEST-OCC-45B74F888AEDA316,ELIGIBLE,READY_FOR_BASELINE_EXECUTION_PLANNING,kiln-baseline-preflight-001.csv#row-2312
ANARCHI-TEST-OCC-45CB24CC279FA0D6,ELIGIBLE,READY_FOR_BASELINE_EXECUTION_PLANNING,kiln-baseline-preflight-001.csv#row-1711
ANARCHI-TEST-OCC-4605AE46E663C9AB,REQUIRES_ISOLATION,ISOLATION_TOPOLOGY_REQUIRED,kiln-baseline-preflight-001.csv#row-1211
ANARCHI-TEST-OCC-4608AA5C3AF9F27F,REQUIRES_ISOLATION,ISOLATION_TOPOLOGY_REQUIRED,kiln-baseline-preflight-001.csv#row-2920
ANARCHI-TEST-OCC-460C47941026576A,RUNNER_BLOCKED,RUNNER_RECONCILIATION_REQUIRED,kiln-baseline-preflight-001.csv#row-1302
ANARCHI-TEST-OCC-4621A3B1B00A98AC,ELIGIBLE,READY_FOR_BASELINE_EXECUTION_PLANNING,kiln-baseline-preflight-001.csv#row-2919
ANARCHI-TEST-OCC-463CDCCF01A3862B,SUPPORT_ONLY,SUPPORT_ARTIFACT_ONLY,kiln-baseline-preflight-001.csv#row-156
ANARCHI-TEST-OCC-464509C3E84A5079,RUNNER_BLOCKED,RUNNER_RECONCILIATION_REQUIRED,kiln-baseline-preflight-001.csv#row-1692
ANARCHI-TEST-OCC-46518E3BDA3354C3,ELIGIBLE,READY_FOR_BASELINE_EXECUTION_PLANNING,kiln-baseline-preflight-001.csv#row-527
ANARCHI-TEST-OCC-46522633B1C255E8,ELIGIBLE,READY_FOR_BASELINE_EXECUTION_PLANNING,kiln-baseline-preflight-001.csv#row-1773
ANARCHI-TEST-OCC-466704D7E4D41263,REQUIRES_ISOLATION,READY_BUT_DIRTY_REPOSITORY,kiln-baseline-preflight-001.csv#row-1938
ANARCHI-TEST-OCC-466D7821BCD8418E,ELIGIBLE,READY_FOR_BASELINE_EXECUTION_PLANNING,kiln-baseline-preflight-001.csv#row-3076
ANARCHI-TEST-OCC-467000DDC68C7375,REQUIRES_SANDBOX,SANDBOX_TOPOLOGY_REQUIRED,kiln-baseline-preflight-001.csv#row-2147
ANARCHI-TEST-OCC-46793C872E4AB327,RUNNER_BLOCKED,RUNNER_RECONCILIATION_REQUIRED,kiln-baseline-preflight-001.csv#row-306
ANARCHI-TEST-OCC-467A3BD0DEB2EBD8,ELIGIBLE,READY_FOR_BASELINE_EXECUTION_PLANNING,kiln-baseline-preflight-001.csv#row-1409
ANARCHI-TEST-OCC-46C6C77E6635D105,ELIGIBLE,READY_FOR_BASELINE_EXECUTION_PLANNING,kiln-baseline-preflight-001.csv#row-1233
ANARCHI-TEST-OCC-46D5C9CA8EFE7C7C,RUNNER_BLOCKED,RUNNER_RECONCILIATION_REQUIRED,kiln-baseline-preflight-001.csv#row-901
ANARCHI-TEST-OCC-46E6AA6BD9380598,ELIGIBLE,READY_FOR_BASELINE_EXECUTION_PLANNING,kiln-baseline-preflight-001.csv#row-3062
ANARCHI-TEST-OCC-46ED85C36A4B7B28,ELIGIBLE,READY_FOR_BASELINE_EXECUTION_PLANNING,kiln-baseline-preflight-001.csv#row-3138
ANARCHI-TEST-OCC-46F9C865D6D29480,ELIGIBLE,READY_FOR_BASELINE_EXECUTION_PLANNING,kiln-baseline-preflight-001.csv#row-1977
ANARCHI-TEST-OCC-46FCF868288D0321,REQUIRES_ISOLATION,ISOLATION_TOPOLOGY_REQUIRED,kiln-baseline-preflight-001.csv#row-709
ANARCHI-TEST-OCC-47000F303ACC00ED,ELIGIBLE,READY_FOR_BASELINE_EXECUTION_PLANNING,kiln-baseline-preflight-001.csv#row-2830
ANARCHI-TEST-OCC-47346B7AE94ACB34,ELIGIBLE,READY_FOR_BASELINE_EXECUTION_PLANNING,kiln-baseline-preflight-001.csv#row-1562
ANARCHI-TEST-OCC-473545C511D02340,REQUIRES_ISOLATION,ISOLATION_TOPOLOGY_REQUIRED,kiln-baseline-preflight-001.csv#row-2983
ANARCHI-TEST-OCC-4746F10ACF55EE08,RUNNER_BLOCKED,RUNNER_RECONCILIATION_REQUIRED,kiln-baseline-preflight-001.csv#row-690
ANARCHI-TEST-OCC-474833F4C4B118F0,ELIGIBLE,READY_FOR_BASELINE_EXECUTION_PLANNING,kiln-baseline-preflight-001.csv#row-1297
ANARCHI-TEST-OCC-474FE2C515982900,RUNNER_BLOCKED,RUNNER_RECONCILIATION_REQUIRED,kiln-baseline-preflight-001.csv#row-874
ANARCHI-TEST-OCC-476866F762A2CD41,SUPPORT_ONLY,SUPPORT_ARTIFACT_ONLY,kiln-baseline-preflight-001.csv#row-1347
ANARCHI-TEST-OCC-477FBB5AC8134715,REQUIRES_ISOLATION,READY_BUT_DIRTY_REPOSITORY,kiln-baseline-preflight-001.csv#row-2431
ANARCHI-TEST-OCC-4780FFDEE56B62AB,SUPPORT_ONLY,SUPPORT_ARTIFACT_ONLY,kiln-baseline-preflight-001.csv#row-1396
ANARCHI-TEST-OCC-47829CA60CA95DC4,SUPPORT_ONLY,SUPPORT_ARTIFACT_ONLY,kiln-baseline-preflight-001.csv#row-2505
ANARCHI-TEST-OCC-47A17729291B9144,ELIGIBLE,READY_FOR_BASELINE_EXECUTION_PLANNING,kiln-baseline-preflight-001.csv#row-3095
ANARCHI-TEST-OCC-47BB38D7D8057878,SUPPORT_ONLY,SUPPORT_ARTIFACT_ONLY,kiln-baseline-preflight-001.csv#row-889
ANARCHI-TEST-OCC-47C70724811AAC2A,ELIGIBLE,READY_FOR_BASELINE_EXECUTION_PLANNING,kiln-baseline-preflight-001.csv#row-1464
ANARCHI-TEST-OCC-4803CEF1D53341EF,ELIGIBLE,READY_FOR_BASELINE_EXECUTION_PLANNING,kiln-baseline-preflight-001.csv#row-2711
ANARCHI-TEST-OCC-480C6110E29EC9CF,REQUIRES_ISOLATION,ISOLATION_TOPOLOGY_REQUIRED,kiln-baseline-preflight-001.csv#row-1241
ANARCHI-TEST-OCC-4816689385508B5B,ELIGIBLE,READY_FOR_BASELINE_EXECUTION_PLANNING,kiln-baseline-preflight-001.csv#row-461
ANARCHI-TEST-OCC-481CB7A81F243B5B,SUPPORT_ONLY,SUPPORT_ARTIFACT_ONLY,kiln-baseline-preflight-001.csv#row-882
ANARCHI-TEST-OCC-481D20741C610FE9,ELIGIBLE,READY_FOR_BASELINE_EXECUTION_PLANNING,kiln-baseline-preflight-001.csv#row-1018
ANARCHI-TEST-OCC-482D1B58BEFA0D27,ELIGIBLE,READY_FOR_BASELINE_EXECUTION_PLANNING,kiln-baseline-preflight-001.csv#row-3067
ANARCHI-TEST-OCC-4843447E6A2417F5,REQUIRES_ISOLATION,ISOLATION_TOPOLOGY_REQUIRED,kiln-baseline-preflight-001.csv#row-2030
ANARCHI-TEST-OCC-4845088CDC89427E,ELIGIBLE,READY_FOR_BASELINE_EXECUTION_PLANNING,kiln-baseline-preflight-001.csv#row-207
ANARCHI-TEST-OCC-48920EF9D7BE5AF4,SUPPORT_ONLY,SUPPORT_ARTIFACT_ONLY,kiln-baseline-preflight-001.csv#row-2895
ANARCHI-TEST-OCC-48AB2E8FA1909339,SUPPORT_ONLY,SUPPORT_ARTIFACT_ONLY,kiln-baseline-preflight-001.csv#row-1303
ANARCHI-TEST-OCC-48EA719A6506C0D1,ELIGIBLE,READY_FOR_BASELINE_EXECUTION_PLANNING,kiln-baseline-preflight-001.csv#row-130
ANARCHI-TEST-OCC-49086FBB54355CB1,ELIGIBLE,READY_FOR_BASELINE_EXECUTION_PLANNING,kiln-baseline-preflight-001.csv#row-1267
ANARCHI-TEST-OCC-492ACA604812ADD5,ELIGIBLE,READY_FOR_BASELINE_EXECUTION_PLANNING,kiln-baseline-preflight-001.csv#row-2901
ANARCHI-TEST-OCC-493090134BFDF208,REQUIRES_ISOLATION,ISOLATION_TOPOLOGY_REQUIRED,kiln-baseline-preflight-001.csv#row-3224
ANARCHI-TEST-OCC-4945CBBD2E2C0C9C,ELIGIBLE,READY_FOR_BASELINE_EXECUTION_PLANNING,kiln-baseline-preflight-001.csv#row-1126
ANARCHI-TEST-OCC-49603A04C5EEA870,ELIGIBLE,READY_FOR_BASELINE_EXECUTION_PLANNING,kiln-baseline-preflight-001.csv#row-2501
ANARCHI-TEST-OCC-498D29F6F298E341,REQUIRES_ISOLATION,ISOLATION_TOPOLOGY_REQUIRED,kiln-baseline-preflight-001.csv#row-2979
ANARCHI-TEST-OCC-499CE17470F19B61,SUPPORT_ONLY,SUPPORT_ARTIFACT_ONLY,kiln-baseline-preflight-001.csv#row-940
ANARCHI-TEST-OCC-49A4D1D55701EDC1,ELIGIBLE,READY_FOR_BASELINE_EXECUTION_PLANNING,kiln-baseline-preflight-001.csv#row-2892
ANARCHI-TEST-OCC-49A70EB9A813D900,ELIGIBLE,READY_FOR_BASELINE_EXECUTION_PLANNING,kiln-baseline-preflight-001.csv#row-1307
ANARCHI-TEST-OCC-49A9D9FA474BF732,ELIGIBLE,READY_FOR_BASELINE_EXECUTION_PLANNING,kiln-baseline-preflight-001.csv#row-2157
ANARCHI-TEST-OCC-49AC1B889957C326,REQUIRES_SANDBOX,SANDBOX_TOPOLOGY_REQUIRED,kiln-baseline-preflight-001.csv#row-2138
ANARCHI-TEST-OCC-49C5FF4AC08987AA,ELIGIBLE,READY_FOR_BASELINE_EXECUTION_PLANNING,kiln-baseline-preflight-001.csv#row-2883
ANARCHI-TEST-OCC-49D023B44CE17814,ELIGIBLE,READY_FOR_BASELINE_EXECUTION_PLANNING,kiln-baseline-preflight-001.csv#row-1641
ANARCHI-TEST-OCC-49D075FEAE4C93E3,ELIGIBLE,READY_FOR_BASELINE_EXECUTION_PLANNING,kiln-baseline-preflight-001.csv#row-1023
ANARCHI-TEST-OCC-49D5A3C55DA73A48,REQUIRES_ISOLATION,ISOLATION_TOPOLOGY_REQUIRED,kiln-baseline-preflight-001.csv#row-2875
ANARCHI-TEST-OCC-49DF03AEF8451FE5,ELIGIBLE,READY_FOR_BASELINE_EXECUTION_PLANNING,kiln-baseline-preflight-001.csv#row-2534
ANARCHI-TEST-OCC-49E1C958123BB720,ELIGIBLE,READY_FOR_BASELINE_EXECUTION_PLANNING,kiln-baseline-preflight-001.csv#row-2700
ANARCHI-TEST-OCC-49EA5D0A3A9EC8F8,SUPPORT_ONLY,SUPPORT_ARTIFACT_ONLY,kiln-baseline-preflight-001.csv#row-3082
ANARCHI-TEST-OCC-4A44F8C061BCB101,ELIGIBLE,READY_FOR_BASELINE_EXECUTION_PLANNING,kiln-baseline-preflight-001.csv#row-2981
ANARCHI-TEST-OCC-4A6D335F874A12B2,SUPPORT_ONLY,SUPPORT_ARTIFACT_ONLY,kiln-baseline-preflight-001.csv#row-3200
ANARCHI-TEST-OCC-4AB6C45269C243A7,ELIGIBLE,READY_FOR_BASELINE_EXECUTION_PLANNING,kiln-baseline-preflight-001.csv#row-341
ANARCHI-TEST-OCC-4AD566340A55C119,ELIGIBLE,READY_FOR_BASELINE_EXECUTION_PLANNING,kiln-baseline-preflight-001.csv#row-2968
ANARCHI-TEST-OCC-4AD5A6D43C1A1A20,SUPPORT_ONLY,SUPPORT_ARTIFACT_ONLY,kiln-baseline-preflight-001.csv#row-3290
ANARCHI-TEST-OCC-4AD7CB0CEB12CB3C,REQUIRES_ISOLATION,ISOLATION_TOPOLOGY_REQUIRED,kiln-baseline-preflight-001.csv#row-853
ANARCHI-TEST-OCC-4AE50D75B71DEA3E,SUPPORT_ONLY,SUPPORT_ARTIFACT_ONLY,kiln-baseline-preflight-001.csv#row-2927
ANARCHI-TEST-OCC-4AE61AD2AACC3313,REQUIRES_SANDBOX,SANDBOX_TOPOLOGY_REQUIRED,kiln-baseline-preflight-001.csv#row-999
ANARCHI-TEST-OCC-4B0084CBF7BAE5FA,REQUIRES_ISOLATION,ISOLATION_TOPOLOGY_REQUIRED,kiln-baseline-preflight-001.csv#row-1422
ANARCHI-TEST-OCC-4B10D600AC42C49C,ELIGIBLE,READY_FOR_BASELINE_EXECUTION_PLANNING,kiln-baseline-preflight-001.csv#row-1384
ANARCHI-TEST-OCC-4B14EB3B2AE5BC00,RUNNER_BLOCKED,RUNNER_RECONCILIATION_REQUIRED,kiln-baseline-preflight-001.csv#row-903
ANARCHI-TEST-OCC-4B1A3BD6EAFD88B9,REQUIRES_ISOLATION,READY_BUT_DIRTY_REPOSITORY,kiln-baseline-preflight-001.csv#row-1862
ANARCHI-TEST-OCC-4B37D4D7F72D8A07,RUNNER_BLOCKED,RUNNER_RECONCILIATION_REQUIRED,kiln-baseline-preflight-001.csv#row-2123
ANARCHI-TEST-OCC-4B5B110DD4E3EA04,ELIGIBLE,READY_FOR_BASELINE_EXECUTION_PLANNING,kiln-baseline-preflight-001.csv#row-356
ANARCHI-TEST-OCC-4B5B7FF2BE947905,ELIGIBLE,READY_FOR_BASELINE_EXECUTION_PLANNING,kiln-baseline-preflight-001.csv#row-218
ANARCHI-TEST-OCC-4B5C6100A2705C51,ELIGIBLE,READY_FOR_BASELINE_EXECUTION_PLANNING,kiln-baseline-preflight-001.csv#row-2518
ANARCHI-TEST-OCC-4B635A41415A283C,SUPPORT_ONLY,SUPPORT_ARTIFACT_ONLY,kiln-baseline-preflight-001.csv#row-3284
ANARCHI-TEST-OCC-4B6B7C5CAA35A8E8,SUPPORT_ONLY,SUPPORT_ARTIFACT_ONLY,kiln-baseline-preflight-001.csv#row-572
ANARCHI-TEST-OCC-4B72EA1A3BA93DA9,ELIGIBLE,READY_FOR_BASELINE_EXECUTION_PLANNING,kiln-baseline-preflight-001.csv#row-2338
ANARCHI-TEST-OCC-4B890F183947F7FB,REQUIRES_ISOLATION,ISOLATION_TOPOLOGY_REQUIRED,kiln-baseline-preflight-001.csv#row-1390
ANARCHI-TEST-OCC-4BBEAE55F538A5B4,REQUIRES_ISOLATION,ISOLATION_TOPOLOGY_REQUIRED,kiln-baseline-preflight-001.csv#row-2153
ANARCHI-TEST-OCC-4BCEE5268FBFA86E,RUNNER_BLOCKED,RUNNER_RECONCILIATION_REQUIRED,kiln-baseline-preflight-001.csv#row-2599
ANARCHI-TEST-OCC-4BDB57591532D752,ELIGIBLE,READY_FOR_BASELINE_EXECUTION_PLANNING,kiln-baseline-preflight-001.csv#row-492
ANARCHI-TEST-OCC-4BE3672FBA7B2BE0,REQUIRES_ISOLATION,ISOLATION_TOPOLOGY_REQUIRED,kiln-baseline-preflight-001.csv#row-2172
ANARCHI-TEST-OCC-4BED8E446E4A8CB3,REQUIRES_ISOLATION,READY_BUT_DIRTY_REPOSITORY,kiln-baseline-preflight-001.csv#row-2485
ANARCHI-TEST-OCC-4C05A5120E61BF0A,ELIGIBLE,READY_FOR_BASELINE_EXECUTION_PLANNING,kiln-baseline-preflight-001.csv#row-1265
ANARCHI-TEST-OCC-4C1427A8620F0820,ELIGIBLE,READY_FOR_BASELINE_EXECUTION_PLANNING,kiln-baseline-preflight-001.csv#row-3032
ANARCHI-TEST-OCC-4C169214BAD6B21B,RUNNER_BLOCKED,RUNNER_RECONCILIATION_REQUIRED,kiln-baseline-preflight-001.csv#row-823
ANARCHI-TEST-OCC-4C422D0F7D744E99,ELIGIBLE,READY_FOR_BASELINE_EXECUTION_PLANNING,kiln-baseline-preflight-001.csv#row-2625
ANARCHI-TEST-OCC-4C43CDAAE5B613D4,ELIGIBLE,READY_FOR_BASELINE_EXECUTION_PLANNING,kiln-baseline-preflight-001.csv#row-509
ANARCHI-TEST-OCC-4C60A7F8A5E6519C,ELIGIBLE,READY_FOR_BASELINE_EXECUTION_PLANNING,kiln-baseline-preflight-001.csv#row-1183
ANARCHI-TEST-OCC-4C8B263B24822FB3,ELIGIBLE,READY_FOR_BASELINE_EXECUTION_PLANNING,kiln-baseline-preflight-001.csv#row-513
ANARCHI-TEST-OCC-4CA035C15A4436C7,RUNNER_BLOCKED,RUNNER_RECONCILIATION_REQUIRED,kiln-baseline-preflight-001.csv#row-51
ANARCHI-TEST-OCC-4CA8AD30B6E882C6,SUPPORT_ONLY,SUPPORT_ARTIFACT_ONLY,kiln-baseline-preflight-001.csv#row-319
ANARCHI-TEST-OCC-4CBECFC8F018B5E5,REQUIRES_ISOLATION,ISOLATION_TOPOLOGY_REQUIRED,kiln-baseline-preflight-001.csv#row-1404
ANARCHI-TEST-OCC-4CBEF6F6013572C8,REQUIRES_ISOLATION,ISOLATION_TOPOLOGY_REQUIRED,kiln-baseline-preflight-001.csv#row-2582
ANARCHI-TEST-OCC-4CCC57F2371D8102,ELIGIBLE,READY_FOR_BASELINE_EXECUTION_PLANNING,kiln-baseline-preflight-001.csv#row-865
ANARCHI-TEST-OCC-4CE8B73631E0D08F,REQUIRES_ISOLATION,READY_BUT_DIRTY_REPOSITORY,kiln-baseline-preflight-001.csv#row-907
ANARCHI-TEST-OCC-4D1D2FFA5ECF5D59,REQUIRES_ISOLATION,ISOLATION_TOPOLOGY_REQUIRED,kiln-baseline-preflight-001.csv#row-1805
ANARCHI-TEST-OCC-4D2458150B169473,ELIGIBLE,READY_FOR_BASELINE_EXECUTION_PLANNING,kiln-baseline-preflight-001.csv#row-1776
ANARCHI-TEST-OCC-4D32E4863E4A6620,REQUIRES_ISOLATION,ISOLATION_TOPOLOGY_REQUIRED,kiln-baseline-preflight-001.csv#row-2568
ANARCHI-TEST-OCC-4D346598BC97D5AB,RUNNER_BLOCKED,RUNNER_RECONCILIATION_REQUIRED,kiln-baseline-preflight-001.csv#row-695
ANARCHI-TEST-OCC-4D423965A79178C8,RUNNER_BLOCKED,RUNNER_RECONCILIATION_REQUIRED,kiln-baseline-preflight-001.csv#row-640
ANARCHI-TEST-OCC-4D4758B64B3951E9,RUNNER_BLOCKED,RUNNER_RECONCILIATION_REQUIRED,kiln-baseline-preflight-001.csv#row-975
ANARCHI-TEST-OCC-4D7228BFFE07A1D8,ELIGIBLE,READY_FOR_BASELINE_EXECUTION_PLANNING,kiln-baseline-preflight-001.csv#row-151
ANARCHI-TEST-OCC-4D8DAF9301826F59,ELIGIBLE,READY_FOR_BASELINE_EXECUTION_PLANNING,kiln-baseline-preflight-001.csv#row-2768
ANARCHI-TEST-OCC-4DAFF28582D31A30,ELIGIBLE,READY_FOR_BASELINE_EXECUTION_PLANNING,kiln-baseline-preflight-001.csv#row-1544
ANARCHI-TEST-OCC-4DB26177A5128940,ELIGIBLE,READY_FOR_BASELINE_EXECUTION_PLANNING,kiln-baseline-preflight-001.csv#row-2647
ANARCHI-TEST-OCC-4DB6C5404A02E604,SUPPORT_ONLY,SUPPORT_ARTIFACT_ONLY,kiln-baseline-preflight-001.csv#row-1451
ANARCHI-TEST-OCC-4DCA15F7E56B15CF,RUNNER_BLOCKED,RUNNER_RECONCILIATION_REQUIRED,kiln-baseline-preflight-001.csv#row-9
ANARCHI-TEST-OCC-4DDA641C2E744DCC,ELIGIBLE,READY_FOR_BASELINE_EXECUTION_PLANNING,kiln-baseline-preflight-001.csv#row-873
ANARCHI-TEST-OCC-4DDDE3367ACA36CE,SUPPORT_ONLY,SUPPORT_ARTIFACT_ONLY,kiln-baseline-preflight-001.csv#row-1441
ANARCHI-TEST-OCC-4DE948475EF8AB21,REQUIRES_ISOLATION,ISOLATION_TOPOLOGY_REQUIRED,kiln-baseline-preflight-001.csv#row-2862
ANARCHI-TEST-OCC-4DF8F769178B167C,ELIGIBLE,READY_FOR_BASELINE_EXECUTION_PLANNING,kiln-baseline-preflight-001.csv#row-1104
ANARCHI-TEST-OCC-4E00BCA24DD17A68,ELIGIBLE,READY_FOR_BASELINE_EXECUTION_PLANNING,kiln-baseline-preflight-001.csv#row-2173
ANARCHI-TEST-OCC-4E02B9A3F51818F8,REQUIRES_ISOLATION,ISOLATION_TOPOLOGY_REQUIRED,kiln-baseline-preflight-001.csv#row-950
ANARCHI-TEST-OCC-4E08480510F8ED32,RUNNER_BLOCKED,RUNNER_RECONCILIATION_REQUIRED,kiln-baseline-preflight-001.csv#row-1682
ANARCHI-TEST-OCC-4E09F81D95A2E7C2,ELIGIBLE,READY_FOR_BASELINE_EXECUTION_PLANNING,kiln-baseline-preflight-001.csv#row-505
ANARCHI-TEST-OCC-4E1964923B7A5641,REQUIRES_ISOLATION,ISOLATION_TOPOLOGY_REQUIRED,kiln-baseline-preflight-001.csv#row-1369
ANARCHI-TEST-OCC-4E36949239A45ACE,REQUIRES_ISOLATION,ISOLATION_TOPOLOGY_REQUIRED,kiln-baseline-preflight-001.csv#row-2175
ANARCHI-TEST-OCC-4E375AD4C2C29BB9,ELIGIBLE,READY_FOR_BASELINE_EXECUTION_PLANNING,kiln-baseline-preflight-001.csv#row-266
ANARCHI-TEST-OCC-4E450CB190F1B7CB,ELIGIBLE,READY_FOR_BASELINE_EXECUTION_PLANNING,kiln-baseline-preflight-001.csv#row-135
ANARCHI-TEST-OCC-4E4A1B782DDDBCA0,ELIGIBLE,READY_FOR_BASELINE_EXECUTION_PLANNING,kiln-baseline-preflight-001.csv#row-1780
ANARCHI-TEST-OCC-4E90985507CE885F,SUPPORT_ONLY,SUPPORT_ARTIFACT_ONLY,kiln-baseline-preflight-001.csv#row-2509
ANARCHI-TEST-OCC-4EAC9D411F1FB702,REQUIRES_ISOLATION,ISOLATION_TOPOLOGY_REQUIRED,kiln-baseline-preflight-001.csv#row-1012
ANARCHI-TEST-OCC-4EBE35FBE2D45BE0,ELIGIBLE,READY_FOR_BASELINE_EXECUTION_PLANNING,kiln-baseline-preflight-001.csv#row-2345
ANARCHI-TEST-OCC-4EDB48E20151B5EA,REQUIRES_ISOLATION,ISOLATION_TOPOLOGY_REQUIRED,kiln-baseline-preflight-001.csv#row-2448
ANARCHI-TEST-OCC-4EECE92482F7F33D,SUPPORT_ONLY,SUPPORT_ARTIFACT_ONLY,kiln-baseline-preflight-001.csv#row-3134
ANARCHI-TEST-OCC-4F0990D1915E4A00,ELIGIBLE,READY_FOR_BASELINE_EXECUTION_PLANNING,kiln-baseline-preflight-001.csv#row-2178
ANARCHI-TEST-OCC-4F10386AB0CBA1D4,ELIGIBLE,READY_FOR_BASELINE_EXECUTION_PLANNING,kiln-baseline-preflight-001.csv#row-2117
ANARCHI-TEST-OCC-4F134203D9D3F811,REQUIRES_ISOLATION,ISOLATION_TOPOLOGY_REQUIRED,kiln-baseline-preflight-001.csv#row-3206
ANARCHI-TEST-OCC-4F1E345FFDBF7803,ELIGIBLE,READY_FOR_BASELINE_EXECUTION_PLANNING,kiln-baseline-preflight-001.csv#row-3148
ANARCHI-TEST-OCC-4F383F99D9EB3B17,ELIGIBLE,READY_FOR_BASELINE_EXECUTION_PLANNING,kiln-baseline-preflight-001.csv#row-3236
ANARCHI-TEST-OCC-4F3E53779FAA3A0C,ELIGIBLE,READY_FOR_BASELINE_EXECUTION_PLANNING,kiln-baseline-preflight-001.csv#row-1378
ANARCHI-TEST-OCC-4F44FC48EDFF4AE4,REQUIRES_ISOLATION,ISOLATION_TOPOLOGY_REQUIRED,kiln-baseline-preflight-001.csv#row-2557
ANARCHI-TEST-OCC-4F4A1A5E55BF46A7,SUPPORT_ONLY,SUPPORT_ARTIFACT_ONLY,kiln-baseline-preflight-001.csv#row-1191
ANARCHI-TEST-OCC-4F4D606E3753E154,SUPPORT_ONLY,SUPPORT_ARTIFACT_ONLY,kiln-baseline-preflight-001.csv#row-2021
ANARCHI-TEST-OCC-4F5249ED2C9A86EA,SUPPORT_ONLY,SUPPORT_ARTIFACT_ONLY,kiln-baseline-preflight-001.csv#row-3122
ANARCHI-TEST-OCC-4F59AA7F2745F62B,SUPPORT_ONLY,SUPPORT_ARTIFACT_ONLY,kiln-baseline-preflight-001.csv#row-3156
ANARCHI-TEST-OCC-4F6ED68CCF8B5692,ELIGIBLE,READY_FOR_BASELINE_EXECUTION_PLANNING,kiln-baseline-preflight-001.csv#row-485
ANARCHI-TEST-OCC-4F82B9FCA23F0C28,ELIGIBLE,READY_FOR_BASELINE_EXECUTION_PLANNING,kiln-baseline-preflight-001.csv#row-189
ANARCHI-TEST-OCC-4FC563BAE9B27AF1,ELIGIBLE,READY_FOR_BASELINE_EXECUTION_PLANNING,kiln-baseline-preflight-001.csv#row-909
ANARCHI-TEST-OCC-4FF67029C2BC3D4A,RUNNER_BLOCKED,RUNNER_RECONCILIATION_REQUIRED,kiln-baseline-preflight-001.csv#row-1536
ANARCHI-TEST-OCC-50792C2D490E046A,SUPPORT_ONLY,SUPPORT_ARTIFACT_ONLY,kiln-baseline-preflight-001.csv#row-3035
ANARCHI-TEST-OCC-509F145757D6C8DD,ELIGIBLE,READY_FOR_BASELINE_EXECUTION_PLANNING,kiln-baseline-preflight-001.csv#row-839
ANARCHI-TEST-OCC-50A40C42AE4B873B,ELIGIBLE,READY_FOR_BASELINE_EXECUTION_PLANNING,kiln-baseline-preflight-001.csv#row-843
ANARCHI-TEST-OCC-50A4333913ECA003,REQUIRES_ISOLATION,ISOLATION_TOPOLOGY_REQUIRED,kiln-baseline-preflight-001.csv#row-1420
ANARCHI-TEST-OCC-50B0BC44277D0BC7,ELIGIBLE,READY_FOR_BASELINE_EXECUTION_PLANNING,kiln-baseline-preflight-001.csv#row-1017
ANARCHI-TEST-OCC-50F2D3EB83D85653,REQUIRES_ISOLATION,READY_BUT_DIRTY_REPOSITORY,kiln-baseline-preflight-001.csv#row-3285
ANARCHI-TEST-OCC-50FD88F2367DBDFB,ELIGIBLE,READY_FOR_BASELINE_EXECUTION_PLANNING,kiln-baseline-preflight-001.csv#row-1926
ANARCHI-TEST-OCC-511DF3AC3DC80323,SUPPORT_ONLY,SUPPORT_ARTIFACT_ONLY,kiln-baseline-preflight-001.csv#row-2085
ANARCHI-TEST-OCC-51209B593B2DBB1F,REQUIRES_ISOLATION,ISOLATION_TOPOLOGY_REQUIRED,kiln-baseline-preflight-001.csv#row-2204
ANARCHI-TEST-OCC-512B8A532FD31275,REQUIRES_ISOLATION,ISOLATION_TOPOLOGY_REQUIRED,kiln-baseline-preflight-001.csv#row-676
ANARCHI-TEST-OCC-512CCB43868E68E0,ELIGIBLE,READY_FOR_BASELINE_EXECUTION_PLANNING,kiln-baseline-preflight-001.csv#row-544
ANARCHI-TEST-OCC-512F39FB0E5EB0FD,ELIGIBLE,READY_FOR_BASELINE_EXECUTION_PLANNING,kiln-baseline-preflight-001.csv#row-1357
ANARCHI-TEST-OCC-519CF2B60A8AA686,ELIGIBLE,READY_FOR_BASELINE_EXECUTION_PLANNING,kiln-baseline-preflight-001.csv#row-335
ANARCHI-TEST-OCC-519EE63935D67A82,ELIGIBLE,READY_FOR_BASELINE_EXECUTION_PLANNING,kiln-baseline-preflight-001.csv#row-1747
ANARCHI-TEST-OCC-51A37B1C4C49377A,ELIGIBLE,READY_FOR_BASELINE_EXECUTION_PLANNING,kiln-baseline-preflight-001.csv#row-1992
ANARCHI-TEST-OCC-51AEEBAAC16626FB,RUNNER_BLOCKED,RUNNER_RECONCILIATION_REQUIRED,kiln-baseline-preflight-001.csv#row-2137
ANARCHI-TEST-OCC-51C15F6D0DD54522,SUPPORT_ONLY,SUPPORT_ARTIFACT_ONLY,kiln-baseline-preflight-001.csv#row-418
ANARCHI-TEST-OCC-51C4BEC63B4DB3CA,RUNNER_BLOCKED,RUNNER_RECONCILIATION_REQUIRED,kiln-baseline-preflight-001.csv#row-1025
ANARCHI-TEST-OCC-51E6040217808D71,ELIGIBLE,READY_FOR_BASELINE_EXECUTION_PLANNING,kiln-baseline-preflight-001.csv#row-895
ANARCHI-TEST-OCC-51E97D1B2C16A31C,REQUIRES_ISOLATION,ISOLATION_TOPOLOGY_REQUIRED,kiln-baseline-preflight-001.csv#row-2098
ANARCHI-TEST-OCC-51FEED1FFE0FC134,REQUIRES_ISOLATION,ISOLATION_TOPOLOGY_REQUIRED,kiln-baseline-preflight-001.csv#row-1200
ANARCHI-TEST-OCC-520A5500C6D30348,ELIGIBLE,READY_FOR_BASELINE_EXECUTION_PLANNING,kiln-baseline-preflight-001.csv#row-2789
ANARCHI-TEST-OCC-522174CED7913B61,REQUIRES_ISOLATION,READY_BUT_DIRTY_REPOSITORY,kiln-baseline-preflight-001.csv#row-742
ANARCHI-TEST-OCC-5225850C122D1F7D,RUNNER_BLOCKED,RUNNER_RECONCILIATION_REQUIRED,kiln-baseline-preflight-001.csv#row-1832
ANARCHI-TEST-OCC-5244DB3CD15140BF,SUPPORT_ONLY,SUPPORT_ARTIFACT_ONLY,kiln-baseline-preflight-001.csv#row-2688
ANARCHI-TEST-OCC-525D8F92D757905B,SUPPORT_ONLY,SUPPORT_ARTIFACT_ONLY,kiln-baseline-preflight-001.csv#row-191
ANARCHI-TEST-OCC-5262438CECE99B3F,ELIGIBLE,READY_FOR_BASELINE_EXECUTION_PLANNING,kiln-baseline-preflight-001.csv#row-812
ANARCHI-TEST-OCC-526442542F5E7907,RUNNER_BLOCKED,RUNNER_RECONCILIATION_REQUIRED,kiln-baseline-preflight-001.csv#row-996
ANARCHI-TEST-OCC-526E02B6ABF45871,RUNNER_BLOCKED,RUNNER_RECONCILIATION_REQUIRED,kiln-baseline-preflight-001.csv#row-2350
ANARCHI-TEST-OCC-527555FC45C41ECA,ELIGIBLE,READY_FOR_BASELINE_EXECUTION_PLANNING,kiln-baseline-preflight-001.csv#row-2781
ANARCHI-TEST-OCC-527E1B3962E1BB26,REQUIRES_ISOLATION,ISOLATION_TOPOLOGY_REQUIRED,kiln-baseline-preflight-001.csv#row-109
ANARCHI-TEST-OCC-5280B4EF1B78A44C,REQUIRES_ISOLATION,ISOLATION_TOPOLOGY_REQUIRED,kiln-baseline-preflight-001.csv#row-1042
ANARCHI-TEST-OCC-52B596146F26EB74,ELIGIBLE,READY_FOR_BASELINE_EXECUTION_PLANNING,kiln-baseline-preflight-001.csv#row-928
ANARCHI-TEST-OCC-52B8AC6C5A8B8FAB,ELIGIBLE,READY_FOR_BASELINE_EXECUTION_PLANNING,kiln-baseline-preflight-001.csv#row-627
ANARCHI-TEST-OCC-52BE0F299608A04D,REQUIRES_ISOLATION,ISOLATION_TOPOLOGY_REQUIRED,kiln-baseline-preflight-001.csv#row-1444
ANARCHI-TEST-OCC-52C0E51F0B9E1B19,ELIGIBLE,READY_FOR_BASELINE_EXECUTION_PLANNING,kiln-baseline-preflight-001.csv#row-567
ANARCHI-TEST-OCC-52D7221CFBF8FB73,REQUIRES_ISOLATION,ISOLATION_TOPOLOGY_REQUIRED,kiln-baseline-preflight-001.csv#row-2370
ANARCHI-TEST-OCC-52DD2AF3BA37858E,REQUIRES_ISOLATION,ISOLATION_TOPOLOGY_REQUIRED,kiln-baseline-preflight-001.csv#row-847
ANARCHI-TEST-OCC-5302BFDE7C67AEF7,ELIGIBLE,READY_FOR_BASELINE_EXECUTION_PLANNING,kiln-baseline-preflight-001.csv#row-269
ANARCHI-TEST-OCC-53149BAFACC45B6F,ELIGIBLE,READY_FOR_BASELINE_EXECUTION_PLANNING,kiln-baseline-preflight-001.csv#row-2523
ANARCHI-TEST-OCC-531BB964AB47755F,ELIGIBLE,READY_FOR_BASELINE_EXECUTION_PLANNING,kiln-baseline-preflight-001.csv#row-896
ANARCHI-TEST-OCC-531D4BF51D24F76A,ELIGIBLE,READY_FOR_BASELINE_EXECUTION_PLANNING,kiln-baseline-preflight-001.csv#row-2726
ANARCHI-TEST-OCC-5327DAAB38C5B8E4,ELIGIBLE,READY_FOR_BASELINE_EXECUTION_PLANNING,kiln-baseline-preflight-001.csv#row-2965
ANARCHI-TEST-OCC-53641EDD0D838F51,SUPPORT_ONLY,SUPPORT_ARTIFACT_ONLY,kiln-baseline-preflight-001.csv#row-728
ANARCHI-TEST-OCC-537A23EC889FDF8D,ELIGIBLE,READY_FOR_BASELINE_EXECUTION_PLANNING,kiln-baseline-preflight-001.csv#row-3221
ANARCHI-TEST-OCC-537D81FECDA47B3C,REQUIRES_SANDBOX,SANDBOX_TOPOLOGY_REQUIRED,kiln-baseline-preflight-001.csv#row-263
ANARCHI-TEST-OCC-538B4C1A39A92C3F,ELIGIBLE,READY_FOR_BASELINE_EXECUTION_PLANNING,kiln-baseline-preflight-001.csv#row-2055
ANARCHI-TEST-OCC-539B3AD7BEC8B9C0,RUNNER_BLOCKED,RUNNER_RECONCILIATION_REQUIRED,kiln-baseline-preflight-001.csv#row-1427
ANARCHI-TEST-OCC-53BB7B2C296ACC53,ELIGIBLE,READY_FOR_BASELINE_EXECUTION_PLANNING,kiln-baseline-preflight-001.csv#row-1274
ANARCHI-TEST-OCC-53C015FA83A3271A,ELIGIBLE,READY_FOR_BASELINE_EXECUTION_PLANNING,kiln-baseline-preflight-001.csv#row-1812
ANARCHI-TEST-OCC-53D462BADF6F48E5,ELIGIBLE,READY_FOR_BASELINE_EXECUTION_PLANNING,kiln-baseline-preflight-001.csv#row-761
ANARCHI-TEST-OCC-53D805A4356C1BB7,ELIGIBLE,READY_FOR_BASELINE_EXECUTION_PLANNING,kiln-baseline-preflight-001.csv#row-774
ANARCHI-TEST-OCC-53DB94EAFD8B616A,RUNNER_BLOCKED,RUNNER_RECONCILIATION_REQUIRED,kiln-baseline-preflight-001.csv#row-1796
ANARCHI-TEST-OCC-53DECA6A4969F40B,ELIGIBLE,READY_FOR_BASELINE_EXECUTION_PLANNING,kiln-baseline-preflight-001.csv#row-518
ANARCHI-TEST-OCC-53F40B97811CF1F2,ELIGIBLE,READY_FOR_BASELINE_EXECUTION_PLANNING,kiln-baseline-preflight-001.csv#row-1662
ANARCHI-TEST-OCC-53F643B62A7CE842,REQUIRES_ISOLATION,ISOLATION_TOPOLOGY_REQUIRED,kiln-baseline-preflight-001.csv#row-1259
ANARCHI-TEST-OCC-5418B549F12C12AE,ELIGIBLE,READY_FOR_BASELINE_EXECUTION_PLANNING,kiln-baseline-preflight-001.csv#row-1205
ANARCHI-TEST-OCC-541D64A9A443C8A2,SUPPORT_ONLY,SUPPORT_ARTIFACT_ONLY,kiln-baseline-preflight-001.csv#row-2425
ANARCHI-TEST-OCC-541E657CC373F190,REQUIRES_ISOLATION,ISOLATION_TOPOLOGY_REQUIRED,kiln-baseline-preflight-001.csv#row-517
ANARCHI-TEST-OCC-54737546867AF41F,SUPPORT_ONLY,SUPPORT_ARTIFACT_ONLY,kiln-baseline-preflight-001.csv#row-1944
ANARCHI-TEST-OCC-547D1223C690A89B,ELIGIBLE,READY_FOR_BASELINE_EXECUTION_PLANNING,kiln-baseline-preflight-001.csv#row-3277
ANARCHI-TEST-OCC-54801A103FEBC3FE,ELIGIBLE,READY_FOR_BASELINE_EXECUTION_PLANNING,kiln-baseline-preflight-001.csv#row-2685
ANARCHI-TEST-OCC-54A8C46E201B5AEF,REQUIRES_SANDBOX,SANDBOX_TOPOLOGY_REQUIRED,kiln-baseline-preflight-001.csv#row-792
ANARCHI-TEST-OCC-54AC3651A241EE91,ELIGIBLE,READY_FOR_BASELINE_EXECUTION_PLANNING,kiln-baseline-preflight-001.csv#row-389
ANARCHI-TEST-OCC-54D77CF6022F5B39,RUNNER_BLOCKED,RUNNER_RECONCILIATION_REQUIRED,kiln-baseline-preflight-001.csv#row-899
ANARCHI-TEST-OCC-54DF020286F15C3E,ELIGIBLE,READY_FOR_BASELINE_EXECUTION_PLANNING,kiln-baseline-preflight-001.csv#row-14
ANARCHI-TEST-OCC-551473FFC6D08A00,ELIGIBLE,READY_FOR_BASELINE_EXECUTION_PLANNING,kiln-baseline-preflight-001.csv#row-1416
ANARCHI-TEST-OCC-5517B4E4A577456B,REQUIRES_ISOLATION,READY_BUT_DIRTY_REPOSITORY,kiln-baseline-preflight-001.csv#row-1842
ANARCHI-TEST-OCC-55195D8257EDD63A,RUNNER_BLOCKED,RUNNER_RECONCILIATION_REQUIRED,kiln-baseline-preflight-001.csv#row-2132
ANARCHI-TEST-OCC-554B00403196D949,SUPPORT_ONLY,SUPPORT_ARTIFACT_ONLY,kiln-baseline-preflight-001.csv#row-1693
ANARCHI-TEST-OCC-55589EE2E45FD046,ELIGIBLE,READY_FOR_BASELINE_EXECUTION_PLANNING,kiln-baseline-preflight-001.csv#row-2885
ANARCHI-TEST-OCC-55794EA423E863A3,SUPPORT_ONLY,SUPPORT_ARTIFACT_ONLY,kiln-baseline-preflight-001.csv#row-424
ANARCHI-TEST-OCC-557AB66A9C5378BE,SUPPORT_ONLY,SUPPORT_ARTIFACT_ONLY,kiln-baseline-preflight-001.csv#row-1689
ANARCHI-TEST-OCC-55971C2AAAEFB22B,REQUIRES_ISOLATION,ISOLATION_TOPOLOGY_REQUIRED,kiln-baseline-preflight-001.csv#row-2112
ANARCHI-TEST-OCC-5597C53985CEA397,ELIGIBLE,READY_FOR_BASELINE_EXECUTION_PLANNING,kiln-baseline-preflight-001.csv#row-2339
ANARCHI-TEST-OCC-55A7AF0A0F7595CE,RUNNER_BLOCKED,RUNNER_RECONCILIATION_REQUIRED,kiln-baseline-preflight-001.csv#row-2944
ANARCHI-TEST-OCC-55D9E41C5112CCB4,ELIGIBLE,READY_FOR_BASELINE_EXECUTION_PLANNING,kiln-baseline-preflight-001.csv#row-2252
ANARCHI-TEST-OCC-55ED70529F3B4646,RUNNER_BLOCKED,RUNNER_RECONCILIATION_REQUIRED,kiln-baseline-preflight-001.csv#row-1801
ANARCHI-TEST-OCC-55FA54ACBA719AEE,REQUIRES_ISOLATION,ISOLATION_TOPOLOGY_REQUIRED,kiln-baseline-preflight-001.csv#row-3297
ANARCHI-TEST-OCC-56058DC82F2B9640,ELIGIBLE,READY_FOR_BASELINE_EXECUTION_PLANNING,kiln-baseline-preflight-001.csv#row-2073
ANARCHI-TEST-OCC-5618B51AF197450B,SUPPORT_ONLY,SUPPORT_ARTIFACT_ONLY,kiln-baseline-preflight-001.csv#row-2819
ANARCHI-TEST-OCC-5652335EA0992BEE,ELIGIBLE,READY_FOR_BASELINE_EXECUTION_PLANNING,kiln-baseline-preflight-001.csv#row-1942
ANARCHI-TEST-OCC-566894A63DC0F6DF,ELIGIBLE,READY_FOR_BASELINE_EXECUTION_PLANNING,kiln-baseline-preflight-001.csv#row-1073
ANARCHI-TEST-OCC-566CAD0AF65C4E71,ELIGIBLE,READY_FOR_BASELINE_EXECUTION_PLANNING,kiln-baseline-preflight-001.csv#row-1978
ANARCHI-TEST-OCC-56A5900E20C6A23B,ELIGIBLE,READY_FOR_BASELINE_EXECUTION_PLANNING,kiln-baseline-preflight-001.csv#row-419
ANARCHI-TEST-OCC-56B04511F459AA0C,ELIGIBLE,READY_FOR_BASELINE_EXECUTION_PLANNING,kiln-baseline-preflight-001.csv#row-3040
ANARCHI-TEST-OCC-56C66009866E23AA,ELIGIBLE,READY_FOR_BASELINE_EXECUTION_PLANNING,kiln-baseline-preflight-001.csv#row-2782
ANARCHI-TEST-OCC-56D267F55593B834,ELIGIBLE,READY_FOR_BASELINE_EXECUTION_PLANNING,kiln-baseline-preflight-001.csv#row-1670
ANARCHI-TEST-OCC-571425363AE7B814,ELIGIBLE,READY_FOR_BASELINE_EXECUTION_PLANNING,kiln-baseline-preflight-001.csv#row-1679
ANARCHI-TEST-OCC-571D2CA38E334DBD,RUNNER_BLOCKED,RUNNER_RECONCILIATION_REQUIRED,kiln-baseline-preflight-001.csv#row-2026
ANARCHI-TEST-OCC-571FFCB317D7DB66,ELIGIBLE,READY_FOR_BASELINE_EXECUTION_PLANNING,kiln-baseline-preflight-001.csv#row-2906
ANARCHI-TEST-OCC-57217D816E54E9AC,SUPPORT_ONLY,SUPPORT_ARTIFACT_ONLY,kiln-baseline-preflight-001.csv#row-2003
ANARCHI-TEST-OCC-5726327E4380FDAE,ELIGIBLE,READY_FOR_BASELINE_EXECUTION_PLANNING,kiln-baseline-preflight-001.csv#row-401
ANARCHI-TEST-OCC-5729C86D02194608,RUNNER_BLOCKED,RUNNER_RECONCILIATION_REQUIRED,kiln-baseline-preflight-001.csv#row-2541
ANARCHI-TEST-OCC-573E6E6033EAC825,ELIGIBLE,READY_FOR_BASELINE_EXECUTION_PLANNING,kiln-baseline-preflight-001.csv#row-1852
ANARCHI-TEST-OCC-5747B4506ADFC872,ELIGIBLE,READY_FOR_BASELINE_EXECUTION_PLANNING,kiln-baseline-preflight-001.csv#row-590
ANARCHI-TEST-OCC-5782D7EEA9384CC6,REQUIRES_ISOLATION,ISOLATION_TOPOLOGY_REQUIRED,kiln-baseline-preflight-001.csv#row-3248
ANARCHI-TEST-OCC-57A2A4CEEB045BBE,REQUIRES_ISOLATION,ISOLATION_TOPOLOGY_REQUIRED,kiln-baseline-preflight-001.csv#row-271
ANARCHI-TEST-OCC-57B5A253E523BC27,SUPPORT_ONLY,SUPPORT_ARTIFACT_ONLY,kiln-baseline-preflight-001.csv#row-2657
ANARCHI-TEST-OCC-57D559DCA63193F6,REQUIRES_SANDBOX,SANDBOX_TOPOLOGY_REQUIRED,kiln-baseline-preflight-001.csv#row-208
ANARCHI-TEST-OCC-57DC5492595E9E0F,REQUIRES_SANDBOX,SANDBOX_TOPOLOGY_REQUIRED,kiln-baseline-preflight-001.csv#row-136
ANARCHI-TEST-OCC-57DD78C46B2A9AD0,ELIGIBLE,READY_FOR_BASELINE_EXECUTION_PLANNING,kiln-baseline-preflight-001.csv#row-2013
ANARCHI-TEST-OCC-57E25E14F0367787,ELIGIBLE,READY_FOR_BASELINE_EXECUTION_PLANNING,kiln-baseline-preflight-001.csv#row-1569
ANARCHI-TEST-OCC-580041D82FDF9F35,RUNNER_BLOCKED,RUNNER_RECONCILIATION_REQUIRED,kiln-baseline-preflight-001.csv#row-2187
ANARCHI-TEST-OCC-58043E64FE7947AF,ELIGIBLE,READY_FOR_BASELINE_EXECUTION_PLANNING,kiln-baseline-preflight-001.csv#row-2620
ANARCHI-TEST-OCC-5810F74F2A32AC67,SUPPORT_ONLY,SUPPORT_ARTIFACT_ONLY,kiln-baseline-preflight-001.csv#row-504
ANARCHI-TEST-OCC-58226E3FD8462596,RUNNER_BLOCKED,RUNNER_RECONCILIATION_REQUIRED,kiln-baseline-preflight-001.csv#row-2540
ANARCHI-TEST-OCC-583EAD1F97FE38C7,REQUIRES_ISOLATION,ISOLATION_TOPOLOGY_REQUIRED,kiln-baseline-preflight-001.csv#row-723
ANARCHI-TEST-OCC-58623BA54D180925,REQUIRES_ISOLATION,READY_BUT_DIRTY_REPOSITORY,kiln-baseline-preflight-001.csv#row-2095
ANARCHI-TEST-OCC-587DE1D887E3D580,REQUIRES_ISOLATION,ISOLATION_TOPOLOGY_REQUIRED,kiln-baseline-preflight-001.csv#row-88
ANARCHI-TEST-OCC-588D88CA8FEA5B26,SUPPORT_ONLY,SUPPORT_ARTIFACT_ONLY,kiln-baseline-preflight-001.csv#row-81
ANARCHI-TEST-OCC-589120F098DFEE4D,REQUIRES_ISOLATION,ISOLATION_TOPOLOGY_REQUIRED,kiln-baseline-preflight-001.csv#row-486
ANARCHI-TEST-OCC-589CBF0C2E671406,ELIGIBLE,READY_FOR_BASELINE_EXECUTION_PLANNING,kiln-baseline-preflight-001.csv#row-2342
ANARCHI-TEST-OCC-58A78D45BADC01F1,SUPPORT_ONLY,SUPPORT_ARTIFACT_ONLY,kiln-baseline-preflight-001.csv#row-2202
ANARCHI-TEST-OCC-58BF837F56A0D371,ELIGIBLE,READY_FOR_BASELINE_EXECUTION_PLANNING,kiln-baseline-preflight-001.csv#row-2775
ANARCHI-TEST-OCC-58C6CEBE6953B757,ELIGIBLE,READY_FOR_BASELINE_EXECUTION_PLANNING,kiln-baseline-preflight-001.csv#row-152
ANARCHI-TEST-OCC-58CFF30DAA7D3A4B,REQUIRES_ISOLATION,READY_BUT_DIRTY_REPOSITORY,kiln-baseline-preflight-001.csv#row-378
ANARCHI-TEST-OCC-58E227627F398115,ELIGIBLE,READY_FOR_BASELINE_EXECUTION_PLANNING,kiln-baseline-preflight-001.csv#row-833
ANARCHI-TEST-OCC-58E4F67A8ED2B609,SUPPORT_ONLY,SUPPORT_ARTIFACT_ONLY,kiln-baseline-preflight-001.csv#row-1097
ANARCHI-TEST-OCC-58EC80040B16FC91,RUNNER_BLOCKED,RUNNER_RECONCILIATION_REQUIRED,kiln-baseline-preflight-001.csv#row-2319
ANARCHI-TEST-OCC-5904C2B82B453CCD,REQUIRES_ISOLATION,ISOLATION_TOPOLOGY_REQUIRED,kiln-baseline-preflight-001.csv#row-2964
ANARCHI-TEST-OCC-5913653C67A12F15,RUNNER_BLOCKED,RUNNER_RECONCILIATION_REQUIRED,kiln-baseline-preflight-001.csv#row-1822
ANARCHI-TEST-OCC-591F13C5E12DAA03,SUPPORT_ONLY,SUPPORT_ARTIFACT_ONLY,kiln-baseline-preflight-001.csv#row-2213
ANARCHI-TEST-OCC-592E31689D41115D,REQUIRES_ISOLATION,ISOLATION_TOPOLOGY_REQUIRED,kiln-baseline-preflight-001.csv#row-3177
ANARCHI-TEST-OCC-59334407F4D3C852,SUPPORT_ONLY,SUPPORT_ARTIFACT_ONLY,kiln-baseline-preflight-001.csv#row-2389
ANARCHI-TEST-OCC-594A50CA83D541CE,RUNNER_BLOCKED,RUNNER_RECONCILIATION_REQUIRED,kiln-baseline-preflight-001.csv#row-1373
ANARCHI-TEST-OCC-59661C4532F9A02A,SUPPORT_ONLY,SUPPORT_ARTIFACT_ONLY,kiln-baseline-preflight-001.csv#row-3039
ANARCHI-TEST-OCC-5967BFEA64B0CEAB,SUPPORT_ONLY,SUPPORT_ARTIFACT_ONLY,kiln-baseline-preflight-001.csv#row-579
ANARCHI-TEST-OCC-59721C65D4C99B6E,RUNNER_BLOCKED,RUNNER_RECONCILIATION_REQUIRED,kiln-baseline-preflight-001.csv#row-2019
ANARCHI-TEST-OCC-597903CF59FDFC82,RUNNER_BLOCKED,RUNNER_RECONCILIATION_REQUIRED,kiln-baseline-preflight-001.csv#row-1286
ANARCHI-TEST-OCC-5984CD277AF55A78,ELIGIBLE,READY_FOR_BASELINE_EXECUTION_PLANNING,kiln-baseline-preflight-001.csv#row-786
ANARCHI-TEST-OCC-598D86C9ACE9085D,ELIGIBLE,READY_FOR_BASELINE_EXECUTION_PLANNING,kiln-baseline-preflight-001.csv#row-1038
ANARCHI-TEST-OCC-59B3E901C141BC3B,ELIGIBLE,READY_FOR_BASELINE_EXECUTION_PLANNING,kiln-baseline-preflight-001.csv#row-2763
ANARCHI-TEST-OCC-59C4D20B6B34921E,REQUIRES_ISOLATION,ISOLATION_TOPOLOGY_REQUIRED,kiln-baseline-preflight-001.csv#row-1587
ANARCHI-TEST-OCC-59C95DE339033F2C,REQUIRES_ISOLATION,ISOLATION_TOPOLOGY_REQUIRED,kiln-baseline-preflight-001.csv#row-2588
ANARCHI-TEST-OCC-59DC443EBAC00C16,REQUIRES_ISOLATION,ISOLATION_TOPOLOGY_REQUIRED,kiln-baseline-preflight-001.csv#row-1740
ANARCHI-TEST-OCC-59E2A5CD07E920EB,ELIGIBLE,READY_FOR_BASELINE_EXECUTION_PLANNING,kiln-baseline-preflight-001.csv#row-1001
ANARCHI-TEST-OCC-59F39FCBAA6BB22B,REQUIRES_ISOLATION,ISOLATION_TOPOLOGY_REQUIRED,kiln-baseline-preflight-001.csv#row-2926
ANARCHI-TEST-OCC-5A1FB742D1ADA3A9,REQUIRES_ISOLATION,ISOLATION_TOPOLOGY_REQUIRED,kiln-baseline-preflight-001.csv#row-2519
ANARCHI-TEST-OCC-5A20FCFD8035E355,ELIGIBLE,READY_FOR_BASELINE_EXECUTION_PLANNING,kiln-baseline-preflight-001.csv#row-3180
ANARCHI-TEST-OCC-5A29FAB63213AB67,RUNNER_BLOCKED,RUNNER_RECONCILIATION_REQUIRED,kiln-baseline-preflight-001.csv#row-3101
ANARCHI-TEST-OCC-5A2AD49B6201B6F9,ELIGIBLE,READY_FOR_BASELINE_EXECUTION_PLANNING,kiln-baseline-preflight-001.csv#row-2976
ANARCHI-TEST-OCC-5A2F49E0F55EF74E,ELIGIBLE,READY_FOR_BASELINE_EXECUTION_PLANNING,kiln-baseline-preflight-001.csv#row-2496
ANARCHI-TEST-OCC-5A2F6B5623FE38A9,ELIGIBLE,READY_FOR_BASELINE_EXECUTION_PLANNING,kiln-baseline-preflight-001.csv#row-118
ANARCHI-TEST-OCC-5A385FB0A148C330,ELIGIBLE,READY_FOR_BASELINE_EXECUTION_PLANNING,kiln-baseline-preflight-001.csv#row-2764
ANARCHI-TEST-OCC-5A43418C19F93CCD,ELIGIBLE,READY_FOR_BASELINE_EXECUTION_PLANNING,kiln-baseline-preflight-001.csv#row-1083
ANARCHI-TEST-OCC-5A4A173671FF76D9,SUPPORT_ONLY,SUPPORT_ARTIFACT_ONLY,kiln-baseline-preflight-001.csv#row-1346
ANARCHI-TEST-OCC-5A589CDB9EDD5D17,RUNNER_BLOCKED,RUNNER_RECONCILIATION_REQUIRED,kiln-baseline-preflight-001.csv#row-2486
ANARCHI-TEST-OCC-5A67391E0E28489C,SUPPORT_ONLY,SUPPORT_ARTIFACT_ONLY,kiln-baseline-preflight-001.csv#row-1167
ANARCHI-TEST-OCC-5A91CE19D3C9611C,REQUIRES_SANDBOX,SANDBOX_TOPOLOGY_REQUIRED,kiln-baseline-preflight-001.csv#row-2676
ANARCHI-TEST-OCC-5AB10EAFB765387E,RUNNER_BLOCKED,RUNNER_RECONCILIATION_REQUIRED,kiln-baseline-preflight-001.csv#row-1802
ANARCHI-TEST-OCC-5AB8B75C1E07B4E8,REQUIRES_ISOLATION,ISOLATION_TOPOLOGY_REQUIRED,kiln-baseline-preflight-001.csv#row-3291
ANARCHI-TEST-OCC-5AD26C9B416828A4,ELIGIBLE,READY_FOR_BASELINE_EXECUTION_PLANNING,kiln-baseline-preflight-001.csv#row-2139
ANARCHI-TEST-OCC-5AE36B9D274D6082,RUNNER_BLOCKED,RUNNER_RECONCILIATION_REQUIRED,kiln-baseline-preflight-001.csv#row-2639
ANARCHI-TEST-OCC-5B0BE1E109F0CF37,SUPPORT_ONLY,SUPPORT_ARTIFACT_ONLY,kiln-baseline-preflight-001.csv#row-3140
ANARCHI-TEST-OCC-5B1DC11BDD7587E6,ELIGIBLE,READY_FOR_BASELINE_EXECUTION_PLANNING,kiln-baseline-preflight-001.csv#row-2848
ANARCHI-TEST-OCC-5B295949999CE951,ELIGIBLE,READY_FOR_BASELINE_EXECUTION_PLANNING,kiln-baseline-preflight-001.csv#row-2661
ANARCHI-TEST-OCC-5B6D57A0457E3EDA,REQUIRES_SANDBOX,SANDBOX_TOPOLOGY_REQUIRED,kiln-baseline-preflight-001.csv#row-283
ANARCHI-TEST-OCC-5B842932ED0AD88D,ELIGIBLE,READY_FOR_BASELINE_EXECUTION_PLANNING,kiln-baseline-preflight-001.csv#row-546
ANARCHI-TEST-OCC-5B8968B45CBC1FEC,ELIGIBLE,READY_FOR_BASELINE_EXECUTION_PLANNING,kiln-baseline-preflight-001.csv#row-1458
ANARCHI-TEST-OCC-5BA0F7906418B1F0,RUNNER_BLOCKED,RUNNER_RECONCILIATION_REQUIRED,kiln-baseline-preflight-001.csv#row-2221
ANARCHI-TEST-OCC-5BA569F3AEBC7624,ELIGIBLE,READY_FOR_BASELINE_EXECUTION_PLANNING,kiln-baseline-preflight-001.csv#row-3088
ANARCHI-TEST-OCC-5BB0EBC2E88C098F,ELIGIBLE,READY_FOR_BASELINE_EXECUTION_PLANNING,kiln-baseline-preflight-001.csv#row-2515
ANARCHI-TEST-OCC-5BD6E13023C35833,ELIGIBLE,READY_FOR_BASELINE_EXECUTION_PLANNING,kiln-baseline-preflight-001.csv#row-195
ANARCHI-TEST-OCC-5BFDF3E5BB3AF8B0,SUPPORT_ONLY,SUPPORT_ARTIFACT_ONLY,kiln-baseline-preflight-001.csv#row-292
ANARCHI-TEST-OCC-5C166D959AAC284F,ELIGIBLE,READY_FOR_BASELINE_EXECUTION_PLANNING,kiln-baseline-preflight-001.csv#row-400
ANARCHI-TEST-OCC-5C1F3B97C4B0F90E,ELIGIBLE,READY_FOR_BASELINE_EXECUTION_PLANNING,kiln-baseline-preflight-001.csv#row-1344
ANARCHI-TEST-OCC-5C2DF39D347BCB6E,ELIGIBLE,READY_FOR_BASELINE_EXECUTION_PLANNING,kiln-baseline-preflight-001.csv#row-1855
ANARCHI-TEST-OCC-5C39542126C68374,ELIGIBLE,READY_FOR_BASELINE_EXECUTION_PLANNING,kiln-baseline-preflight-001.csv#row-1121
ANARCHI-TEST-OCC-5C51C728C8AFB1F7,ELIGIBLE,READY_FOR_BASELINE_EXECUTION_PLANNING,kiln-baseline-preflight-001.csv#row-1143
ANARCHI-TEST-OCC-5C58921D64140A18,SUPPORT_ONLY,SUPPORT_ARTIFACT_ONLY,kiln-baseline-preflight-001.csv#row-2051
ANARCHI-TEST-OCC-5C58F0667124A051,RUNNER_BLOCKED,RUNNER_RECONCILIATION_REQUIRED,kiln-baseline-preflight-001.csv#row-1310
ANARCHI-TEST-OCC-5C5F26C77E3DA93B,ELIGIBLE,READY_FOR_BASELINE_EXECUTION_PLANNING,kiln-baseline-preflight-001.csv#row-824
ANARCHI-TEST-OCC-5C64DDAEDAC4BA13,ELIGIBLE,READY_FOR_BASELINE_EXECUTION_PLANNING,kiln-baseline-preflight-001.csv#row-675
ANARCHI-TEST-OCC-5C6DD1E10AFE955D,RUNNER_BLOCKED,RUNNER_RECONCILIATION_REQUIRED,kiln-baseline-preflight-001.csv#row-83
ANARCHI-TEST-OCC-5C725985381A0D1B,RUNNER_BLOCKED,RUNNER_RECONCILIATION_REQUIRED,kiln-baseline-preflight-001.csv#row-2131
ANARCHI-TEST-OCC-5C980A34D1B67AD3,SUPPORT_ONLY,SUPPORT_ARTIFACT_ONLY,kiln-baseline-preflight-001.csv#row-1063
ANARCHI-TEST-OCC-5CBD1B8E79E74D9C,RUNNER_BLOCKED,RUNNER_RECONCILIATION_REQUIRED,kiln-baseline-preflight-001.csv#row-520
ANARCHI-TEST-OCC-5CC32EA9EA613D30,REQUIRES_ISOLATION,ISOLATION_TOPOLOGY_REQUIRED,kiln-baseline-preflight-001.csv#row-3112
ANARCHI-TEST-OCC-5CC9ED85407DAE72,REQUIRES_SANDBOX,SANDBOX_TOPOLOGY_REQUIRED,kiln-baseline-preflight-001.csv#row-163
ANARCHI-TEST-OCC-5CD98B6A5B4B04EE,ELIGIBLE,READY_FOR_BASELINE_EXECUTION_PLANNING,kiln-baseline-preflight-001.csv#row-838
ANARCHI-TEST-OCC-5CEFF541280526E3,RUNNER_BLOCKED,RUNNER_RECONCILIATION_REQUIRED,kiln-baseline-preflight-001.csv#row-3160
ANARCHI-TEST-OCC-5D081BFC7B343A7B,ELIGIBLE,READY_FOR_BASELINE_EXECUTION_PLANNING,kiln-baseline-preflight-001.csv#row-1360
ANARCHI-TEST-OCC-5D0F113189D1FD87,REQUIRES_SANDBOX,SANDBOX_TOPOLOGY_REQUIRED,kiln-baseline-preflight-001.csv#row-84
ANARCHI-TEST-OCC-5D1C65C12464707A,RUNNER_BLOCKED,RUNNER_RECONCILIATION_REQUIRED,kiln-baseline-preflight-001.csv#row-622
ANARCHI-TEST-OCC-5D279D13150AC2FB,RUNNER_BLOCKED,RUNNER_RECONCILIATION_REQUIRED,kiln-baseline-preflight-001.csv#row-641
ANARCHI-TEST-OCC-5D3DC6A48E1CC97A,SUPPORT_ONLY,SUPPORT_ARTIFACT_ONLY,kiln-baseline-preflight-001.csv#row-265
ANARCHI-TEST-OCC-5D403D05C77BAA0C,ELIGIBLE,READY_FOR_BASELINE_EXECUTION_PLANNING,kiln-baseline-preflight-001.csv#row-1334
ANARCHI-TEST-OCC-5D44AA4FB5C30553,ELIGIBLE,READY_FOR_BASELINE_EXECUTION_PLANNING,kiln-baseline-preflight-001.csv#row-2584
ANARCHI-TEST-OCC-5D48D2A5E6FEB1CC,SUPPORT_ONLY,SUPPORT_ARTIFACT_ONLY,kiln-baseline-preflight-001.csv#row-1533
ANARCHI-TEST-OCC-5D5F5059E47687C0,ELIGIBLE,READY_FOR_BASELINE_EXECUTION_PLANNING,kiln-baseline-preflight-001.csv#row-2472
ANARCHI-TEST-OCC-5D6856AD2067DE1E,ELIGIBLE,READY_FOR_BASELINE_EXECUTION_PLANNING,kiln-baseline-preflight-001.csv#row-670
ANARCHI-TEST-OCC-5D847B8CB57E8732,REQUIRES_ISOLATION,READY_BUT_DIRTY_REPOSITORY,kiln-baseline-preflight-001.csv#row-1924
ANARCHI-TEST-OCC-5D89B8F0B5616A6D,REQUIRES_ISOLATION,ISOLATION_TOPOLOGY_REQUIRED,kiln-baseline-preflight-001.csv#row-1847
ANARCHI-TEST-OCC-5D90730E49BF0B96,REQUIRES_SANDBOX,SANDBOX_TOPOLOGY_REQUIRED,kiln-baseline-preflight-001.csv#row-3155
ANARCHI-TEST-OCC-5D953337DA73D13A,ELIGIBLE,READY_FOR_BASELINE_EXECUTION_PLANNING,kiln-baseline-preflight-001.csv#row-1620
ANARCHI-TEST-OCC-5DAD4C3823FA93FB,SUPPORT_ONLY,SUPPORT_ARTIFACT_ONLY,kiln-baseline-preflight-001.csv#row-1845
ANARCHI-TEST-OCC-5DD88B2B167FC780,SUPPORT_ONLY,SUPPORT_ARTIFACT_ONLY,kiln-baseline-preflight-001.csv#row-2679
ANARCHI-TEST-OCC-5DEEF281972AC6AC,RUNNER_BLOCKED,RUNNER_RECONCILIATION_REQUIRED,kiln-baseline-preflight-001.csv#row-2977
ANARCHI-TEST-OCC-5E1011490BD0BD4F,RUNNER_BLOCKED,RUNNER_RECONCILIATION_REQUIRED,kiln-baseline-preflight-001.csv#row-2943
ANARCHI-TEST-OCC-5E10E269ACB6CE3D,RUNNER_BLOCKED,RUNNER_RECONCILIATION_REQUIRED,kiln-baseline-preflight-001.csv#row-1437
ANARCHI-TEST-OCC-5E18B04B47D31915,SUPPORT_ONLY,SUPPORT_ARTIFACT_ONLY,kiln-baseline-preflight-001.csv#row-235
ANARCHI-TEST-OCC-5E1FB368FC5239B4,ELIGIBLE,READY_FOR_BASELINE_EXECUTION_PLANNING,kiln-baseline-preflight-001.csv#row-274
ANARCHI-TEST-OCC-5E30B82CF1BE2410,ELIGIBLE,READY_FOR_BASELINE_EXECUTION_PLANNING,kiln-baseline-preflight-001.csv#row-3057
ANARCHI-TEST-OCC-5E3B43D82008545C,REQUIRES_ISOLATION,ISOLATION_TOPOLOGY_REQUIRED,kiln-baseline-preflight-001.csv#row-1436
ANARCHI-TEST-OCC-5E46EB16CA446E00,REQUIRES_ISOLATION,ISOLATION_TOPOLOGY_REQUIRED,kiln-baseline-preflight-001.csv#row-949
ANARCHI-TEST-OCC-5E602323ECA6E64A,REQUIRES_ISOLATION,READY_BUT_DIRTY_REPOSITORY,kiln-baseline-preflight-001.csv#row-477
ANARCHI-TEST-OCC-5E6625E4352BA13C,ELIGIBLE,READY_FOR_BASELINE_EXECUTION_PLANNING,kiln-baseline-preflight-001.csv#row-2036
ANARCHI-TEST-OCC-5E878562E8A89E75,RUNNER_BLOCKED,RUNNER_RECONCILIATION_REQUIRED,kiln-baseline-preflight-001.csv#row-10
ANARCHI-TEST-OCC-5E930051F28C910F,ELIGIBLE,READY_FOR_BASELINE_EXECUTION_PLANNING,kiln-baseline-preflight-001.csv#row-1142
ANARCHI-TEST-OCC-5EAB6B1EE9B4F8AF,REQUIRES_ISOLATION,READY_BUT_DIRTY_REPOSITORY,kiln-baseline-preflight-001.csv#row-2954
ANARCHI-TEST-OCC-5EC5A4DAA5DB1CDE,SUPPORT_ONLY,SUPPORT_ARTIFACT_ONLY,kiln-baseline-preflight-001.csv#row-2498
ANARCHI-TEST-OCC-5EE3BF86A9922736,RUNNER_BLOCKED,RUNNER_RECONCILIATION_REQUIRED,kiln-baseline-preflight-001.csv#row-621
ANARCHI-TEST-OCC-5EEB4636E42EF8E4,RUNNER_BLOCKED,RUNNER_RECONCILIATION_REQUIRED,kiln-baseline-preflight-001.csv#row-2804
ANARCHI-TEST-OCC-5F0C5EC4547185F3,ELIGIBLE,READY_FOR_BASELINE_EXECUTION_PLANNING,kiln-baseline-preflight-001.csv#row-321
ANARCHI-TEST-OCC-5F2FD37F6EE8BDCA,ELIGIBLE,READY_FOR_BASELINE_EXECUTION_PLANNING,kiln-baseline-preflight-001.csv#row-2303
ANARCHI-TEST-OCC-5F3879E6AE41172A,REQUIRES_ISOLATION,ISOLATION_TOPOLOGY_REQUIRED,kiln-baseline-preflight-001.csv#row-939
ANARCHI-TEST-OCC-5F4EC680F48C8BB0,REQUIRES_ISOLATION,ISOLATION_TOPOLOGY_REQUIRED,kiln-baseline-preflight-001.csv#row-525
ANARCHI-TEST-OCC-5F67DF05A98E66C6,ELIGIBLE,READY_FOR_BASELINE_EXECUTION_PLANNING,kiln-baseline-preflight-001.csv#row-219
ANARCHI-TEST-OCC-5F68CFB96B1B6224,RUNNER_BLOCKED,RUNNER_RECONCILIATION_REQUIRED,kiln-baseline-preflight-001.csv#row-1496
ANARCHI-TEST-OCC-5F709DE08B9A7172,REQUIRES_ISOLATION,READY_BUT_DIRTY_REPOSITORY,kiln-baseline-preflight-001.csv#row-2005
ANARCHI-TEST-OCC-5FC46B862E6F391B,SUPPORT_ONLY,SUPPORT_ARTIFACT_ONLY,kiln-baseline-preflight-001.csv#row-1856
ANARCHI-TEST-OCC-5FD7C20EB35CFF72,ELIGIBLE,READY_FOR_BASELINE_EXECUTION_PLANNING,kiln-baseline-preflight-001.csv#row-2057
ANARCHI-TEST-OCC-5FE66891C387D8C6,SUPPORT_ONLY,SUPPORT_ARTIFACT_ONLY,kiln-baseline-preflight-001.csv#row-2939
ANARCHI-TEST-OCC-5FF79C9F699F5EC5,SUPPORT_ONLY,SUPPORT_ARTIFACT_ONLY,kiln-baseline-preflight-001.csv#row-991
ANARCHI-TEST-OCC-6007C2E6C5B7BF30,RUNNER_BLOCKED,RUNNER_RECONCILIATION_REQUIRED,kiln-baseline-preflight-001.csv#row-2696
ANARCHI-TEST-OCC-601246DA2495E624,REQUIRES_ISOLATION,ISOLATION_TOPOLOGY_REQUIRED,kiln-baseline-preflight-001.csv#row-880
ANARCHI-TEST-OCC-6019D7861C373E7D,REQUIRES_ISOLATION,ISOLATION_TOPOLOGY_REQUIRED,kiln-baseline-preflight-001.csv#row-1015
ANARCHI-TEST-OCC-60273EF97522FD53,SUPPORT_ONLY,SUPPORT_ARTIFACT_ONLY,kiln-baseline-preflight-001.csv#row-1877
ANARCHI-TEST-OCC-60295D7F92FE1B00,ELIGIBLE,READY_FOR_BASELINE_EXECUTION_PLANNING,kiln-baseline-preflight-001.csv#row-1983
ANARCHI-TEST-OCC-602AC7EAC88E93C8,RUNNER_BLOCKED,RUNNER_RECONCILIATION_REQUIRED,kiln-baseline-preflight-001.csv#row-637
ANARCHI-TEST-OCC-602F7C77F83E9A18,RUNNER_BLOCKED,RUNNER_RECONCILIATION_REQUIRED,kiln-baseline-preflight-001.csv#row-678
ANARCHI-TEST-OCC-603A03D36B80B9B2,ELIGIBLE,READY_FOR_BASELINE_EXECUTION_PLANNING,kiln-baseline-preflight-001.csv#row-2741
ANARCHI-TEST-OCC-603CDE85A3FE2AB4,REQUIRES_SANDBOX,SANDBOX_TOPOLOGY_REQUIRED,kiln-baseline-preflight-001.csv#row-593
ANARCHI-TEST-OCC-603F3244F4647A6C,SUPPORT_ONLY,SUPPORT_ARTIFACT_ONLY,kiln-baseline-preflight-001.csv#row-2667
ANARCHI-TEST-OCC-604D8AB641106047,ELIGIBLE,READY_FOR_BASELINE_EXECUTION_PLANNING,kiln-baseline-preflight-001.csv#row-367
ANARCHI-TEST-OCC-6064D02FA56C5EC9,ELIGIBLE,READY_FOR_BASELINE_EXECUTION_PLANNING,kiln-baseline-preflight-001.csv#row-272
ANARCHI-TEST-OCC-6065CECA5267B62F,ELIGIBLE,READY_FOR_BASELINE_EXECUTION_PLANNING,kiln-baseline-preflight-001.csv#row-2689
ANARCHI-TEST-OCC-607AF2D393B7848A,ELIGIBLE,READY_FOR_BASELINE_EXECUTION_PLANNING,kiln-baseline-preflight-001.csv#row-1589
ANARCHI-TEST-OCC-609DF8C120B749EB,ELIGIBLE,READY_FOR_BASELINE_EXECUTION_PLANNING,kiln-baseline-preflight-001.csv#row-3004
ANARCHI-TEST-OCC-60D19C14F5138B76,SUPPORT_ONLY,SUPPORT_ARTIFACT_ONLY,kiln-baseline-preflight-001.csv#row-2193
ANARCHI-TEST-OCC-60D8E8E41BA5CEFA,REQUIRES_ISOLATION,ISOLATION_TOPOLOGY_REQUIRED,kiln-baseline-preflight-001.csv#row-3239
ANARCHI-TEST-OCC-60E098234201D932,SUPPORT_ONLY,SUPPORT_ARTIFACT_ONLY,kiln-baseline-preflight-001.csv#row-3276
ANARCHI-TEST-OCC-60E85141D9AE80E1,ELIGIBLE,READY_FOR_BASELINE_EXECUTION_PLANNING,kiln-baseline-preflight-001.csv#row-2371
ANARCHI-TEST-OCC-60FE13DC61E7A0AC,ELIGIBLE,READY_FOR_BASELINE_EXECUTION_PLANNING,kiln-baseline-preflight-001.csv#row-1571
ANARCHI-TEST-OCC-6103B2B0A1AD8554,SUPPORT_ONLY,SUPPORT_ARTIFACT_ONLY,kiln-baseline-preflight-001.csv#row-299
ANARCHI-TEST-OCC-61563A43BB8A8DC2,REQUIRES_ISOLATION,ISOLATION_TOPOLOGY_REQUIRED,kiln-baseline-preflight-001.csv#row-1075
ANARCHI-TEST-OCC-61586D6ECE589704,ELIGIBLE,READY_FOR_BASELINE_EXECUTION_PLANNING,kiln-baseline-preflight-001.csv#row-493
ANARCHI-TEST-OCC-61711E8EB522EAC3,ELIGIBLE,READY_FOR_BASELINE_EXECUTION_PLANNING,kiln-baseline-preflight-001.csv#row-2610
ANARCHI-TEST-OCC-6175B4D5F6CFB3E4,ELIGIBLE,READY_FOR_BASELINE_EXECUTION_PLANNING,kiln-baseline-preflight-001.csv#row-1030
ANARCHI-TEST-OCC-6177E4B3FD985E1B,RUNNER_BLOCKED,RUNNER_RECONCILIATION_REQUIRED,kiln-baseline-preflight-001.csv#row-2008
ANARCHI-TEST-OCC-618A2E3584272BB3,ELIGIBLE,READY_FOR_BASELINE_EXECUTION_PLANNING,kiln-baseline-preflight-001.csv#row-2353
ANARCHI-TEST-OCC-61A609AD493BD813,SUPPORT_ONLY,SUPPORT_ARTIFACT_ONLY,kiln-baseline-preflight-001.csv#row-2368
ANARCHI-TEST-OCC-61AEE1B9B3EEF3A9,REQUIRES_ISOLATION,READY_BUT_DIRTY_REPOSITORY,kiln-baseline-preflight-001.csv#row-1895
ANARCHI-TEST-OCC-61D655D66D09286B,ELIGIBLE,READY_FOR_BASELINE_EXECUTION_PLANNING,kiln-baseline-preflight-001.csv#row-3132
ANARCHI-TEST-OCC-61DAF10DDC4980D5,ELIGIBLE,READY_FOR_BASELINE_EXECUTION_PLANNING,kiln-baseline-preflight-001.csv#row-2806
ANARCHI-TEST-OCC-61EA6A83C64660F7,SUPPORT_ONLY,SUPPORT_ARTIFACT_ONLY,kiln-baseline-preflight-001.csv#row-1756
ANARCHI-TEST-OCC-61F6001CFBB17AAB,ELIGIBLE,READY_FOR_BASELINE_EXECUTION_PLANNING,kiln-baseline-preflight-001.csv#row-3107
ANARCHI-TEST-OCC-61FF4CC0FF33592D,SUPPORT_ONLY,SUPPORT_ARTIFACT_ONLY,kiln-baseline-preflight-001.csv#row-413
ANARCHI-TEST-OCC-620E96B099B18694,SUPPORT_ONLY,SUPPORT_ARTIFACT_ONLY,kiln-baseline-preflight-001.csv#row-2062
ANARCHI-TEST-OCC-6221B66E2F51A23E,ELIGIBLE,READY_FOR_BASELINE_EXECUTION_PLANNING,kiln-baseline-preflight-001.csv#row-3110
ANARCHI-TEST-OCC-62320E44379401D5,ELIGIBLE,READY_FOR_BASELINE_EXECUTION_PLANNING,kiln-baseline-preflight-001.csv#row-973
ANARCHI-TEST-OCC-623F1C894CE05DF8,REQUIRES_ISOLATION,ISOLATION_TOPOLOGY_REQUIRED,kiln-baseline-preflight-001.csv#row-2162
ANARCHI-TEST-OCC-6248A6D48B76E1E9,ELIGIBLE,READY_FOR_BASELINE_EXECUTION_PLANNING,kiln-baseline-preflight-001.csv#row-2946
ANARCHI-TEST-OCC-62749C6AF5F3ADF7,ELIGIBLE,READY_FOR_BASELINE_EXECUTION_PLANNING,kiln-baseline-preflight-001.csv#row-1391
ANARCHI-TEST-OCC-628DC80043B9216E,ELIGIBLE,READY_FOR_BASELINE_EXECUTION_PLANNING,kiln-baseline-preflight-001.csv#row-1085
ANARCHI-TEST-OCC-62947813EEEAAD97,ELIGIBLE,READY_FOR_BASELINE_EXECUTION_PLANNING,kiln-baseline-preflight-001.csv#row-239
ANARCHI-TEST-OCC-6298EBEF96C3E872,ELIGIBLE,READY_FOR_BASELINE_EXECUTION_PLANNING,kiln-baseline-preflight-001.csv#row-3283
ANARCHI-TEST-OCC-629F72158A0AF885,REQUIRES_ISOLATION,ISOLATION_TOPOLOGY_REQUIRED,kiln-baseline-preflight-001.csv#row-1212
ANARCHI-TEST-OCC-62A8F6E758D941C5,RUNNER_BLOCKED,RUNNER_RECONCILIATION_REQUIRED,kiln-baseline-preflight-001.csv#row-1609
ANARCHI-TEST-OCC-62B200B5384B463C,REQUIRES_ISOLATION,ISOLATION_TOPOLOGY_REQUIRED,kiln-baseline-preflight-001.csv#row-694
ANARCHI-TEST-OCC-62BFEC81F3E247FF,RUNNER_BLOCKED,RUNNER_RECONCILIATION_REQUIRED,kiln-baseline-preflight-001.csv#row-936
ANARCHI-TEST-OCC-62C0694A0ED49783,ELIGIBLE,READY_FOR_BASELINE_EXECUTION_PLANNING,kiln-baseline-preflight-001.csv#row-1271
ANARCHI-TEST-OCC-62C934AB9287D4A8,ELIGIBLE,READY_FOR_BASELINE_EXECUTION_PLANNING,kiln-baseline-preflight-001.csv#row-523
ANARCHI-TEST-OCC-62EB0A605380A1AD,SUPPORT_ONLY,SUPPORT_ARTIFACT_ONLY,kiln-baseline-preflight-001.csv#row-1703
ANARCHI-TEST-OCC-62EE43DE3F424AB5,ELIGIBLE,READY_FOR_BASELINE_EXECUTION_PLANNING,kiln-baseline-preflight-001.csv#row-1502
ANARCHI-TEST-OCC-62EFBE2F5A8D4D1D,SUPPORT_ONLY,SUPPORT_ARTIFACT_ONLY,kiln-baseline-preflight-001.csv#row-1724
ANARCHI-TEST-OCC-631255CA78B9284B,RUNNER_BLOCKED,RUNNER_RECONCILIATION_REQUIRED,kiln-baseline-preflight-001.csv#row-1615
ANARCHI-TEST-OCC-63392B597B0FE20E,REQUIRES_ISOLATION,ISOLATION_TOPOLOGY_REQUIRED,kiln-baseline-preflight-001.csv#row-819
ANARCHI-TEST-OCC-63490F6AE47734C7,SUPPORT_ONLY,SUPPORT_ARTIFACT_ONLY,kiln-baseline-preflight-001.csv#row-1133
ANARCHI-TEST-OCC-63A64AD5ECE93F80,RUNNER_BLOCKED,RUNNER_RECONCILIATION_REQUIRED,kiln-baseline-preflight-001.csv#row-1246
ANARCHI-TEST-OCC-63ACBCD0646D3E4F,REQUIRES_ISOLATION,ISOLATION_TOPOLOGY_REQUIRED,kiln-baseline-preflight-001.csv#row-2330
ANARCHI-TEST-OCC-63B76C46DF60983E,ELIGIBLE,READY_FOR_BASELINE_EXECUTION_PLANNING,kiln-baseline-preflight-001.csv#row-2205
ANARCHI-TEST-OCC-63BCFB960EA2206A,RUNNER_BLOCKED,RUNNER_RECONCILIATION_REQUIRED,kiln-baseline-preflight-001.csv#row-609
ANARCHI-TEST-OCC-63BF8DA6E63851E5,ELIGIBLE,READY_FOR_BASELINE_EXECUTION_PLANNING,kiln-baseline-preflight-001.csv#row-1638
ANARCHI-TEST-OCC-63E8F24976C733A6,REQUIRES_ISOLATION,ISOLATION_TOPOLOGY_REQUIRED,kiln-baseline-preflight-001.csv#row-2592
ANARCHI-TEST-OCC-6479C6B163774074,REQUIRES_ISOLATION,READY_BUT_DIRTY_REPOSITORY,kiln-baseline-preflight-001.csv#row-7
ANARCHI-TEST-OCC-648824070FD0130D,ELIGIBLE,READY_FOR_BASELINE_EXECUTION_PLANNING,kiln-baseline-preflight-001.csv#row-1646
ANARCHI-TEST-OCC-64886C3F0632E282,ELIGIBLE,READY_FOR_BASELINE_EXECUTION_PLANNING,kiln-baseline-preflight-001.csv#row-2025
ANARCHI-TEST-OCC-64896FD2006154E1,ELIGIBLE,READY_FOR_BASELINE_EXECUTION_PLANNING,kiln-baseline-preflight-001.csv#row-3165
ANARCHI-TEST-OCC-649C43BB2CF53DDD,ELIGIBLE,READY_FOR_BASELINE_EXECUTION_PLANNING,kiln-baseline-preflight-001.csv#row-1024
ANARCHI-TEST-OCC-649EC2F378823F28,RUNNER_BLOCKED,RUNNER_RECONCILIATION_REQUIRED,kiln-baseline-preflight-001.csv#row-2686
ANARCHI-TEST-OCC-64B825551376CCE8,RUNNER_BLOCKED,RUNNER_RECONCILIATION_REQUIRED,kiln-baseline-preflight-001.csv#row-489
ANARCHI-TEST-OCC-64CD5A4F294B0CE4,RUNNER_BLOCKED,RUNNER_RECONCILIATION_REQUIRED,kiln-baseline-preflight-001.csv#row-3294
ANARCHI-TEST-OCC-64D9B9150AC41F6E,ELIGIBLE,READY_FOR_BASELINE_EXECUTION_PLANNING,kiln-baseline-preflight-001.csv#row-209
ANARCHI-TEST-OCC-64E0B2D83A0152EA,ELIGIBLE,READY_FOR_BASELINE_EXECUTION_PLANNING,kiln-baseline-preflight-001.csv#row-1219
ANARCHI-TEST-OCC-64E9EA0C29664E2C,ELIGIBLE,READY_FOR_BASELINE_EXECUTION_PLANNING,kiln-baseline-preflight-001.csv#row-2092
ANARCHI-TEST-OCC-64FCA3AB0250080C,ELIGIBLE,READY_FOR_BASELINE_EXECUTION_PLANNING,kiln-baseline-preflight-001.csv#row-516
ANARCHI-TEST-OCC-65097231BA8B589E,ELIGIBLE,READY_FOR_BASELINE_EXECUTION_PLANNING,kiln-baseline-preflight-001.csv#row-623
ANARCHI-TEST-OCC-651F949553DEDAF7,SUPPORT_ONLY,SUPPORT_ARTIFACT_ONLY,kiln-baseline-preflight-001.csv#row-1230
ANARCHI-TEST-OCC-6525AC0B8EAC4BE6,ELIGIBLE,READY_FOR_BASELINE_EXECUTION_PLANNING,kiln-baseline-preflight-001.csv#row-2346
ANARCHI-TEST-OCC-6541BA8FD5D4CF5A,ELIGIBLE,READY_FOR_BASELINE_EXECUTION_PLANNING,kiln-baseline-preflight-001.csv#row-1217
ANARCHI-TEST-OCC-655C80D24675A7A6,REQUIRES_SANDBOX,SANDBOX_TOPOLOGY_REQUIRED,kiln-baseline-preflight-001.csv#row-114
ANARCHI-TEST-OCC-658B8B520C7A1A85,ELIGIBLE,READY_FOR_BASELINE_EXECUTION_PLANNING,kiln-baseline-preflight-001.csv#row-206
ANARCHI-TEST-OCC-658FC54A3BD4D0A4,ELIGIBLE,READY_FOR_BASELINE_EXECUTION_PLANNING,kiln-baseline-preflight-001.csv#row-1350
ANARCHI-TEST-OCC-6596996214732B3A,ELIGIBLE,READY_FOR_BASELINE_EXECUTION_PLANNING,kiln-baseline-preflight-001.csv#row-2904
ANARCHI-TEST-OCC-6596E3C356C4B847,RUNNER_BLOCKED,RUNNER_RECONCILIATION_REQUIRED,kiln-baseline-preflight-001.csv#row-1910
ANARCHI-TEST-OCC-65B0A86452E0079F,REQUIRES_ISOLATION,ISOLATION_TOPOLOGY_REQUIRED,kiln-baseline-preflight-001.csv#row-2468
ANARCHI-TEST-OCC-65C021F531E0B40A,ELIGIBLE,READY_FOR_BASELINE_EXECUTION_PLANNING,kiln-baseline-preflight-001.csv#row-1889
ANARCHI-TEST-OCC-65E71AB4C97E1729,ELIGIBLE,READY_FOR_BASELINE_EXECUTION_PLANNING,kiln-baseline-preflight-001.csv#row-971
ANARCHI-TEST-OCC-6618EC925BAF350A,RUNNER_BLOCKED,RUNNER_RECONCILIATION_REQUIRED,kiln-baseline-preflight-001.csv#row-2226
ANARCHI-TEST-OCC-661C3CB6CCBEDD68,ELIGIBLE,READY_FOR_BASELINE_EXECUTION_PLANNING,kiln-baseline-preflight-001.csv#row-780
ANARCHI-TEST-OCC-661C6EC1579C0A88,ELIGIBLE,READY_FOR_BASELINE_EXECUTION_PLANNING,kiln-baseline-preflight-001.csv#row-2352
ANARCHI-TEST-OCC-662080FC3B2791CD,ELIGIBLE,READY_FOR_BASELINE_EXECUTION_PLANNING,kiln-baseline-preflight-001.csv#row-2113
ANARCHI-TEST-OCC-6626A666B1CFA556,ELIGIBLE,READY_FOR_BASELINE_EXECUTION_PLANNING,kiln-baseline-preflight-001.csv#row-1873
ANARCHI-TEST-OCC-663CEACFFEF37BD3,ELIGIBLE,READY_FOR_BASELINE_EXECUTION_PLANNING,kiln-baseline-preflight-001.csv#row-2053
ANARCHI-TEST-OCC-664B90471EC9F483,RUNNER_BLOCKED,RUNNER_RECONCILIATION_REQUIRED,kiln-baseline-preflight-001.csv#row-111
ANARCHI-TEST-OCC-66862F7E5F562C47,SUPPORT_ONLY,SUPPORT_ARTIFACT_ONLY,kiln-baseline-preflight-001.csv#row-1994
ANARCHI-TEST-OCC-66D509F9969EB2C4,REQUIRES_ISOLATION,ISOLATION_TOPOLOGY_REQUIRED,kiln-baseline-preflight-001.csv#row-2001
ANARCHI-TEST-OCC-67140F09BAFC25D1,ELIGIBLE,READY_FOR_BASELINE_EXECUTION_PLANNING,kiln-baseline-preflight-001.csv#row-685
ANARCHI-TEST-OCC-6719C53464550311,RUNNER_BLOCKED,RUNNER_RECONCILIATION_REQUIRED,kiln-baseline-preflight-001.csv#row-2831
ANARCHI-TEST-OCC-6720267760A70A35,REQUIRES_ISOLATION,ISOLATION_TOPOLOGY_REQUIRED,kiln-baseline-preflight-001.csv#row-2516
ANARCHI-TEST-OCC-672614F6AA757DD2,REQUIRES_ISOLATION,ISOLATION_TOPOLOGY_REQUIRED,kiln-baseline-preflight-001.csv#row-2642
ANARCHI-TEST-OCC-6741D70201FC6702,RUNNER_BLOCKED,RUNNER_RECONCILIATION_REQUIRED,kiln-baseline-preflight-001.csv#row-355
ANARCHI-TEST-OCC-6753C2195000E6B2,SUPPORT_ONLY,SUPPORT_ARTIFACT_ONLY,kiln-baseline-preflight-001.csv#row-1116
ANARCHI-TEST-OCC-677B839EBB41B34F,RUNNER_BLOCKED,RUNNER_RECONCILIATION_REQUIRED,kiln-baseline-preflight-001.csv#row-660
ANARCHI-TEST-OCC-677CB9635855B70D,REQUIRES_ISOLATION,ISOLATION_TOPOLOGY_REQUIRED,kiln-baseline-preflight-001.csv#row-2840
ANARCHI-TEST-OCC-6783CED6D5F91CCC,RUNNER_BLOCKED,RUNNER_RECONCILIATION_REQUIRED,kiln-baseline-preflight-001.csv#row-2629
ANARCHI-TEST-OCC-678DC7F26D620FD0,ELIGIBLE,READY_FOR_BASELINE_EXECUTION_PLANNING,kiln-baseline-preflight-001.csv#row-3053
ANARCHI-TEST-OCC-678FC7FCEA6DFCC7,RUNNER_BLOCKED,RUNNER_RECONCILIATION_REQUIRED,kiln-baseline-preflight-001.csv#row-3147
ANARCHI-TEST-OCC-6791C8CCC2F6BEED,ELIGIBLE,READY_FOR_BASELINE_EXECUTION_PLANNING,kiln-baseline-preflight-001.csv#row-2864
ANARCHI-TEST-OCC-679D51C113C16B73,REQUIRES_ISOLATION,ISOLATION_TOPOLOGY_REQUIRED,kiln-baseline-preflight-001.csv#row-1540
ANARCHI-TEST-OCC-67B3986D49BFF595,ELIGIBLE,READY_FOR_BASELINE_EXECUTION_PLANNING,kiln-baseline-preflight-001.csv#row-2296
ANARCHI-TEST-OCC-67BB450ADB707468,ELIGIBLE,READY_FOR_BASELINE_EXECUTION_PLANNING,kiln-baseline-preflight-001.csv#row-169
ANARCHI-TEST-OCC-67D0F481D4476C43,ELIGIBLE,READY_FOR_BASELINE_EXECUTION_PLANNING,kiln-baseline-preflight-001.csv#row-491
ANARCHI-TEST-OCC-67D610C5B88A82B6,ELIGIBLE,READY_FOR_BASELINE_EXECUTION_PLANNING,kiln-baseline-preflight-001.csv#row-2381
ANARCHI-TEST-OCC-680E63FF9858F314,REQUIRES_ISOLATION,ISOLATION_TOPOLOGY_REQUIRED,kiln-baseline-preflight-001.csv#row-1834
ANARCHI-TEST-OCC-684582F558DF4473,SUPPORT_ONLY,SUPPORT_ARTIFACT_ONLY,kiln-baseline-preflight-001.csv#row-66
ANARCHI-TEST-OCC-685375731490D19A,REQUIRES_ISOLATION,ISOLATION_TOPOLOGY_REQUIRED,kiln-baseline-preflight-001.csv#row-2758
ANARCHI-TEST-OCC-6864142DEB229FA1,REQUIRES_ISOLATION,ISOLATION_TOPOLOGY_REQUIRED,kiln-baseline-preflight-001.csv#row-148
ANARCHI-TEST-OCC-688FCA3C854F691C,RUNNER_BLOCKED,RUNNER_RECONCILIATION_REQUIRED,kiln-baseline-preflight-001.csv#row-25
ANARCHI-TEST-OCC-68A8C56EA6B4967A,REQUIRES_ISOLATION,ISOLATION_TOPOLOGY_REQUIRED,kiln-baseline-preflight-001.csv#row-2959
ANARCHI-TEST-OCC-68BA0E91658473CA,SUPPORT_ONLY,SUPPORT_ARTIFACT_ONLY,kiln-baseline-preflight-001.csv#row-1590
ANARCHI-TEST-OCC-68D0529EC985F3E9,REQUIRES_ISOLATION,ISOLATION_TOPOLOGY_REQUIRED,kiln-baseline-preflight-001.csv#row-2324
ANARCHI-TEST-OCC-68D82CCAA1F8DC3C,ELIGIBLE,READY_FOR_BASELINE_EXECUTION_PLANNING,kiln-baseline-preflight-001.csv#row-814
ANARCHI-TEST-OCC-68E32B18DCA11798,ELIGIBLE,READY_FOR_BASELINE_EXECUTION_PLANNING,kiln-baseline-preflight-001.csv#row-379
ANARCHI-TEST-OCC-6905D780395BAC14,ELIGIBLE,READY_FOR_BASELINE_EXECUTION_PLANNING,kiln-baseline-preflight-001.csv#row-2274
ANARCHI-TEST-OCC-690714765923C430,RUNNER_BLOCKED,RUNNER_RECONCILIATION_REQUIRED,kiln-baseline-preflight-001.csv#row-2813
ANARCHI-TEST-OCC-69255891AFEC420F,SUPPORT_ONLY,SUPPORT_ARTIFACT_ONLY,kiln-baseline-preflight-001.csv#row-2878
ANARCHI-TEST-OCC-693AACF5B13F639E,REQUIRES_ISOLATION,ISOLATION_TOPOLOGY_REQUIRED,kiln-baseline-preflight-001.csv#row-171
ANARCHI-TEST-OCC-693AECEC071C9D42,REQUIRES_ISOLATION,ISOLATION_TOPOLOGY_REQUIRED,kiln-baseline-preflight-001.csv#row-2219
ANARCHI-TEST-OCC-693F3AEB04256B14,ELIGIBLE,READY_FOR_BASELINE_EXECUTION_PLANNING,kiln-baseline-preflight-001.csv#row-2037
ANARCHI-TEST-OCC-69413326D93B537E,ELIGIBLE,READY_FOR_BASELINE_EXECUTION_PLANNING,kiln-baseline-preflight-001.csv#row-1795
ANARCHI-TEST-OCC-694B058FD7C29B6F,ELIGIBLE,READY_FOR_BASELINE_EXECUTION_PLANNING,kiln-baseline-preflight-001.csv#row-712
ANARCHI-TEST-OCC-699DA5B8B0EF9C9A,ELIGIBLE,READY_FOR_BASELINE_EXECUTION_PLANNING,kiln-baseline-preflight-001.csv#row-1591
ANARCHI-TEST-OCC-69AF6ABAC3860349,RUNNER_BLOCKED,RUNNER_RECONCILIATION_REQUIRED,kiln-baseline-preflight-001.csv#row-511
ANARCHI-TEST-OCC-69D80BB41ABDA928,SUPPORT_ONLY,SUPPORT_ARTIFACT_ONLY,kiln-baseline-preflight-001.csv#row-3262
ANARCHI-TEST-OCC-69D85F53A91BBF31,REQUIRES_ISOLATION,READY_BUT_DIRTY_REPOSITORY,kiln-baseline-preflight-001.csv#row-326
ANARCHI-TEST-OCC-69F8905B89600D63,RUNNER_BLOCKED,RUNNER_RECONCILIATION_REQUIRED,kiln-baseline-preflight-001.csv#row-1397
ANARCHI-TEST-OCC-6A0BFBDC65C2916E,REQUIRES_ISOLATION,ISOLATION_TOPOLOGY_REQUIRED,kiln-baseline-preflight-001.csv#row-253
ANARCHI-TEST-OCC-6A378DF0D14F1DEA,ELIGIBLE,READY_FOR_BASELINE_EXECUTION_PLANNING,kiln-baseline-preflight-001.csv#row-2067
ANARCHI-TEST-OCC-6A4375426F11A395,REQUIRES_ISOLATION,ISOLATION_TOPOLOGY_REQUIRED,kiln-baseline-preflight-001.csv#row-1092
ANARCHI-TEST-OCC-6A5B9EC1CF28EEE2,ELIGIBLE,READY_FOR_BASELINE_EXECUTION_PLANNING,kiln-baseline-preflight-001.csv#row-1597
ANARCHI-TEST-OCC-6A95CBD4ECB6E001,REQUIRES_ISOLATION,ISOLATION_TOPOLOGY_REQUIRED,kiln-baseline-preflight-001.csv#row-918
ANARCHI-TEST-OCC-6AB19212BB6FCDDD,ELIGIBLE,READY_FOR_BASELINE_EXECUTION_PLANNING,kiln-baseline-preflight-001.csv#row-2589
ANARCHI-TEST-OCC-6ABC315CC5E9F3AB,RUNNER_BLOCKED,RUNNER_RECONCILIATION_REQUIRED,kiln-baseline-preflight-001.csv#row-699
ANARCHI-TEST-OCC-6AC46F62ED090146,REQUIRES_ISOLATION,ISOLATION_TOPOLOGY_REQUIRED,kiln-baseline-preflight-001.csv#row-1525
ANARCHI-TEST-OCC-6B1BFC8B1754F740,ELIGIBLE,READY_FOR_BASELINE_EXECUTION_PLANNING,kiln-baseline-preflight-001.csv#row-756
ANARCHI-TEST-OCC-6B27F1B0BC62CEB7,ELIGIBLE,READY_FOR_BASELINE_EXECUTION_PLANNING,kiln-baseline-preflight-001.csv#row-3250
ANARCHI-TEST-OCC-6B3103E68C551635,RUNNER_BLOCKED,RUNNER_RECONCILIATION_REQUIRED,kiln-baseline-preflight-001.csv#row-1669
ANARCHI-TEST-OCC-6B32EB8D79BE7370,ELIGIBLE,READY_FOR_BASELINE_EXECUTION_PLANNING,kiln-baseline-preflight-001.csv#row-813
ANARCHI-TEST-OCC-6B34C5D591F332CE,REQUIRES_ISOLATION,ISOLATION_TOPOLOGY_REQUIRED,kiln-baseline-preflight-001.csv#row-1176
ANARCHI-TEST-OCC-6B354F4104247047,ELIGIBLE,READY_FOR_BASELINE_EXECUTION_PLANNING,kiln-baseline-preflight-001.csv#row-3010
ANARCHI-TEST-OCC-6B369855CEC20645,ELIGIBLE,READY_FOR_BASELINE_EXECUTION_PLANNING,kiln-baseline-preflight-001.csv#row-2142
ANARCHI-TEST-OCC-6BC4598AFE82D3C2,ELIGIBLE,READY_FOR_BASELINE_EXECUTION_PLANNING,kiln-baseline-preflight-001.csv#row-2080
ANARCHI-TEST-OCC-6C0F0B00A1492802,REQUIRES_ISOLATION,ISOLATION_TOPOLOGY_REQUIRED,kiln-baseline-preflight-001.csv#row-692
ANARCHI-TEST-OCC-6C17B1945CD1F97F,ELIGIBLE,READY_FOR_BASELINE_EXECUTION_PLANNING,kiln-baseline-preflight-001.csv#row-2735
ANARCHI-TEST-OCC-6C39525A3BC67964,REQUIRES_ISOLATION,READY_BUT_DIRTY_REPOSITORY,kiln-baseline-preflight-001.csv#row-934
ANARCHI-TEST-OCC-6C4A114A623F5EAB,ELIGIBLE,READY_FOR_BASELINE_EXECUTION_PLANNING,kiln-baseline-preflight-001.csv#row-397
ANARCHI-TEST-OCC-6C5596828E1D53DC,ELIGIBLE,READY_FOR_BASELINE_EXECUTION_PLANNING,kiln-baseline-preflight-001.csv#row-3111
ANARCHI-TEST-OCC-6C676B82588F334C,RUNNER_BLOCKED,RUNNER_RECONCILIATION_REQUIRED,kiln-baseline-preflight-001.csv#row-1543
ANARCHI-TEST-OCC-6C808E4A2690409A,SUPPORT_ONLY,SUPPORT_ARTIFACT_ONLY,kiln-baseline-preflight-001.csv#row-120
ANARCHI-TEST-OCC-6CA6D85849B5B671,ELIGIBLE,READY_FOR_BASELINE_EXECUTION_PLANNING,kiln-baseline-preflight-001.csv#row-1654
ANARCHI-TEST-OCC-6D0A3C0727B42C6B,ELIGIBLE,READY_FOR_BASELINE_EXECUTION_PLANNING,kiln-baseline-preflight-001.csv#row-1624
ANARCHI-TEST-OCC-6D1682C6DC381F97,ELIGIBLE,READY_FOR_BASELINE_EXECUTION_PLANNING,kiln-baseline-preflight-001.csv#row-2091
ANARCHI-TEST-OCC-6D4ECDB946C94084,RUNNER_BLOCKED,RUNNER_RECONCILIATION_REQUIRED,kiln-baseline-preflight-001.csv#row-3272
ANARCHI-TEST-OCC-6D6A28C8E811A0ED,ELIGIBLE,READY_FOR_BASELINE_EXECUTION_PLANNING,kiln-baseline-preflight-001.csv#row-258
ANARCHI-TEST-OCC-6D6C79988BD6B6BE,SUPPORT_ONLY,SUPPORT_ARTIFACT_ONLY,kiln-baseline-preflight-001.csv#row-2366
ANARCHI-TEST-OCC-6D774F55E48C089D,RUNNER_BLOCKED,RUNNER_RECONCILIATION_REQUIRED,kiln-baseline-preflight-001.csv#row-1316
ANARCHI-TEST-OCC-6D82B96C0EF419B8,ELIGIBLE,READY_FOR_BASELINE_EXECUTION_PLANNING,kiln-baseline-preflight-001.csv#row-2590
ANARCHI-TEST-OCC-6D9076AB71DEB421,ELIGIBLE,READY_FOR_BASELINE_EXECUTION_PLANNING,kiln-baseline-preflight-001.csv#row-318
ANARCHI-TEST-OCC-6DBB79E65A3CF08F,ELIGIBLE,READY_FOR_BASELINE_EXECUTION_PLANNING,kiln-baseline-preflight-001.csv#row-2994
ANARCHI-TEST-OCC-6DD111AE855402EC,REQUIRES_ISOLATION,ISOLATION_TOPOLOGY_REQUIRED,kiln-baseline-preflight-001.csv#row-2254
ANARCHI-TEST-OCC-6DD410EC67900C36,REQUIRES_ISOLATION,ISOLATION_TOPOLOGY_REQUIRED,kiln-baseline-preflight-001.csv#row-1056
ANARCHI-TEST-OCC-6DD8E0FD7A38CCDA,RUNNER_BLOCKED,RUNNER_RECONCILIATION_REQUIRED,kiln-baseline-preflight-001.csv#row-2859
ANARCHI-TEST-OCC-6DF027BAC988B7FD,ELIGIBLE,READY_FOR_BASELINE_EXECUTION_PLANNING,kiln-baseline-preflight-001.csv#row-1392
ANARCHI-TEST-OCC-6DFEAD8AD594B4E0,ELIGIBLE,READY_FOR_BASELINE_EXECUTION_PLANNING,kiln-baseline-preflight-001.csv#row-2678
ANARCHI-TEST-OCC-6E1E716C43D60E93,REQUIRES_ISOLATION,ISOLATION_TOPOLOGY_REQUIRED,kiln-baseline-preflight-001.csv#row-3069
ANARCHI-TEST-OCC-6E2DA7ECD8531754,REQUIRES_ISOLATION,READY_BUT_DIRTY_REPOSITORY,kiln-baseline-preflight-001.csv#row-2969
ANARCHI-TEST-OCC-6E3A862088B6F6DA,REQUIRES_SANDBOX,SANDBOX_TOPOLOGY_REQUIRED,kiln-baseline-preflight-001.csv#row-3213
ANARCHI-TEST-OCC-6E44079E91782C74,REQUIRES_ISOLATION,ISOLATION_TOPOLOGY_REQUIRED,kiln-baseline-preflight-001.csv#row-3026
ANARCHI-TEST-OCC-6E6FF7D4ECB42616,RUNNER_BLOCKED,RUNNER_RECONCILIATION_REQUIRED,kiln-baseline-preflight-001.csv#row-1931
ANARCHI-TEST-OCC-6E7F33DE7F77035F,ELIGIBLE,READY_FOR_BASELINE_EXECUTION_PLANNING,kiln-baseline-preflight-001.csv#row-2648
ANARCHI-TEST-OCC-6EB3088675DF496F,RUNNER_BLOCKED,RUNNER_RECONCILIATION_REQUIRED,kiln-baseline-preflight-001.csv#row-3000
ANARCHI-TEST-OCC-6ED5D97064BCD491,ELIGIBLE,READY_FOR_BASELINE_EXECUTION_PLANNING,kiln-baseline-preflight-001.csv#row-1304
ANARCHI-TEST-OCC-6EDDF05DE5648AC0,REQUIRES_SANDBOX,SANDBOX_TOPOLOGY_REQUIRED,kiln-baseline-preflight-001.csv#row-1844
ANARCHI-TEST-OCC-6EE748DC1ABE219C,ELIGIBLE,READY_FOR_BASELINE_EXECUTION_PLANNING,kiln-baseline-preflight-001.csv#row-754
ANARCHI-TEST-OCC-6EEE4846DC1A3110,REQUIRES_ISOLATION,ISOLATION_TOPOLOGY_REQUIRED,kiln-baseline-preflight-001.csv#row-1134
ANARCHI-TEST-OCC-6EFE34F947B044A0,ELIGIBLE,READY_FOR_BASELINE_EXECUTION_PLANNING,kiln-baseline-preflight-001.csv#row-1156
ANARCHI-TEST-OCC-6F100411986C4830,RUNNER_BLOCKED,RUNNER_RECONCILIATION_REQUIRED,kiln-baseline-preflight-001.csv#row-2835
ANARCHI-TEST-OCC-6F6639E040D2C9BB,RUNNER_BLOCKED,RUNNER_RECONCILIATION_REQUIRED,kiln-baseline-preflight-001.csv#row-460
ANARCHI-TEST-OCC-6F750D408744DED0,REQUIRES_ISOLATION,READY_BUT_DIRTY_REPOSITORY,kiln-baseline-preflight-001.csv#row-2328
ANARCHI-TEST-OCC-6F766BBBB70AF2F1,SUPPORT_ONLY,SUPPORT_ARTIFACT_ONLY,kiln-baseline-preflight-001.csv#row-1774
ANARCHI-TEST-OCC-6F869B6776F45F99,ELIGIBLE,READY_FOR_BASELINE_EXECUTION_PLANNING,kiln-baseline-preflight-001.csv#row-1438
ANARCHI-TEST-OCC-6FAD08698602D57B,ELIGIBLE,READY_FOR_BASELINE_EXECUTION_PLANNING,kiln-baseline-preflight-001.csv#row-2109
ANARCHI-TEST-OCC-6FAE1162A1BC8F1C,ELIGIBLE,READY_FOR_BASELINE_EXECUTION_PLANNING,kiln-baseline-preflight-001.csv#row-2125
ANARCHI-TEST-OCC-6FCC46D308C7F543,ELIGIBLE,READY_FOR_BASELINE_EXECUTION_PLANNING,kiln-baseline-preflight-001.csv#row-344
ANARCHI-TEST-OCC-6FDBD5E193946961,ELIGIBLE,READY_FOR_BASELINE_EXECUTION_PLANNING,kiln-baseline-preflight-001.csv#row-2027
ANARCHI-TEST-OCC-6FE2C2230CE0D30F,SUPPORT_ONLY,SUPPORT_ARTIFACT_ONLY,kiln-baseline-preflight-001.csv#row-1853
ANARCHI-TEST-OCC-6FE767C8A510719A,ELIGIBLE,READY_FOR_BASELINE_EXECUTION_PLANNING,kiln-baseline-preflight-001.csv#row-1448
ANARCHI-TEST-OCC-6FF201177E318BCF,RUNNER_BLOCKED,RUNNER_RECONCILIATION_REQUIRED,kiln-baseline-preflight-001.csv#row-2364
ANARCHI-TEST-OCC-70046B6D87809246,RUNNER_BLOCKED,RUNNER_RECONCILIATION_REQUIRED,kiln-baseline-preflight-001.csv#row-2141
ANARCHI-TEST-OCC-70199720BCAA5CCF,RUNNER_BLOCKED,RUNNER_RECONCILIATION_REQUIRED,kiln-baseline-preflight-001.csv#row-1586
ANARCHI-TEST-OCC-701BC996497D7F44,ELIGIBLE,READY_FOR_BASELINE_EXECUTION_PLANNING,kiln-baseline-preflight-001.csv#row-542
ANARCHI-TEST-OCC-7029438B0BE37BA3,ELIGIBLE,READY_FOR_BASELINE_EXECUTION_PLANNING,kiln-baseline-preflight-001.csv#row-1185
ANARCHI-TEST-OCC-7030B10D1127BD54,SUPPORT_ONLY,SUPPORT_ARTIFACT_ONLY,kiln-baseline-preflight-001.csv#row-693
ANARCHI-TEST-OCC-703579748365BDB5,REQUIRES_ISOLATION,ISOLATION_TOPOLOGY_REQUIRED,kiln-baseline-preflight-001.csv#row-2379
ANARCHI-TEST-OCC-7041FDBB1F25E156,ELIGIBLE,READY_FOR_BASELINE_EXECUTION_PLANNING,kiln-baseline-preflight-001.csv#row-1635
ANARCHI-TEST-OCC-705558E078160050,REQUIRES_ISOLATION,ISOLATION_TOPOLOGY_REQUIRED,kiln-baseline-preflight-001.csv#row-1535
ANARCHI-TEST-OCC-7057BB1EF87E67FA,RUNNER_BLOCKED,RUNNER_RECONCILIATION_REQUIRED,kiln-baseline-preflight-001.csv#row-327
ANARCHI-TEST-OCC-7061E29A8AF7CA76,ELIGIBLE,READY_FOR_BASELINE_EXECUTION_PLANNING,kiln-baseline-preflight-001.csv#row-1907
ANARCHI-TEST-OCC-7080CA3CC1C76E1D,ELIGIBLE,READY_FOR_BASELINE_EXECUTION_PLANNING,kiln-baseline-preflight-001.csv#row-651
ANARCHI-TEST-OCC-7095AC410F34F4D7,ELIGIBLE,READY_FOR_BASELINE_EXECUTION_PLANNING,kiln-baseline-preflight-001.csv#row-2767
ANARCHI-TEST-OCC-709B86D64E8DE4D4,RUNNER_BLOCKED,RUNNER_RECONCILIATION_REQUIRED,kiln-baseline-preflight-001.csv#row-1076
ANARCHI-TEST-OCC-70C91F6F51EF133D,SUPPORT_ONLY,SUPPORT_ARTIFACT_ONLY,kiln-baseline-preflight-001.csv#row-1291
ANARCHI-TEST-OCC-70DB520C46D0A0DB,ELIGIBLE,READY_FOR_BASELINE_EXECUTION_PLANNING,kiln-baseline-preflight-001.csv#row-3191
ANARCHI-TEST-OCC-70EDC2738EAF05EC,ELIGIBLE,READY_FOR_BASELINE_EXECUTION_PLANNING,kiln-baseline-preflight-001.csv#row-2243
ANARCHI-TEST-OCC-710F5AB95B782595,SUPPORT_ONLY,SUPPORT_ARTIFACT_ONLY,kiln-baseline-preflight-001.csv#row-262
ANARCHI-TEST-OCC-715472C53773BA7A,ELIGIBLE,READY_FOR_BASELINE_EXECUTION_PLANNING,kiln-baseline-preflight-001.csv#row-2734
ANARCHI-TEST-OCC-71BE14617FBB8B39,ELIGIBLE,READY_FOR_BASELINE_EXECUTION_PLANNING,kiln-baseline-preflight-001.csv#row-825
ANARCHI-TEST-OCC-71D5D1E412A3C336,ELIGIBLE,READY_FOR_BASELINE_EXECUTION_PLANNING,kiln-baseline-preflight-001.csv#row-701
ANARCHI-TEST-OCC-71E66E771E776F83,REQUIRES_ISOLATION,ISOLATION_TOPOLOGY_REQUIRED,kiln-baseline-preflight-001.csv#row-1046
ANARCHI-TEST-OCC-71E993960BBC295D,ELIGIBLE,READY_FOR_BASELINE_EXECUTION_PLANNING,kiln-baseline-preflight-001.csv#row-2801
ANARCHI-TEST-OCC-71F5500540988172,REQUIRES_ISOLATION,ISOLATION_TOPOLOGY_REQUIRED,kiln-baseline-preflight-001.csv#row-2552
ANARCHI-TEST-OCC-720DE3AFF1EE3632,ELIGIBLE,READY_FOR_BASELINE_EXECUTION_PLANNING,kiln-baseline-preflight-001.csv#row-1901
ANARCHI-TEST-OCC-7212FBF4D3C8779B,ELIGIBLE,READY_FOR_BASELINE_EXECUTION_PLANNING,kiln-baseline-preflight-001.csv#row-1051
ANARCHI-TEST-OCC-7256A7345E1A6133,ELIGIBLE,READY_FOR_BASELINE_EXECUTION_PLANNING,kiln-baseline-preflight-001.csv#row-2177
ANARCHI-TEST-OCC-726A98511772DF0D,REQUIRES_ISOLATION,ISOLATION_TOPOLOGY_REQUIRED,kiln-baseline-preflight-001.csv#row-1778
ANARCHI-TEST-OCC-726AE17B1CAEA3B1,ELIGIBLE,READY_FOR_BASELINE_EXECUTION_PLANNING,kiln-baseline-preflight-001.csv#row-1182
ANARCHI-TEST-OCC-727107A9969BF803,ELIGIBLE,READY_FOR_BASELINE_EXECUTION_PLANNING,kiln-baseline-preflight-001.csv#row-2800
ANARCHI-TEST-OCC-727F106C872B454E,ELIGIBLE,READY_FOR_BASELINE_EXECUTION_PLANNING,kiln-baseline-preflight-001.csv#row-354
ANARCHI-TEST-OCC-728250D488114E90,RUNNER_BLOCKED,RUNNER_RECONCILIATION_REQUIRED,kiln-baseline-preflight-001.csv#row-2746
ANARCHI-TEST-OCC-728F8F6E2BE34B0C,ELIGIBLE,READY_FOR_BASELINE_EXECUTION_PLANNING,kiln-baseline-preflight-001.csv#row-1245
ANARCHI-TEST-OCC-72B32864B9D8E3B4,SUPPORT_ONLY,SUPPORT_ARTIFACT_ONLY,kiln-baseline-preflight-001.csv#row-1192
ANARCHI-TEST-OCC-72F364DB06C8EBD3,REQUIRES_ISOLATION,ISOLATION_TOPOLOGY_REQUIRED,kiln-baseline-preflight-001.csv#row-2089
ANARCHI-TEST-OCC-72FD100EDDBFC4C2,SUPPORT_ONLY,SUPPORT_ARTIFACT_ONLY,kiln-baseline-preflight-001.csv#row-980
ANARCHI-TEST-OCC-73047523805F5AB2,REQUIRES_ISOLATION,ISOLATION_TOPOLOGY_REQUIRED,kiln-baseline-preflight-001.csv#row-2094
ANARCHI-TEST-OCC-7313807FEB2B09FE,ELIGIBLE,READY_FOR_BASELINE_EXECUTION_PLANNING,kiln-baseline-preflight-001.csv#row-468
ANARCHI-TEST-OCC-731B7F527609092E,ELIGIBLE,READY_FOR_BASELINE_EXECUTION_PLANNING,kiln-baseline-preflight-001.csv#row-1060
ANARCHI-TEST-OCC-7332FD6CB64A8F91,REQUIRES_ISOLATION,ISOLATION_TOPOLOGY_REQUIRED,kiln-baseline-preflight-001.csv#row-739
ANARCHI-TEST-OCC-7337463EA7822571,ELIGIBLE,READY_FOR_BASELINE_EXECUTION_PLANNING,kiln-baseline-preflight-001.csv#row-1664
ANARCHI-TEST-OCC-733A15139F4C47F8,REQUIRES_ISOLATION,ISOLATION_TOPOLOGY_REQUIRED,kiln-baseline-preflight-001.csv#row-1642
ANARCHI-TEST-OCC-7352732B9C5A0AFB,SUPPORT_ONLY,SUPPORT_ARTIFACT_ONLY,kiln-baseline-preflight-001.csv#row-1811
ANARCHI-TEST-OCC-735B6EB65B0D1367,ELIGIBLE,READY_FOR_BASELINE_EXECUTION_PLANNING,kiln-baseline-preflight-001.csv#row-2145
ANARCHI-TEST-OCC-737C8EB1DD3A6165,SUPPORT_ONLY,SUPPORT_ARTIFACT_ONLY,kiln-baseline-preflight-001.csv#row-199
ANARCHI-TEST-OCC-73A66E4AD80CD2BF,REQUIRES_ISOLATION,ISOLATION_TOPOLOGY_REQUIRED,kiln-baseline-preflight-001.csv#row-1361
ANARCHI-TEST-OCC-73AE7F9BB4F5608D,REQUIRES_SANDBOX,SANDBOX_TOPOLOGY_REQUIRED,kiln-baseline-preflight-001.csv#row-1605
ANARCHI-TEST-OCC-73B877FB329EB769,SUPPORT_ONLY,SUPPORT_ARTIFACT_ONLY,kiln-baseline-preflight-001.csv#row-1875
ANARCHI-TEST-OCC-73C3C27FA65B7296,RUNNER_BLOCKED,RUNNER_RECONCILIATION_REQUIRED,kiln-baseline-preflight-001.csv#row-619
ANARCHI-TEST-OCC-73E120437D1540FB,RUNNER_BLOCKED,RUNNER_RECONCILIATION_REQUIRED,kiln-baseline-preflight-001.csv#row-1323
ANARCHI-TEST-OCC-73E8CEC75CC2047C,ELIGIBLE,READY_FOR_BASELINE_EXECUTION_PLANNING,kiln-baseline-preflight-001.csv#row-1463
ANARCHI-TEST-OCC-73EC04FF5009335A,ELIGIBLE,READY_FOR_BASELINE_EXECUTION_PLANNING,kiln-baseline-preflight-001.csv#row-2078
ANARCHI-TEST-OCC-73EEE0263DC6F2E4,REQUIRES_ISOLATION,ISOLATION_TOPOLOGY_REQUIRED,kiln-baseline-preflight-001.csv#row-284
ANARCHI-TEST-OCC-74045F3B2D0D2715,REQUIRES_ISOLATION,READY_BUT_DIRTY_REPOSITORY,kiln-baseline-preflight-001.csv#row-2694
ANARCHI-TEST-OCC-7407FD0E861AB45F,ELIGIBLE,READY_FOR_BASELINE_EXECUTION_PLANNING,kiln-baseline-preflight-001.csv#row-1007
ANARCHI-TEST-OCC-740BC633D9511E19,ELIGIBLE,READY_FOR_BASELINE_EXECUTION_PLANNING,kiln-baseline-preflight-001.csv#row-377
ANARCHI-TEST-OCC-74478DB54ABAADC9,REQUIRES_ISOLATION,ISOLATION_TOPOLOGY_REQUIRED,kiln-baseline-preflight-001.csv#row-3116
ANARCHI-TEST-OCC-74537BF6B530D1FC,RUNNER_BLOCKED,RUNNER_RECONCILIATION_REQUIRED,kiln-baseline-preflight-001.csv#row-534
ANARCHI-TEST-OCC-7457C842E4EF90D9,ELIGIBLE,READY_FOR_BASELINE_EXECUTION_PLANNING,kiln-baseline-preflight-001.csv#row-390
ANARCHI-TEST-OCC-745CEA167C4852A1,SUPPORT_ONLY,SUPPORT_ARTIFACT_ONLY,kiln-baseline-preflight-001.csv#row-1993
ANARCHI-TEST-OCC-7478BF64C4A73011,ELIGIBLE,READY_FOR_BASELINE_EXECUTION_PLANNING,kiln-baseline-preflight-001.csv#row-614
ANARCHI-TEST-OCC-747DEC1C5B24ACA7,ELIGIBLE,READY_FOR_BASELINE_EXECUTION_PLANNING,kiln-baseline-preflight-001.csv#row-79
ANARCHI-TEST-OCC-748178E302C94A6F,ELIGIBLE,READY_FOR_BASELINE_EXECUTION_PLANNING,kiln-baseline-preflight-001.csv#row-1287
ANARCHI-TEST-OCC-7483D76C03DA25AD,REQUIRES_ISOLATION,ISOLATION_TOPOLOGY_REQUIRED,kiln-baseline-preflight-001.csv#row-2571
ANARCHI-TEST-OCC-748CDB135561A9A7,ELIGIBLE,READY_FOR_BASELINE_EXECUTION_PLANNING,kiln-baseline-preflight-001.csv#row-39
ANARCHI-TEST-OCC-74A2505E5C7C352D,SUPPORT_ONLY,SUPPORT_ARTIFACT_ONLY,kiln-baseline-preflight-001.csv#row-2640
ANARCHI-TEST-OCC-74AB852F0F4E3D46,ELIGIBLE,READY_FOR_BASELINE_EXECUTION_PLANNING,kiln-baseline-preflight-001.csv#row-3218
ANARCHI-TEST-OCC-74D841799EDA23AE,RUNNER_BLOCKED,RUNNER_RECONCILIATION_REQUIRED,kiln-baseline-preflight-001.csv#row-1570
ANARCHI-TEST-OCC-752BA4881759CAEB,REQUIRES_ISOLATION,ISOLATION_TOPOLOGY_REQUIRED,kiln-baseline-preflight-001.csv#row-2068
ANARCHI-TEST-OCC-753B4AEABDB9973F,ELIGIBLE,READY_FOR_BASELINE_EXECUTION_PLANNING,kiln-baseline-preflight-001.csv#row-1385
ANARCHI-TEST-OCC-753FA9994E1E69D3,RUNNER_BLOCKED,RUNNER_RECONCILIATION_REQUIRED,kiln-baseline-preflight-001.csv#row-1750
ANARCHI-TEST-OCC-755A69D4C4E8B3D5,ELIGIBLE,READY_FOR_BASELINE_EXECUTION_PLANNING,kiln-baseline-preflight-001.csv#row-2499
ANARCHI-TEST-OCC-75629B037460CCD3,ELIGIBLE,READY_FOR_BASELINE_EXECUTION_PLANNING,kiln-baseline-preflight-001.csv#row-103
ANARCHI-TEST-OCC-7571C48836F4607D,ELIGIBLE,READY_FOR_BASELINE_EXECUTION_PLANNING,kiln-baseline-preflight-001.csv#row-617
ANARCHI-TEST-OCC-7579599D5E3C1763,ELIGIBLE,READY_FOR_BASELINE_EXECUTION_PLANNING,kiln-baseline-preflight-001.csv#row-596
ANARCHI-TEST-OCC-757C71CF901673F9,ELIGIBLE,READY_FOR_BASELINE_EXECUTION_PLANNING,kiln-baseline-preflight-001.csv#row-1207
ANARCHI-TEST-OCC-7595F41B14FA6ED3,SUPPORT_ONLY,SUPPORT_ARTIFACT_ONLY,kiln-baseline-preflight-001.csv#row-210
ANARCHI-TEST-OCC-759B6B44B446255F,SUPPORT_ONLY,SUPPORT_ARTIFACT_ONLY,kiln-baseline-preflight-001.csv#row-905
ANARCHI-TEST-OCC-75A01F4516FB84CA,ELIGIBLE,READY_FOR_BASELINE_EXECUTION_PLANNING,kiln-baseline-preflight-001.csv#row-1827
ANARCHI-TEST-OCC-75BBC13DDE9FFB00,SUPPORT_ONLY,SUPPORT_ARTIFACT_ONLY,kiln-baseline-preflight-001.csv#row-215
ANARCHI-TEST-OCC-75C229E8B7C1423B,ELIGIBLE,READY_FOR_BASELINE_EXECUTION_PLANNING,kiln-baseline-preflight-001.csv#row-1714
ANARCHI-TEST-OCC-75D109A3C5CBF567,RUNNER_BLOCKED,RUNNER_RECONCILIATION_REQUIRED,kiln-baseline-preflight-001.csv#row-238
ANARCHI-TEST-OCC-75D7A5CCC65723F0,ELIGIBLE,READY_FOR_BASELINE_EXECUTION_PLANNING,kiln-baseline-preflight-001.csv#row-2181
ANARCHI-TEST-OCC-75E5188989AA527C,ELIGIBLE,READY_FOR_BASELINE_EXECUTION_PLANNING,kiln-baseline-preflight-001.csv#row-1718
ANARCHI-TEST-OCC-75F1465CC8395211,ELIGIBLE,READY_FOR_BASELINE_EXECUTION_PLANNING,kiln-baseline-preflight-001.csv#row-1263
ANARCHI-TEST-OCC-762D122E93599561,RUNNER_BLOCKED,RUNNER_RECONCILIATION_REQUIRED,kiln-baseline-preflight-001.csv#row-1117
ANARCHI-TEST-OCC-763F6BCAD95B1AEB,RUNNER_BLOCKED,RUNNER_RECONCILIATION_REQUIRED,kiln-baseline-preflight-001.csv#row-2716
ANARCHI-TEST-OCC-766D4BEE0D4DCE1A,REQUIRES_ISOLATION,ISOLATION_TOPOLOGY_REQUIRED,kiln-baseline-preflight-001.csv#row-2118
ANARCHI-TEST-OCC-7681DFC24295D705,REQUIRES_ISOLATION,ISOLATION_TOPOLOGY_REQUIRED,kiln-baseline-preflight-001.csv#row-332
ANARCHI-TEST-OCC-7681E25FF3939DD4,ELIGIBLE,READY_FOR_BASELINE_EXECUTION_PLANNING,kiln-baseline-preflight-001.csv#row-1809
ANARCHI-TEST-OCC-769000561876DBB5,REQUIRES_ISOLATION,ISOLATION_TOPOLOGY_REQUIRED,kiln-baseline-preflight-001.csv#row-1821
ANARCHI-TEST-OCC-76B30581369F03A5,ELIGIBLE,READY_FOR_BASELINE_EXECUTION_PLANNING,kiln-baseline-preflight-001.csv#row-393
ANARCHI-TEST-OCC-76BB1AFC97E5861C,SUPPORT_ONLY,SUPPORT_ARTIFACT_ONLY,kiln-baseline-preflight-001.csv#row-366
ANARCHI-TEST-OCC-76BC5D5634ACFC29,RUNNER_BLOCKED,RUNNER_RECONCILIATION_REQUIRED,kiln-baseline-preflight-001.csv#row-179
ANARCHI-TEST-OCC-76D0512DDEE5D467,ELIGIBLE,READY_FOR_BASELINE_EXECUTION_PLANNING,kiln-baseline-preflight-001.csv#row-2464
ANARCHI-TEST-OCC-76D2985580C9538C,REQUIRES_ISOLATION,ISOLATION_TOPOLOGY_REQUIRED,kiln-baseline-preflight-001.csv#row-953
ANARCHI-TEST-OCC-76FA2E48F5C13490,ELIGIBLE,READY_FOR_BASELINE_EXECUTION_PLANNING,kiln-baseline-preflight-001.csv#row-1729
ANARCHI-TEST-OCC-7700B3F697EE3C4F,REQUIRES_ISOLATION,READY_BUT_DIRTY_REPOSITORY,kiln-baseline-preflight-001.csv#row-303
ANARCHI-TEST-OCC-77259F56D186595C,ELIGIBLE,READY_FOR_BASELINE_EXECUTION_PLANNING,kiln-baseline-preflight-001.csv#row-2754
ANARCHI-TEST-OCC-772AC54DF958515D,REQUIRES_ISOLATION,ISOLATION_TOPOLOGY_REQUIRED,kiln-baseline-preflight-001.csv#row-1189
ANARCHI-TEST-OCC-772B070F79786988,RUNNER_BLOCKED,RUNNER_RECONCILIATION_REQUIRED,kiln-baseline-preflight-001.csv#row-615
ANARCHI-TEST-OCC-7740F8B683D6ADC5,ELIGIBLE,READY_FOR_BASELINE_EXECUTION_PLANNING,kiln-baseline-preflight-001.csv#row-673
ANARCHI-TEST-OCC-777A4C9790973FE2,ELIGIBLE,READY_FOR_BASELINE_EXECUTION_PLANNING,kiln-baseline-preflight-001.csv#row-502
ANARCHI-TEST-OCC-77970FC45E0D042F,RUNNER_BLOCKED,RUNNER_RECONCILIATION_REQUIRED,kiln-baseline-preflight-001.csv#row-2282
ANARCHI-TEST-OCC-779C035635C295F2,RUNNER_BLOCKED,RUNNER_RECONCILIATION_REQUIRED,kiln-baseline-preflight-001.csv#row-1178
ANARCHI-TEST-OCC-77A039F20EE2F59C,RUNNER_BLOCKED,RUNNER_RECONCILIATION_REQUIRED,kiln-baseline-preflight-001.csv#row-178
ANARCHI-TEST-OCC-77A21E7948564A20,SUPPORT_ONLY,SUPPORT_ARTIFACT_ONLY,kiln-baseline-preflight-001.csv#row-1777
ANARCHI-TEST-OCC-77DCD73B77E7236D,ELIGIBLE,READY_FOR_BASELINE_EXECUTION_PLANNING,kiln-baseline-preflight-001.csv#row-494
ANARCHI-TEST-OCC-77E7A63E57D8AC54,REQUIRES_ISOLATION,ISOLATION_TOPOLOGY_REQUIRED,kiln-baseline-preflight-001.csv#row-1819
ANARCHI-TEST-OCC-77FA0B4E42C866B9,ELIGIBLE,READY_FOR_BASELINE_EXECUTION_PLANNING,kiln-baseline-preflight-001.csv#row-3247
ANARCHI-TEST-OCC-783C8E1913D6F98F,REQUIRES_SANDBOX,SANDBOX_TOPOLOGY_REQUIRED,kiln-baseline-preflight-001.csv#row-46
ANARCHI-TEST-OCC-784A05E99E6551CB,SUPPORT_ONLY,SUPPORT_ARTIFACT_ONLY,kiln-baseline-preflight-001.csv#row-2061
ANARCHI-TEST-OCC-784BF0B65C0BC2B0,ELIGIBLE,READY_FOR_BASELINE_EXECUTION_PLANNING,kiln-baseline-preflight-001.csv#row-1826
ANARCHI-TEST-OCC-786EB183B8821EAB,ELIGIBLE,READY_FOR_BASELINE_EXECUTION_PLANNING,kiln-baseline-preflight-001.csv#row-1335
ANARCHI-TEST-OCC-7872E26DCFBB11F0,RUNNER_BLOCKED,RUNNER_RECONCILIATION_REQUIRED,kiln-baseline-preflight-001.csv#row-2114
ANARCHI-TEST-OCC-787F1897D91707A8,RUNNER_BLOCKED,RUNNER_RECONCILIATION_REQUIRED,kiln-baseline-preflight-001.csv#row-2776
ANARCHI-TEST-OCC-78C3161A05EBFFA2,SUPPORT_ONLY,SUPPORT_ARTIFACT_ONLY,kiln-baseline-preflight-001.csv#row-2179
ANARCHI-TEST-OCC-78E1958BAAF838AA,REQUIRES_ISOLATION,ISOLATION_TOPOLOGY_REQUIRED,kiln-baseline-preflight-001.csv#row-1770
ANARCHI-TEST-OCC-78EC91B9BC9FBD91,ELIGIBLE,READY_FOR_BASELINE_EXECUTION_PLANNING,kiln-baseline-preflight-001.csv#row-2298
ANARCHI-TEST-OCC-78FE5D14ED01D5E0,REQUIRES_SANDBOX,SANDBOX_TOPOLOGY_REQUIRED,kiln-baseline-preflight-001.csv#row-2595
ANARCHI-TEST-OCC-790498B239C02E87,SUPPORT_ONLY,SUPPORT_ARTIFACT_ONLY,kiln-baseline-preflight-001.csv#row-352
ANARCHI-TEST-OCC-7906079329690AC0,REQUIRES_ISOLATION,ISOLATION_TOPOLOGY_REQUIRED,kiln-baseline-preflight-001.csv#row-1144
ANARCHI-TEST-OCC-791A026562FA3419,SUPPORT_ONLY,SUPPORT_ARTIFACT_ONLY,kiln-baseline-preflight-001.csv#row-2392
ANARCHI-TEST-OCC-791F6922F67BCF45,ELIGIBLE,READY_FOR_BASELINE_EXECUTION_PLANNING,kiln-baseline-preflight-001.csv#row-3030
ANARCHI-TEST-OCC-7930D3EC5158AF72,REQUIRES_ISOLATION,ISOLATION_TOPOLOGY_REQUIRED,kiln-baseline-preflight-001.csv#row-2556
ANARCHI-TEST-OCC-79589B5D6DB3B4C0,RUNNER_BLOCKED,RUNNER_RECONCILIATION_REQUIRED,kiln-baseline-preflight-001.csv#row-70
ANARCHI-TEST-OCC-79769B9AAD81C3DC,SUPPORT_ONLY,SUPPORT_ARTIFACT_ONLY,kiln-baseline-preflight-001.csv#row-672
ANARCHI-TEST-OCC-797E5A0DAC38F219,ELIGIBLE,READY_FOR_BASELINE_EXECUTION_PLANNING,kiln-baseline-preflight-001.csv#row-580
ANARCHI-TEST-OCC-798ABBD49F6BFE71,RUNNER_BLOCKED,RUNNER_RECONCILIATION_REQUIRED,kiln-baseline-preflight-001.csv#row-1478
ANARCHI-TEST-OCC-79CD04AF6020CE93,REQUIRES_ISOLATION,ISOLATION_TOPOLOGY_REQUIRED,kiln-baseline-preflight-001.csv#row-2237
ANARCHI-TEST-OCC-79D4B895A0AAAC22,RUNNER_BLOCKED,RUNNER_RECONCILIATION_REQUIRED,kiln-baseline-preflight-001.csv#row-3195
ANARCHI-TEST-OCC-79E6BDEAC29AF064,ELIGIBLE,READY_FOR_BASELINE_EXECUTION_PLANNING,kiln-baseline-preflight-001.csv#row-1640
ANARCHI-TEST-OCC-7A20446A42332DC2,RUNNER_BLOCKED,RUNNER_RECONCILIATION_REQUIRED,kiln-baseline-preflight-001.csv#row-68
ANARCHI-TEST-OCC-7A42D08E394F0161,ELIGIBLE,READY_FOR_BASELINE_EXECUTION_PLANNING,kiln-baseline-preflight-001.csv#row-360
ANARCHI-TEST-OCC-7A5D6B8220C91461,ELIGIBLE,READY_FOR_BASELINE_EXECUTION_PLANNING,kiln-baseline-preflight-001.csv#row-607
ANARCHI-TEST-OCC-7A647720D8D7BAB2,REQUIRES_ISOLATION,READY_BUT_DIRTY_REPOSITORY,kiln-baseline-preflight-001.csv#row-3182
ANARCHI-TEST-OCC-7A6E696D39CB4D79,SUPPORT_ONLY,SUPPORT_ARTIFACT_ONLY,kiln-baseline-preflight-001.csv#row-1963
ANARCHI-TEST-OCC-7A7AAE29EB0F37E7,ELIGIBLE,READY_FOR_BASELINE_EXECUTION_PLANNING,kiln-baseline-preflight-001.csv#row-3052
ANARCHI-TEST-OCC-7A7BE5395AF9E020,REQUIRES_ISOLATION,ISOLATION_TOPOLOGY_REQUIRED,kiln-baseline-preflight-001.csv#row-2230
ANARCHI-TEST-OCC-7A97623DBF14C943,REQUIRES_SANDBOX,SANDBOX_TOPOLOGY_REQUIRED,kiln-baseline-preflight-001.csv#row-2295
ANARCHI-TEST-OCC-7AA0EE88259F68EE,SUPPORT_ONLY,SUPPORT_ARTIFACT_ONLY,kiln-baseline-preflight-001.csv#row-1174
ANARCHI-TEST-OCC-7AFA59B96AC332BF,REQUIRES_ISOLATION,ISOLATION_TOPOLOGY_REQUIRED,kiln-baseline-preflight-001.csv#row-932
ANARCHI-TEST-OCC-7B2B6BE2B26D9606,ELIGIBLE,READY_FOR_BASELINE_EXECUTION_PLANNING,kiln-baseline-preflight-001.csv#row-533
ANARCHI-TEST-OCC-7B433E33E111D061,REQUIRES_ISOLATION,READY_BUT_DIRTY_REPOSITORY,kiln-baseline-preflight-001.csv#row-2822
ANARCHI-TEST-OCC-7B48DD6316987674,REQUIRES_ISOLATION,ISOLATION_TOPOLOGY_REQUIRED,kiln-baseline-preflight-001.csv#row-411
ANARCHI-TEST-OCC-7B5AE844973C2999,REQUIRES_ISOLATION,ISOLATION_TOPOLOGY_REQUIRED,kiln-baseline-preflight-001.csv#row-47
ANARCHI-TEST-OCC-7B614FA7342A3875,SUPPORT_ONLY,SUPPORT_ARTIFACT_ONLY,kiln-baseline-preflight-001.csv#row-1320
ANARCHI-TEST-OCC-7B7BFEF4D500DEA4,RUNNER_BLOCKED,RUNNER_RECONCILIATION_REQUIRED,kiln-baseline-preflight-001.csv#row-254
ANARCHI-TEST-OCC-7B99CCF4F2509453,RUNNER_BLOCKED,RUNNER_RECONCILIATION_REQUIRED,kiln-baseline-preflight-001.csv#row-574
ANARCHI-TEST-OCC-7BA3E5F4371F009B,SUPPORT_ONLY,SUPPORT_ARTIFACT_ONLY,kiln-baseline-preflight-001.csv#row-592
ANARCHI-TEST-OCC-7BB658AC92564C7D,ELIGIBLE,READY_FOR_BASELINE_EXECUTION_PLANNING,kiln-baseline-preflight-001.csv#row-3065
ANARCHI-TEST-OCC-7BBE44BCBE9FA32A,SUPPORT_ONLY,SUPPORT_ARTIFACT_ONLY,kiln-baseline-preflight-001.csv#row-270
ANARCHI-TEST-OCC-7BEBCD85D952FC6D,ELIGIBLE,READY_FOR_BASELINE_EXECUTION_PLANNING,kiln-baseline-preflight-001.csv#row-2834
ANARCHI-TEST-OCC-7C280E7976E1F9E2,RUNNER_BLOCKED,RUNNER_RECONCILIATION_REQUIRED,kiln-baseline-preflight-001.csv#row-1002
ANARCHI-TEST-OCC-7C28A46306D8601E,ELIGIBLE,READY_FOR_BASELINE_EXECUTION_PLANNING,kiln-baseline-preflight-001.csv#row-1631
ANARCHI-TEST-OCC-7C4F010B2DD90AE7,REQUIRES_ISOLATION,ISOLATION_TOPOLOGY_REQUIRED,kiln-baseline-preflight-001.csv#row-2718
ANARCHI-TEST-OCC-7C94449359191DE0,REQUIRES_ISOLATION,ISOLATION_TOPOLOGY_REQUIRED,kiln-baseline-preflight-001.csv#row-1517
ANARCHI-TEST-OCC-7C9FEC7C91F38669,ELIGIBLE,READY_FOR_BASELINE_EXECUTION_PLANNING,kiln-baseline-preflight-001.csv#row-3225
ANARCHI-TEST-OCC-7CA356AE06188E7E,REQUIRES_ISOLATION,READY_BUT_DIRTY_REPOSITORY,kiln-baseline-preflight-001.csv#row-3205
ANARCHI-TEST-OCC-7CAF1B04D811F33B,ELIGIBLE,READY_FOR_BASELINE_EXECUTION_PLANNING,kiln-baseline-preflight-001.csv#row-1717
ANARCHI-TEST-OCC-7CFCFFF75F0C5AC6,ELIGIBLE,READY_FOR_BASELINE_EXECUTION_PLANNING,kiln-baseline-preflight-001.csv#row-1685
ANARCHI-TEST-OCC-7D089BFBA45E7BD3,ELIGIBLE,READY_FOR_BASELINE_EXECUTION_PLANNING,kiln-baseline-preflight-001.csv#row-2081
ANARCHI-TEST-OCC-7D13622B1D02F38A,ELIGIBLE,READY_FOR_BASELINE_EXECUTION_PLANNING,kiln-baseline-preflight-001.csv#row-2176
ANARCHI-TEST-OCC-7D1776E89906C32C,SUPPORT_ONLY,SUPPORT_ARTIFACT_ONLY,kiln-baseline-preflight-001.csv#row-2317
ANARCHI-TEST-OCC-7D30D187F67C875A,SUPPORT_ONLY,SUPPORT_ARTIFACT_ONLY,kiln-baseline-preflight-001.csv#row-2240
ANARCHI-TEST-OCC-7D3301EB87F9E291,SUPPORT_ONLY,SUPPORT_ARTIFACT_ONLY,kiln-baseline-preflight-001.csv#row-1244
ANARCHI-TEST-OCC-7D4B495F9EEBDEEA,REQUIRES_ISOLATION,ISOLATION_TOPOLOGY_REQUIRED,kiln-baseline-preflight-001.csv#row-2451
ANARCHI-TEST-OCC-7D5303C2BB845027,ELIGIBLE,READY_FOR_BASELINE_EXECUTION_PLANNING,kiln-baseline-preflight-001.csv#row-1266
ANARCHI-TEST-OCC-7D5A9F3A899352A5,REQUIRES_ISOLATION,ISOLATION_TOPOLOGY_REQUIRED,kiln-baseline-preflight-001.csv#row-465
ANARCHI-TEST-OCC-7D5EF291FB7625DF,REQUIRES_ISOLATION,ISOLATION_TOPOLOGY_REQUIRED,kiln-baseline-preflight-001.csv#row-560
ANARCHI-TEST-OCC-7D7408699E59CB88,REQUIRES_ISOLATION,READY_BUT_DIRTY_REPOSITORY,kiln-baseline-preflight-001.csv#row-647
ANARCHI-TEST-OCC-7D8878F2CD71DF4C,SUPPORT_ONLY,SUPPORT_ARTIFACT_ONLY,kiln-baseline-preflight-001.csv#row-926
ANARCHI-TEST-OCC-7DA604F629B841FB,ELIGIBLE,READY_FOR_BASELINE_EXECUTION_PLANNING,kiln-baseline-preflight-001.csv#row-2154
ANARCHI-TEST-OCC-7DB9589229130C94,ELIGIBLE,READY_FOR_BASELINE_EXECUTION_PLANNING,kiln-baseline-preflight-001.csv#row-2311
ANARCHI-TEST-OCC-7DBA238E90B47880,REQUIRES_ISOLATION,ISOLATION_TOPOLOGY_REQUIRED,kiln-baseline-preflight-001.csv#row-2082
ANARCHI-TEST-OCC-7DC13EE08C6FA748,ELIGIBLE,READY_FOR_BASELINE_EXECUTION_PLANNING,kiln-baseline-preflight-001.csv#row-3202
ANARCHI-TEST-OCC-7DC55438432504DE,ELIGIBLE,READY_FOR_BASELINE_EXECUTION_PLANNING,kiln-baseline-preflight-001.csv#row-1331
ANARCHI-TEST-OCC-7DC56347101A571D,ELIGIBLE,READY_FOR_BASELINE_EXECUTION_PLANNING,kiln-baseline-preflight-001.csv#row-2480
ANARCHI-TEST-OCC-7DC5DE2603A1594E,ELIGIBLE,READY_FOR_BASELINE_EXECUTION_PLANNING,kiln-baseline-preflight-001.csv#row-3173
ANARCHI-TEST-OCC-7DC9C0CEC3A378DD,ELIGIBLE,READY_FOR_BASELINE_EXECUTION_PLANNING,kiln-baseline-preflight-001.csv#row-1509
ANARCHI-TEST-OCC-7DCA4135A8215486,ELIGIBLE,READY_FOR_BASELINE_EXECUTION_PLANNING,kiln-baseline-preflight-001.csv#row-2186
ANARCHI-TEST-OCC-7DDDDFBAAF56E132,ELIGIBLE,READY_FOR_BASELINE_EXECUTION_PLANNING,kiln-baseline-preflight-001.csv#row-1029
ANARCHI-TEST-OCC-7DEEB497D119FF41,SUPPORT_ONLY,SUPPORT_ARTIFACT_ONLY,kiln-baseline-preflight-001.csv#row-3121
ANARCHI-TEST-OCC-7DFCE6CB192FBEF9,ELIGIBLE,READY_FOR_BASELINE_EXECUTION_PLANNING,kiln-baseline-preflight-001.csv#row-2429
ANARCHI-TEST-OCC-7E05C3EB5CF670E2,ELIGIBLE,READY_FOR_BASELINE_EXECUTION_PLANNING,kiln-baseline-preflight-001.csv#row-2470
ANARCHI-TEST-OCC-7E1D95B24D63E2B4,ELIGIBLE,READY_FOR_BASELINE_EXECUTION_PLANNING,kiln-baseline-preflight-001.csv#row-1365
ANARCHI-TEST-OCC-7E2C1986F1EF76DF,RUNNER_BLOCKED,RUNNER_RECONCILIATION_REQUIRED,kiln-baseline-preflight-001.csv#row-469
ANARCHI-TEST-OCC-7E425D83DD6A84E6,RUNNER_BLOCKED,RUNNER_RECONCILIATION_REQUIRED,kiln-baseline-preflight-001.csv#row-1644
ANARCHI-TEST-OCC-7E4E7A381ACDCCA6,ELIGIBLE,READY_FOR_BASELINE_EXECUTION_PLANNING,kiln-baseline-preflight-001.csv#row-2727
ANARCHI-TEST-OCC-7E819FF9B3D64AD5,REQUIRES_ISOLATION,ISOLATION_TOPOLOGY_REQUIRED,kiln-baseline-preflight-001.csv#row-1601
ANARCHI-TEST-OCC-7E8E547C0FBF9638,ELIGIBLE,READY_FOR_BASELINE_EXECUTION_PLANNING,kiln-baseline-preflight-001.csv#row-1469
ANARCHI-TEST-OCC-7EB9EEF738BAC5F0,ELIGIBLE,READY_FOR_BASELINE_EXECUTION_PLANNING,kiln-baseline-preflight-001.csv#row-2052
ANARCHI-TEST-OCC-7EC74234A3923C37,RUNNER_BLOCKED,RUNNER_RECONCILIATION_REQUIRED,kiln-baseline-preflight-001.csv#row-659
ANARCHI-TEST-OCC-7ED7E6B151DE4801,RUNNER_BLOCKED,RUNNER_RECONCILIATION_REQUIRED,kiln-baseline-preflight-001.csv#row-1519
ANARCHI-TEST-OCC-7EE805F7260C49A1,REQUIRES_ISOLATION,READY_BUT_DIRTY_REPOSITORY,kiln-baseline-preflight-001.csv#row-632
ANARCHI-TEST-OCC-7EFDED45E75B73C6,ELIGIBLE,READY_FOR_BASELINE_EXECUTION_PLANNING,kiln-baseline-preflight-001.csv#row-2802
ANARCHI-TEST-OCC-7F0340319CED92A7,SUPPORT_ONLY,SUPPORT_ARTIFACT_ONLY,kiln-baseline-preflight-001.csv#row-2708
ANARCHI-TEST-OCC-7F0D34DD9258E62F,REQUIRES_SANDBOX,SANDBOX_TOPOLOGY_REQUIRED,kiln-baseline-preflight-001.csv#row-60
ANARCHI-TEST-OCC-7F3E854F5EB4694E,RUNNER_BLOCKED,RUNNER_RECONCILIATION_REQUIRED,kiln-baseline-preflight-001.csv#row-2224
ANARCHI-TEST-OCC-7F4B0D3936C1107F,ELIGIBLE,READY_FOR_BASELINE_EXECUTION_PLANNING,kiln-baseline-preflight-001.csv#row-514
ANARCHI-TEST-OCC-7F5A6C8FBAEE01EB,ELIGIBLE,READY_FOR_BASELINE_EXECUTION_PLANNING,kiln-baseline-preflight-001.csv#row-1138
ANARCHI-TEST-OCC-7F9662B26EC235D8,ELIGIBLE,READY_FOR_BASELINE_EXECUTION_PLANNING,kiln-baseline-preflight-001.csv#row-3120
ANARCHI-TEST-OCC-7F9E25B7A73391B6,SUPPORT_ONLY,SUPPORT_ARTIFACT_ONLY,kiln-baseline-preflight-001.csv#row-2593
ANARCHI-TEST-OCC-7FA07E3768C5E824,RUNNER_BLOCKED,RUNNER_RECONCILIATION_REQUIRED,kiln-baseline-preflight-001.csv#row-1045
ANARCHI-TEST-OCC-7FD078E3F306F146,ELIGIBLE,READY_FOR_BASELINE_EXECUTION_PLANNING,kiln-baseline-preflight-001.csv#row-2242
ANARCHI-TEST-OCC-7FD706759C4CADA6,REQUIRES_ISOLATION,ISOLATION_TOPOLOGY_REQUIRED,kiln-baseline-preflight-001.csv#row-2039
ANARCHI-TEST-OCC-7FE751C04BD56BF6,REQUIRES_ISOLATION,ISOLATION_TOPOLOGY_REQUIRED,kiln-baseline-preflight-001.csv#row-2897
ANARCHI-TEST-OCC-7FFDFFDFAE832EA8,ELIGIBLE,READY_FOR_BASELINE_EXECUTION_PLANNING,kiln-baseline-preflight-001.csv#row-1841
ANARCHI-TEST-OCC-801AA063EAA46D81,SUPPORT_ONLY,SUPPORT_ARTIFACT_ONLY,kiln-baseline-preflight-001.csv#row-312
ANARCHI-TEST-OCC-802E22F169502F1E,ELIGIBLE,READY_FOR_BASELINE_EXECUTION_PLANNING,kiln-baseline-preflight-001.csv#row-2723
ANARCHI-TEST-OCC-803A183B42EDBD3D,RUNNER_BLOCKED,RUNNER_RECONCILIATION_REQUIRED,kiln-baseline-preflight-001.csv#row-3193
ANARCHI-TEST-OCC-803A7BD30D819FA9,SUPPORT_ONLY,SUPPORT_ARTIFACT_ONLY,kiln-baseline-preflight-001.csv#row-3042
ANARCHI-TEST-OCC-804F0887166DE499,REQUIRES_ISOLATION,ISOLATION_TOPOLOGY_REQUIRED,kiln-baseline-preflight-001.csv#row-732
ANARCHI-TEST-OCC-80535BBB71AE6BE4,RUNNER_BLOCKED,RUNNER_RECONCILIATION_REQUIRED,kiln-baseline-preflight-001.csv#row-2668
ANARCHI-TEST-OCC-807D20EDC048497B,ELIGIBLE,READY_FOR_BASELINE_EXECUTION_PLANNING,kiln-baseline-preflight-001.csv#row-1968
ANARCHI-TEST-OCC-80887D90642CB062,SUPPORT_ONLY,SUPPORT_ARTIFACT_ONLY,kiln-baseline-preflight-001.csv#row-3288
ANARCHI-TEST-OCC-808F598E21AB1E7A,SUPPORT_ONLY,SUPPORT_ARTIFACT_ONLY,kiln-baseline-preflight-001.csv#row-3220
ANARCHI-TEST-OCC-80A5D39019B0B5BD,RUNNER_BLOCKED,RUNNER_RECONCILIATION_REQUIRED,kiln-baseline-preflight-001.csv#row-2438
ANARCHI-TEST-OCC-80C79A2E1C6991BB,REQUIRES_ISOLATION,ISOLATION_TOPOLOGY_REQUIRED,kiln-baseline-preflight-001.csv#row-2637
ANARCHI-TEST-OCC-80CBFEEB0B8732C9,SUPPORT_ONLY,SUPPORT_ARTIFACT_ONLY,kiln-baseline-preflight-001.csv#row-3296
ANARCHI-TEST-OCC-80D44DD324CCB874,REQUIRES_ISOLATION,ISOLATION_TOPOLOGY_REQUIRED,kiln-baseline-preflight-001.csv#row-575
ANARCHI-TEST-OCC-80D5732EABE9038C,RUNNER_BLOCKED,RUNNER_RECONCILIATION_REQUIRED,kiln-baseline-preflight-001.csv#row-1876
ANARCHI-TEST-OCC-80DE2C6407489781,ELIGIBLE,READY_FOR_BASELINE_EXECUTION_PLANNING,kiln-baseline-preflight-001.csv#row-888
ANARCHI-TEST-OCC-8105179B87A5995F,ELIGIBLE,READY_FOR_BASELINE_EXECUTION_PLANNING,kiln-baseline-preflight-001.csv#row-1342
ANARCHI-TEST-OCC-8115F9A0BB7DA22F,REQUIRES_ISOLATION,ISOLATION_TOPOLOGY_REQUIRED,kiln-baseline-preflight-001.csv#row-2529
ANARCHI-TEST-OCC-811CC620B744FE2E,ELIGIBLE,READY_FOR_BASELINE_EXECUTION_PLANNING,kiln-baseline-preflight-001.csv#row-1928
ANARCHI-TEST-OCC-8129E4019DC96A27,ELIGIBLE,READY_FOR_BASELINE_EXECUTION_PLANNING,kiln-baseline-preflight-001.csv#row-438
ANARCHI-TEST-OCC-8129FDF9EA7A9061,SUPPORT_ONLY,SUPPORT_ARTIFACT_ONLY,kiln-baseline-preflight-001.csv#row-3295
ANARCHI-TEST-OCC-812E179495EEA767,ELIGIBLE,READY_FOR_BASELINE_EXECUTION_PLANNING,kiln-baseline-preflight-001.csv#row-1315
ANARCHI-TEST-OCC-813FBB7AF1760B75,SUPPORT_ONLY,SUPPORT_ARTIFACT_ONLY,kiln-baseline-preflight-001.csv#row-48
ANARCHI-TEST-OCC-817B9D4838E1C1BF,REQUIRES_ISOLATION,ISOLATION_TOPOLOGY_REQUIRED,kiln-baseline-preflight-001.csv#row-1118
ANARCHI-TEST-OCC-81A0C07ADC71ACC6,SUPPORT_ONLY,SUPPORT_ARTIFACT_ONLY,kiln-baseline-preflight-001.csv#row-913
ANARCHI-TEST-OCC-81AFED537C4EB865,RUNNER_BLOCKED,RUNNER_RECONCILIATION_REQUIRED,kiln-baseline-preflight-001.csv#row-2133
ANARCHI-TEST-OCC-821BEEE275D3A1A9,ELIGIBLE,READY_FOR_BASELINE_EXECUTION_PLANNING,kiln-baseline-preflight-001.csv#row-1341
ANARCHI-TEST-OCC-82210A14CBA486C6,ELIGIBLE,READY_FOR_BASELINE_EXECUTION_PLANNING,kiln-baseline-preflight-001.csv#row-1839
ANARCHI-TEST-OCC-8226EBE515B09838,ELIGIBLE,READY_FOR_BASELINE_EXECUTION_PLANNING,kiln-baseline-preflight-001.csv#row-26
ANARCHI-TEST-OCC-822BA9393B72F1C2,RUNNER_BLOCKED,RUNNER_RECONCILIATION_REQUIRED,kiln-baseline-preflight-001.csv#row-2573
ANARCHI-TEST-OCC-826E567BF931C29F,RUNNER_BLOCKED,RUNNER_RECONCILIATION_REQUIRED,kiln-baseline-preflight-001.csv#row-2990
ANARCHI-TEST-OCC-8286E846A6D96889,REQUIRES_SANDBOX,SANDBOX_TOPOLOGY_REQUIRED,kiln-baseline-preflight-001.csv#row-1653
ANARCHI-TEST-OCC-82B7783744CD6593,ELIGIBLE,READY_FOR_BASELINE_EXECUTION_PLANNING,kiln-baseline-preflight-001.csv#row-1759
ANARCHI-TEST-OCC-82CC8B725D729E95,ELIGIBLE,READY_FOR_BASELINE_EXECUTION_PLANNING,kiln-baseline-preflight-001.csv#row-443
ANARCHI-TEST-OCC-833994DC5568735C,REQUIRES_ISOLATION,ISOLATION_TOPOLOGY_REQUIRED,kiln-baseline-preflight-001.csv#row-1298
ANARCHI-TEST-OCC-8387C5BF586483F5,SUPPORT_ONLY,SUPPORT_ARTIFACT_ONLY,kiln-baseline-preflight-001.csv#row-1034
ANARCHI-TEST-OCC-838B341151063915,ELIGIBLE,READY_FOR_BASELINE_EXECUTION_PLANNING,kiln-baseline-preflight-001.csv#row-2074
ANARCHI-TEST-OCC-83A75D438D58CC72,ELIGIBLE,READY_FOR_BASELINE_EXECUTION_PLANNING,kiln-baseline-preflight-001.csv#row-1367
ANARCHI-TEST-OCC-83BF7FC4E9F49792,ELIGIBLE,READY_FOR_BASELINE_EXECUTION_PLANNING,kiln-baseline-preflight-001.csv#row-387
ANARCHI-TEST-OCC-83DEA105487F3E8C,SUPPORT_ONLY,SUPPORT_ARTIFACT_ONLY,kiln-baseline-preflight-001.csv#row-3005
ANARCHI-TEST-OCC-83E10F02FD32884E,ELIGIBLE,READY_FOR_BASELINE_EXECUTION_PLANNING,kiln-baseline-preflight-001.csv#row-2272
ANARCHI-TEST-OCC-83E254C1B8660FB0,ELIGIBLE,READY_FOR_BASELINE_EXECUTION_PLANNING,kiln-baseline-preflight-001.csv#row-820
ANARCHI-TEST-OCC-83E7572FA2F3DA33,REQUIRES_SANDBOX,SANDBOX_TOPOLOGY_REQUIRED,kiln-baseline-preflight-001.csv#row-729
ANARCHI-TEST-OCC-843F4185EA1AB3CC,SUPPORT_ONLY,SUPPORT_ARTIFACT_ONLY,kiln-baseline-preflight-001.csv#row-278
ANARCHI-TEST-OCC-844394EDDB6E61EC,ELIGIBLE,READY_FOR_BASELINE_EXECUTION_PLANNING,kiln-baseline-preflight-001.csv#row-1617
ANARCHI-TEST-OCC-845D0802FA0492B2,SUPPORT_ONLY,SUPPORT_ARTIFACT_ONLY,kiln-baseline-preflight-001.csv#row-1328
ANARCHI-TEST-OCC-84704022556C7301,ELIGIBLE,READY_FOR_BASELINE_EXECUTION_PLANNING,kiln-baseline-preflight-001.csv#row-1123
ANARCHI-TEST-OCC-847B4DEB8CE39EA4,ELIGIBLE,READY_FOR_BASELINE_EXECUTION_PLANNING,kiln-baseline-preflight-001.csv#row-898
ANARCHI-TEST-OCC-8490FABA7C7B7EE3,ELIGIBLE,READY_FOR_BASELINE_EXECUTION_PLANNING,kiln-baseline-preflight-001.csv#row-2604
ANARCHI-TEST-OCC-84A12AEFF0851C96,ELIGIBLE,READY_FOR_BASELINE_EXECUTION_PLANNING,kiln-baseline-preflight-001.csv#row-2594
ANARCHI-TEST-OCC-84A2EE4A70E6669C,ELIGIBLE,READY_FOR_BASELINE_EXECUTION_PLANNING,kiln-baseline-preflight-001.csv#row-2750
ANARCHI-TEST-OCC-8502C00247050158,RUNNER_BLOCKED,RUNNER_RECONCILIATION_REQUIRED,kiln-baseline-preflight-001.csv#row-768
ANARCHI-TEST-OCC-851C4BD5976632FA,ELIGIBLE,READY_FOR_BASELINE_EXECUTION_PLANNING,kiln-baseline-preflight-001.csv#row-2531
ANARCHI-TEST-OCC-851F4D63C125233F,ELIGIBLE,READY_FOR_BASELINE_EXECUTION_PLANNING,kiln-baseline-preflight-001.csv#row-1900
ANARCHI-TEST-OCC-8524199CAF501424,ELIGIBLE,READY_FOR_BASELINE_EXECUTION_PLANNING,kiln-baseline-preflight-001.csv#row-2048
ANARCHI-TEST-OCC-854AEE88E5A22F30,RUNNER_BLOCKED,RUNNER_RECONCILIATION_REQUIRED,kiln-baseline-preflight-001.csv#row-868
ANARCHI-TEST-OCC-855A669D6C69BD27,ELIGIBLE,READY_FOR_BASELINE_EXECUTION_PLANNING,kiln-baseline-preflight-001.csv#row-1606
ANARCHI-TEST-OCC-8571EA8206E52AC8,ELIGIBLE,READY_FOR_BASELINE_EXECUTION_PLANNING,kiln-baseline-preflight-001.csv#row-2174
ANARCHI-TEST-OCC-85744D247C2E8A0E,ELIGIBLE,READY_FOR_BASELINE_EXECUTION_PLANNING,kiln-baseline-preflight-001.csv#row-2463
ANARCHI-TEST-OCC-858456F9D6590F2D,ELIGIBLE,READY_FOR_BASELINE_EXECUTION_PLANNING,kiln-baseline-preflight-001.csv#row-217
ANARCHI-TEST-OCC-858567822872911A,ELIGIBLE,READY_FOR_BASELINE_EXECUTION_PLANNING,kiln-baseline-preflight-001.csv#row-3264
ANARCHI-TEST-OCC-8588CAE1D18BB293,ELIGIBLE,READY_FOR_BASELINE_EXECUTION_PLANNING,kiln-baseline-preflight-001.csv#row-1651
ANARCHI-TEST-OCC-85896F5EABA2B061,REQUIRES_SANDBOX,SANDBOX_TOPOLOGY_REQUIRED,kiln-baseline-preflight-001.csv#row-1039
ANARCHI-TEST-OCC-859A9910869083F6,RUNNER_BLOCKED,RUNNER_RECONCILIATION_REQUIRED,kiln-baseline-preflight-001.csv#row-2461
ANARCHI-TEST-OCC-85CAC65A81FE82FA,REQUIRES_ISOLATION,ISOLATION_TOPOLOGY_REQUIRED,kiln-baseline-preflight-001.csv#row-808
ANARCHI-TEST-OCC-85D22EA40612F810,ELIGIBLE,READY_FOR_BASELINE_EXECUTION_PLANNING,kiln-baseline-preflight-001.csv#row-57
ANARCHI-TEST-OCC-85D9F8D12220E909,ELIGIBLE,READY_FOR_BASELINE_EXECUTION_PLANNING,kiln-baseline-preflight-001.csv#row-2664
ANARCHI-TEST-OCC-85E2276BE07F88B3,ELIGIBLE,READY_FOR_BASELINE_EXECUTION_PLANNING,kiln-baseline-preflight-001.csv#row-974
ANARCHI-TEST-OCC-85EEBC801C19F2C5,SUPPORT_ONLY,SUPPORT_ARTIFACT_ONLY,kiln-baseline-preflight-001.csv#row-405
ANARCHI-TEST-OCC-8601AB2C3671EE3C,REQUIRES_ISOLATION,ISOLATION_TOPOLOGY_REQUIRED,kiln-baseline-preflight-001.csv#row-2624
ANARCHI-TEST-OCC-86020BD7C4911C12,REQUIRES_ISOLATION,ISOLATION_TOPOLOGY_REQUIRED,kiln-baseline-preflight-001.csv#row-1585
ANARCHI-TEST-OCC-862B1C483E83BE17,REQUIRES_ISOLATION,ISOLATION_TOPOLOGY_REQUIRED,kiln-baseline-preflight-001.csv#row-2215
ANARCHI-TEST-OCC-8648F1C4D34F29BA,REQUIRES_ISOLATION,ISOLATION_TOPOLOGY_REQUIRED,kiln-baseline-preflight-001.csv#row-2937
ANARCHI-TEST-OCC-8649920B58F54ED8,ELIGIBLE,READY_FOR_BASELINE_EXECUTION_PLANNING,kiln-baseline-preflight-001.csv#row-1227
ANARCHI-TEST-OCC-8681611F730E4141,SUPPORT_ONLY,SUPPORT_ARTIFACT_ONLY,kiln-baseline-preflight-001.csv#row-34
ANARCHI-TEST-OCC-8683B4A99252AB3E,REQUIRES_ISOLATION,ISOLATION_TOPOLOGY_REQUIRED,kiln-baseline-preflight-001.csv#row-115
ANARCHI-TEST-OCC-8697B9BC79280964,SUPPORT_ONLY,SUPPORT_ARTIFACT_ONLY,kiln-baseline-preflight-001.csv#row-2601
ANARCHI-TEST-OCC-86A77A1D488AE56D,SUPPORT_ONLY,SUPPORT_ARTIFACT_ONLY,kiln-baseline-preflight-001.csv#row-86
ANARCHI-TEST-OCC-86A88EE599B57556,ELIGIBLE,READY_FOR_BASELINE_EXECUTION_PLANNING,kiln-baseline-preflight-001.csv#row-1846
ANARCHI-TEST-OCC-86AA9BC5900C95D2,ELIGIBLE,READY_FOR_BASELINE_EXECUTION_PLANNING,kiln-baseline-preflight-001.csv#row-1899
ANARCHI-TEST-OCC-86C7C381C0111DD9,REQUIRES_ISOLATION,ISOLATION_TOPOLOGY_REQUIRED,kiln-baseline-preflight-001.csv#row-1101
ANARCHI-TEST-OCC-86D7C386DF0E26A3,ELIGIBLE,READY_FOR_BASELINE_EXECUTION_PLANNING,kiln-baseline-preflight-001.csv#row-674
ANARCHI-TEST-OCC-86D7CC9288DC802B,RUNNER_BLOCKED,RUNNER_RECONCILIATION_REQUIRED,kiln-baseline-preflight-001.csv#row-734
ANARCHI-TEST-OCC-86E567E199DC5DCC,RUNNER_BLOCKED,RUNNER_RECONCILIATION_REQUIRED,kiln-baseline-preflight-001.csv#row-1704
ANARCHI-TEST-OCC-86F3BA5B43396F9C,SUPPORT_ONLY,SUPPORT_ARTIFACT_ONLY,kiln-baseline-preflight-001.csv#row-59
ANARCHI-TEST-OCC-86F5049854DFD8DA,ELIGIBLE,READY_FOR_BASELINE_EXECUTION_PLANNING,kiln-baseline-preflight-001.csv#row-3265
ANARCHI-TEST-OCC-86FA1E15C47D98AE,REQUIRES_ISOLATION,READY_BUT_DIRTY_REPOSITORY,kiln-baseline-preflight-001.csv#row-15
ANARCHI-TEST-OCC-86FBBC339255FB87,REQUIRES_ISOLATION,READY_BUT_DIRTY_REPOSITORY,kiln-baseline-preflight-001.csv#row-1939
ANARCHI-TEST-OCC-8710553E7FF1CFBF,REQUIRES_ISOLATION,ISOLATION_TOPOLOGY_REQUIRED,kiln-baseline-preflight-001.csv#row-1868
ANARCHI-TEST-OCC-8737F4D0B706C62E,REQUIRES_ISOLATION,ISOLATION_TOPOLOGY_REQUIRED,kiln-baseline-preflight-001.csv#row-2297
ANARCHI-TEST-OCC-874307E2757677DB,ELIGIBLE,READY_FOR_BASELINE_EXECUTION_PLANNING,kiln-baseline-preflight-001.csv#row-661
ANARCHI-TEST-OCC-874326682494D245,RUNNER_BLOCKED,RUNNER_RECONCILIATION_REQUIRED,kiln-baseline-preflight-001.csv#row-2550
ANARCHI-TEST-OCC-875E688F6C738014,REQUIRES_ISOLATION,ISOLATION_TOPOLOGY_REQUIRED,kiln-baseline-preflight-001.csv#row-2731
ANARCHI-TEST-OCC-87C1107DD331AB11,RUNNER_BLOCKED,RUNNER_RECONCILIATION_REQUIRED,kiln-baseline-preflight-001.csv#row-1119
ANARCHI-TEST-OCC-87C213C49684398C,REQUIRES_ISOLATION,READY_BUT_DIRTY_REPOSITORY,kiln-baseline-preflight-001.csv#row-665
ANARCHI-TEST-OCC-87E1792A1C98C8AE,SUPPORT_ONLY,SUPPORT_ARTIFACT_ONLY,kiln-baseline-preflight-001.csv#row-989
ANARCHI-TEST-OCC-87EC52E49EB46625,SUPPORT_ONLY,SUPPORT_ARTIFACT_ONLY,kiln-baseline-preflight-001.csv#row-797
ANARCHI-TEST-OCC-87F6782664B21B07,SUPPORT_ONLY,SUPPORT_ARTIFACT_ONLY,kiln-baseline-preflight-001.csv#row-2980
ANARCHI-TEST-OCC-8806AD72D88B5063,ELIGIBLE,READY_FOR_BASELINE_EXECUTION_PLANNING,kiln-baseline-preflight-001.csv#row-2038
ANARCHI-TEST-OCC-8823E9AB65A60695,SUPPORT_ONLY,SUPPORT_ARTIFACT_ONLY,kiln-baseline-preflight-001.csv#row-557
ANARCHI-TEST-OCC-8831A866900E2C4B,REQUIRES_ISOLATION,ISOLATION_TOPOLOGY_REQUIRED,kiln-baseline-preflight-001.csv#row-956
ANARCHI-TEST-OCC-8835DECF569523FA,REQUIRES_ISOLATION,ISOLATION_TOPOLOGY_REQUIRED,kiln-baseline-preflight-001.csv#row-2836
ANARCHI-TEST-OCC-88652F5585D24B00,REQUIRES_SANDBOX,SANDBOX_TOPOLOGY_REQUIRED,kiln-baseline-preflight-001.csv#row-970
ANARCHI-TEST-OCC-886AB3C0429D5117,SUPPORT_ONLY,SUPPORT_ARTIFACT_ONLY,kiln-baseline-preflight-001.csv#row-1515
ANARCHI-TEST-OCC-886B12C477C58BF6,ELIGIBLE,READY_FOR_BASELINE_EXECUTION_PLANNING,kiln-baseline-preflight-001.csv#row-578
ANARCHI-TEST-OCC-8873DA3D89246C8D,REQUIRES_ISOLATION,ISOLATION_TOPOLOGY_REQUIRED,kiln-baseline-preflight-001.csv#row-2377
ANARCHI-TEST-OCC-88769AB3022B443D,RUNNER_BLOCKED,RUNNER_RECONCILIATION_REQUIRED,kiln-baseline-preflight-001.csv#row-1598
ANARCHI-TEST-OCC-88D0FCD27A9BFEAC,ELIGIBLE,READY_FOR_BASELINE_EXECUTION_PLANNING,kiln-baseline-preflight-001.csv#row-3210
ANARCHI-TEST-OCC-88D1C72B3AB61D1B,ELIGIBLE,READY_FOR_BASELINE_EXECUTION_PLANNING,kiln-baseline-preflight-001.csv#row-1151
ANARCHI-TEST-OCC-88E16E44E905725D,ELIGIBLE,READY_FOR_BASELINE_EXECUTION_PLANNING,kiln-baseline-preflight-001.csv#row-1658
ANARCHI-TEST-OCC-892F9CF3EE5EBA54,SUPPORT_ONLY,SUPPORT_ARTIFACT_ONLY,kiln-baseline-preflight-001.csv#row-1429
ANARCHI-TEST-OCC-896B0C2C292C12E9,REQUIRES_SANDBOX,SANDBOX_TOPOLOGY_REQUIRED,kiln-baseline-preflight-001.csv#row-3161
ANARCHI-TEST-OCC-896FCE520718267D,ELIGIBLE,READY_FOR_BASELINE_EXECUTION_PLANNING,kiln-baseline-preflight-001.csv#row-2238
ANARCHI-TEST-OCC-8991E9092AD10A64,REQUIRES_ISOLATION,ISOLATION_TOPOLOGY_REQUIRED,kiln-baseline-preflight-001.csv#row-1936
ANARCHI-TEST-OCC-89953D0AE5658C8F,ELIGIBLE,READY_FOR_BASELINE_EXECUTION_PLANNING,kiln-baseline-preflight-001.csv#row-3216
ANARCHI-TEST-OCC-899B01EF0FAA0D8C,SUPPORT_ONLY,SUPPORT_ARTIFACT_ONLY,kiln-baseline-preflight-001.csv#row-8
ANARCHI-TEST-OCC-89AE478029CC2698,REQUIRES_ISOLATION,ISOLATION_TOPOLOGY_REQUIRED,kiln-baseline-preflight-001.csv#row-2917
ANARCHI-TEST-OCC-89D24107150F1ECD,ELIGIBLE,READY_FOR_BASELINE_EXECUTION_PLANNING,kiln-baseline-preflight-001.csv#row-746
ANARCHI-TEST-OCC-89D36F5459C403D5,ELIGIBLE,READY_FOR_BASELINE_EXECUTION_PLANNING,kiln-baseline-preflight-001.csv#row-837
ANARCHI-TEST-OCC-89DD85A91C34600F,SUPPORT_ONLY,SUPPORT_ARTIFACT_ONLY,kiln-baseline-preflight-001.csv#row-2361
ANARCHI-TEST-OCC-89ECF288B1202D3A,ELIGIBLE,READY_FOR_BASELINE_EXECUTION_PLANNING,kiln-baseline-preflight-001.csv#row-2148
ANARCHI-TEST-OCC-89F062B7A8EC389D,SUPPORT_ONLY,SUPPORT_ARTIFACT_ONLY,kiln-baseline-preflight-001.csv#row-259
ANARCHI-TEST-OCC-89F30E244956DAF0,REQUIRES_ISOLATION,ISOLATION_TOPOLOGY_REQUIRED,kiln-baseline-preflight-001.csv#row-662
ANARCHI-TEST-OCC-89FDC1C06D6F3EF4,ELIGIBLE,READY_FOR_BASELINE_EXECUTION_PLANNING,kiln-baseline-preflight-001.csv#row-790
ANARCHI-TEST-OCC-8A1B90BFC213005E,REQUIRES_ISOLATION,READY_BUT_DIRTY_REPOSITORY,kiln-baseline-preflight-001.csv#row-2790
ANARCHI-TEST-OCC-8A3A9B8797F4BAE9,REQUIRES_ISOLATION,ISOLATION_TOPOLOGY_REQUIRED,kiln-baseline-preflight-001.csv#row-948
ANARCHI-TEST-OCC-8A4933FF7209E66E,SUPPORT_ONLY,SUPPORT_ARTIFACT_ONLY,kiln-baseline-preflight-001.csv#row-1146
ANARCHI-TEST-OCC-8A51750B022D1810,ELIGIBLE,READY_FOR_BASELINE_EXECUTION_PLANNING,kiln-baseline-preflight-001.csv#row-1516
ANARCHI-TEST-OCC-8A569ADA90FB5BD5,RUNNER_BLOCKED,RUNNER_RECONCILIATION_REQUIRED,kiln-baseline-preflight-001.csv#row-3098
ANARCHI-TEST-OCC-8A5CCF114961FCF4,ELIGIBLE,READY_FOR_BASELINE_EXECUTION_PLANNING,kiln-baseline-preflight-001.csv#row-150
ANARCHI-TEST-OCC-8A6E4FA23CB4438F,ELIGIBLE,READY_FOR_BASELINE_EXECUTION_PLANNING,kiln-baseline-preflight-001.csv#row-639
ANARCHI-TEST-OCC-8A6FE5D133B6254E,RUNNER_BLOCKED,RUNNER_RECONCILIATION_REQUIRED,kiln-baseline-preflight-001.csv#row-585
ANARCHI-TEST-OCC-8A8DA169E6C53D08,SUPPORT_ONLY,SUPPORT_ARTIFACT_ONLY,kiln-baseline-preflight-001.csv#row-3292
ANARCHI-TEST-OCC-8A924FCB4D3570D5,ELIGIBLE,READY_FOR_BASELINE_EXECUTION_PLANNING,kiln-baseline-preflight-001.csv#row-45
ANARCHI-TEST-OCC-8A946A7CA7AF7B21,RUNNER_BLOCKED,RUNNER_RECONCILIATION_REQUIRED,kiln-baseline-preflight-001.csv#row-479
ANARCHI-TEST-OCC-8AACD252F32DAF84,ELIGIBLE,READY_FOR_BASELINE_EXECUTION_PLANNING,kiln-baseline-preflight-001.csv#row-3172
ANARCHI-TEST-OCC-8AEF5444778B31BE,REQUIRES_ISOLATION,ISOLATION_TOPOLOGY_REQUIRED,kiln-baseline-preflight-001.csv#row-629
ANARCHI-TEST-OCC-8AFE84A8FFC57BA3,ELIGIBLE,READY_FOR_BASELINE_EXECUTION_PLANNING,kiln-baseline-preflight-001.csv#row-2166
ANARCHI-TEST-OCC-8B1017F902F82FBD,ELIGIBLE,READY_FOR_BASELINE_EXECUTION_PLANNING,kiln-baseline-preflight-001.csv#row-2853
ANARCHI-TEST-OCC-8B14B07202C2B5A1,ELIGIBLE,READY_FOR_BASELINE_EXECUTION_PLANNING,kiln-baseline-preflight-001.csv#row-490
ANARCHI-TEST-OCC-8B1CBA975B508BC0,SUPPORT_ONLY,SUPPORT_ARTIFACT_ONLY,kiln-baseline-preflight-001.csv#row-538
ANARCHI-TEST-OCC-8B32BED0ABEF25CD,REQUIRES_ISOLATION,READY_BUT_DIRTY_REPOSITORY,kiln-baseline-preflight-001.csv#row-846
ANARCHI-TEST-OCC-8B3D79F857DD85BD,REQUIRES_ISOLATION,ISOLATION_TOPOLOGY_REQUIRED,kiln-baseline-preflight-001.csv#row-2951
ANARCHI-TEST-OCC-8B5DCD122AFBE941,REQUIRES_ISOLATION,ISOLATION_TOPOLOGY_REQUIRED,kiln-baseline-preflight-001.csv#row-645
ANARCHI-TEST-OCC-8B92D4A604BD2802,REQUIRES_ISOLATION,ISOLATION_TOPOLOGY_REQUIRED,kiln-baseline-preflight-001.csv#row-2417
ANARCHI-TEST-OCC-8BB1FAFEBEF19276,RUNNER_BLOCKED,RUNNER_RECONCILIATION_REQUIRED,kiln-baseline-preflight-001.csv#row-149
ANARCHI-TEST-OCC-8BB3467FBF58CFAD,ELIGIBLE,READY_FOR_BASELINE_EXECUTION_PLANNING,kiln-baseline-preflight-001.csv#row-1094
ANARCHI-TEST-OCC-8BBC68DD0824C797,ELIGIBLE,READY_FOR_BASELINE_EXECUTION_PLANNING,kiln-baseline-preflight-001.csv#row-471
ANARCHI-TEST-OCC-8BC5AD3306FFFC09,RUNNER_BLOCKED,RUNNER_RECONCILIATION_REQUIRED,kiln-baseline-preflight-001.csv#row-362
ANARCHI-TEST-OCC-8BCDBB0475A7E544,RUNNER_BLOCKED,RUNNER_RECONCILIATION_REQUIRED,kiln-baseline-preflight-001.csv#row-2924
ANARCHI-TEST-OCC-8BDB9C55D5EFDE3C,SUPPORT_ONLY,SUPPORT_ARTIFACT_ONLY,kiln-baseline-preflight-001.csv#row-2135
ANARCHI-TEST-OCC-8BE5B6CDFB00717F,RUNNER_BLOCKED,RUNNER_RECONCILIATION_REQUIRED,kiln-baseline-preflight-001.csv#row-426
ANARCHI-TEST-OCC-8BF50B0CACBE828E,REQUIRES_ISOLATION,ISOLATION_TOPOLOGY_REQUIRED,kiln-baseline-preflight-001.csv#row-470
ANARCHI-TEST-OCC-8C1C133C8533C8A9,ELIGIBLE,READY_FOR_BASELINE_EXECUTION_PLANNING,kiln-baseline-preflight-001.csv#row-308
ANARCHI-TEST-OCC-8C31C0E6035A2F40,RUNNER_BLOCKED,RUNNER_RECONCILIATION_REQUIRED,kiln-baseline-preflight-001.csv#row-1148
ANARCHI-TEST-OCC-8C391815FD455649,ELIGIBLE,READY_FOR_BASELINE_EXECUTION_PLANNING,kiln-baseline-preflight-001.csv#row-3020
ANARCHI-TEST-OCC-8C3B30B6AEE77232,ELIGIBLE,READY_FOR_BASELINE_EXECUTION_PLANNING,kiln-baseline-preflight-001.csv#row-1477
ANARCHI-TEST-OCC-8C5BFE4C41B3F14C,RUNNER_BLOCKED,RUNNER_RECONCILIATION_REQUIRED,kiln-baseline-preflight-001.csv#row-1865
ANARCHI-TEST-OCC-8C7A6DCA2A84DD7D,ELIGIBLE,READY_FOR_BASELINE_EXECUTION_PLANNING,kiln-baseline-preflight-001.csv#row-2705
ANARCHI-TEST-OCC-8CC58ACB5245732E,REQUIRES_ISOLATION,ISOLATION_TOPOLOGY_REQUIRED,kiln-baseline-preflight-001.csv#row-3256
ANARCHI-TEST-OCC-8CD91F53F6D884DB,ELIGIBLE,READY_FOR_BASELINE_EXECUTION_PLANNING,kiln-baseline-preflight-001.csv#row-1020
ANARCHI-TEST-OCC-8CDD29A312101E0B,REQUIRES_ISOLATION,ISOLATION_TOPOLOGY_REQUIRED,kiln-baseline-preflight-001.csv#row-1932
ANARCHI-TEST-OCC-8CE07BC0BA40D0C9,ELIGIBLE,READY_FOR_BASELINE_EXECUTION_PLANNING,kiln-baseline-preflight-001.csv#row-994
ANARCHI-TEST-OCC-8CEECBFDA2F56E6A,ELIGIBLE,READY_FOR_BASELINE_EXECUTION_PLANNING,kiln-baseline-preflight-001.csv#row-626
ANARCHI-TEST-OCC-8CEF95BBD13E4756,REQUIRES_SANDBOX,SANDBOX_TOPOLOGY_REQUIRED,kiln-baseline-preflight-001.csv#row-2294
ANARCHI-TEST-OCC-8D32021F0A2DACEA,SUPPORT_ONLY,SUPPORT_ARTIFACT_ONLY,kiln-baseline-preflight-001.csv#row-2414
ANARCHI-TEST-OCC-8D39FD8301EE24D4,ELIGIBLE,READY_FOR_BASELINE_EXECUTION_PLANNING,kiln-baseline-preflight-001.csv#row-1035
ANARCHI-TEST-OCC-8D3EAF3E1E8D9CDD,ELIGIBLE,READY_FOR_BASELINE_EXECUTION_PLANNING,kiln-baseline-preflight-001.csv#row-1110
ANARCHI-TEST-OCC-8D413D1B01B33920,REQUIRES_ISOLATION,READY_BUT_DIRTY_REPOSITORY,kiln-baseline-preflight-001.csv#row-2960
ANARCHI-TEST-OCC-8D5854A6775BBC41,ELIGIBLE,READY_FOR_BASELINE_EXECUTION_PLANNING,kiln-baseline-preflight-001.csv#row-2395
ANARCHI-TEST-OCC-8D68164D28D91DF1,RUNNER_BLOCKED,RUNNER_RECONCILIATION_REQUIRED,kiln-baseline-preflight-001.csv#row-439
ANARCHI-TEST-OCC-8D7C7922EC5F44F0,RUNNER_BLOCKED,RUNNER_RECONCILIATION_REQUIRED,kiln-baseline-preflight-001.csv#row-1321
ANARCHI-TEST-OCC-8D9677DAF1BEC068,ELIGIBLE,READY_FOR_BASELINE_EXECUTION_PLANNING,kiln-baseline-preflight-001.csv#row-1893
ANARCHI-TEST-OCC-8D9E8C243C7AB67A,ELIGIBLE,READY_FOR_BASELINE_EXECUTION_PLANNING,kiln-baseline-preflight-001.csv#row-1912
ANARCHI-TEST-OCC-8E022E66F8244091,SUPPORT_ONLY,SUPPORT_ARTIFACT_ONLY,kiln-baseline-preflight-001.csv#row-2618
ANARCHI-TEST-OCC-8E0E4ED2125C7D8C,ELIGIBLE,READY_FOR_BASELINE_EXECUTION_PLANNING,kiln-baseline-preflight-001.csv#row-599
ANARCHI-TEST-OCC-8E30BD4ED04C6717,SUPPORT_ONLY,SUPPORT_ARTIFACT_ONLY,kiln-baseline-preflight-001.csv#row-2940
ANARCHI-TEST-OCC-8E32D2EDBC8CCBE4,REQUIRES_ISOLATION,ISOLATION_TOPOLOGY_REQUIRED,kiln-baseline-preflight-001.csv#row-2551
ANARCHI-TEST-OCC-8E34F55E0A934857,ELIGIBLE,READY_FOR_BASELINE_EXECUTION_PLANNING,kiln-baseline-preflight-001.csv#row-1180
ANARCHI-TEST-OCC-8E36E5AB6AA02A27,ELIGIBLE,READY_FOR_BASELINE_EXECUTION_PLANNING,kiln-baseline-preflight-001.csv#row-2938
ANARCHI-TEST-OCC-8E4242C4CD22FE4C,ELIGIBLE,READY_FOR_BASELINE_EXECUTION_PLANNING,kiln-baseline-preflight-001.csv#row-3094
ANARCHI-TEST-OCC-8E60EC302AA2DB26,SUPPORT_ONLY,SUPPORT_ARTIFACT_ONLY,kiln-baseline-preflight-001.csv#row-1643
ANARCHI-TEST-OCC-8E66A80BB83E780B,SUPPORT_ONLY,SUPPORT_ARTIFACT_ONLY,kiln-baseline-preflight-001.csv#row-301
ANARCHI-TEST-OCC-8E681E59BE8DDA96,ELIGIBLE,READY_FOR_BASELINE_EXECUTION_PLANNING,kiln-baseline-preflight-001.csv#row-1749
ANARCHI-TEST-OCC-8E6A0D91C9469A50,ELIGIBLE,READY_FOR_BASELINE_EXECUTION_PLANNING,kiln-baseline-preflight-001.csv#row-3051
ANARCHI-TEST-OCC-8E6FFD5D4CB59F8C,ELIGIBLE,READY_FOR_BASELINE_EXECUTION_PLANNING,kiln-baseline-preflight-001.csv#row-3208
ANARCHI-TEST-OCC-8E79FE4C1846C995,REQUIRES_ISOLATION,ISOLATION_TOPOLOGY_REQUIRED,kiln-baseline-preflight-001.csv#row-1722
ANARCHI-TEST-OCC-8E7A57604C462279,ELIGIBLE,READY_FOR_BASELINE_EXECUTION_PLANNING,kiln-baseline-preflight-001.csv#row-2432
ANARCHI-TEST-OCC-8E98A24B044083C7,ELIGIBLE,READY_FOR_BASELINE_EXECUTION_PLANNING,kiln-baseline-preflight-001.csv#row-630
ANARCHI-TEST-OCC-8E993153095BBA55,RUNNER_BLOCKED,RUNNER_RECONCILIATION_REQUIRED,kiln-baseline-preflight-001.csv#row-1209
ANARCHI-TEST-OCC-8EDDD87883D8B9F0,SUPPORT_ONLY,SUPPORT_ARTIFACT_ONLY,kiln-baseline-preflight-001.csv#row-571
ANARCHI-TEST-OCC-8EE354E8DE056907,ELIGIBLE,READY_FOR_BASELINE_EXECUTION_PLANNING,kiln-baseline-preflight-001.csv#row-6
ANARCHI-TEST-OCC-8EF747DC133EA23C,ELIGIBLE,READY_FOR_BASELINE_EXECUTION_PLANNING,kiln-baseline-preflight-001.csv#row-1799
ANARCHI-TEST-OCC-8EFD24124C7B6687,ELIGIBLE,READY_FOR_BASELINE_EXECUTION_PLANNING,kiln-baseline-preflight-001.csv#row-1510
ANARCHI-TEST-OCC-8F1E00C9632690BF,SUPPORT_ONLY,SUPPORT_ARTIFACT_ONLY,kiln-baseline-preflight-001.csv#row-851
ANARCHI-TEST-OCC-8F4A49B53D8B5B08,REQUIRES_ISOLATION,ISOLATION_TOPOLOGY_REQUIRED,kiln-baseline-preflight-001.csv#row-507
ANARCHI-TEST-OCC-8F6C29032149687A,SUPPORT_ONLY,SUPPORT_ARTIFACT_ONLY,kiln-baseline-preflight-001.csv#row-1739
ANARCHI-TEST-OCC-8F8CAF80CF3A0985,ELIGIBLE,READY_FOR_BASELINE_EXECUTION_PLANNING,kiln-baseline-preflight-001.csv#row-2628
ANARCHI-TEST-OCC-8FAA952855D876CF,SUPPORT_ONLY,SUPPORT_ARTIFACT_ONLY,kiln-baseline-preflight-001.csv#row-132
ANARCHI-TEST-OCC-8FE088A3EEF46395,SUPPORT_ONLY,SUPPORT_ARTIFACT_ONLY,kiln-baseline-preflight-001.csv#row-1474
ANARCHI-TEST-OCC-8FEB7CAC2AF9B5DA,ELIGIBLE,READY_FOR_BASELINE_EXECUTION_PLANNING,kiln-baseline-preflight-001.csv#row-636
ANARCHI-TEST-OCC-8FF7D9C50C596121,ELIGIBLE,READY_FOR_BASELINE_EXECUTION_PLANNING,kiln-baseline-preflight-001.csv#row-2171
ANARCHI-TEST-OCC-90051288A4777F51,ELIGIBLE,READY_FOR_BASELINE_EXECUTION_PLANNING,kiln-baseline-preflight-001.csv#row-2619
ANARCHI-TEST-OCC-90116FB23A362C0C,REQUIRES_ISOLATION,ISOLATION_TOPOLOGY_REQUIRED,kiln-baseline-preflight-001.csv#row-2784
ANARCHI-TEST-OCC-9023EB593D8B18F8,RUNNER_BLOCKED,RUNNER_RECONCILIATION_REQUIRED,kiln-baseline-preflight-001.csv#row-921
ANARCHI-TEST-OCC-904E708716FA8C46,ELIGIBLE,READY_FOR_BASELINE_EXECUTION_PLANNING,kiln-baseline-preflight-001.csv#row-883
ANARCHI-TEST-OCC-905310E7A232830B,ELIGIBLE,READY_FOR_BASELINE_EXECUTION_PLANNING,kiln-baseline-preflight-001.csv#row-2029
ANARCHI-TEST-OCC-906A56FDADDAC4EF,ELIGIBLE,READY_FOR_BASELINE_EXECUTION_PLANNING,kiln-baseline-preflight-001.csv#row-1275
ANARCHI-TEST-OCC-90762120AFE33316,ELIGIBLE,READY_FOR_BASELINE_EXECUTION_PLANNING,kiln-baseline-preflight-001.csv#row-2737
ANARCHI-TEST-OCC-908079FDE755B42C,ELIGIBLE,READY_FOR_BASELINE_EXECUTION_PLANNING,kiln-baseline-preflight-001.csv#row-2217
ANARCHI-TEST-OCC-90B022C4A07DBAB3,RUNNER_BLOCKED,RUNNER_RECONCILIATION_REQUIRED,kiln-baseline-preflight-001.csv#row-1399
ANARCHI-TEST-OCC-90B2A8283F2742E0,ELIGIBLE,READY_FOR_BASELINE_EXECUTION_PLANNING,kiln-baseline-preflight-001.csv#row-798
ANARCHI-TEST-OCC-90BAA2D58D831D47,SUPPORT_ONLY,SUPPORT_ARTIFACT_ONLY,kiln-baseline-preflight-001.csv#row-2165
ANARCHI-TEST-OCC-90C3328C2B95E226,RUNNER_BLOCKED,RUNNER_RECONCILIATION_REQUIRED,kiln-baseline-preflight-001.csv#row-857
ANARCHI-TEST-OCC-90C8F0BA6EDF8445,ELIGIBLE,READY_FOR_BASELINE_EXECUTION_PLANNING,kiln-baseline-preflight-001.csv#row-3179
ANARCHI-TEST-OCC-90C954896C733178,ELIGIBLE,READY_FOR_BASELINE_EXECUTION_PLANNING,kiln-baseline-preflight-001.csv#row-2653
ANARCHI-TEST-OCC-90CA877C6633F0B7,RUNNER_BLOCKED,RUNNER_RECONCILIATION_REQUIRED,kiln-baseline-preflight-001.csv#row-2099
ANARCHI-TEST-OCC-90E6688C8D2BF808,RUNNER_BLOCKED,RUNNER_RECONCILIATION_REQUIRED,kiln-baseline-preflight-001.csv#row-1652
ANARCHI-TEST-OCC-90F2E29781BA5C2B,ELIGIBLE,READY_FOR_BASELINE_EXECUTION_PLANNING,kiln-baseline-preflight-001.csv#row-2060
ANARCHI-TEST-OCC-90FDA141F5F20C69,RUNNER_BLOCKED,RUNNER_RECONCILIATION_REQUIRED,kiln-baseline-preflight-001.csv#row-2331
ANARCHI-TEST-OCC-9115F3A53E42EEB7,ELIGIBLE,READY_FOR_BASELINE_EXECUTION_PLANNING,kiln-baseline-preflight-001.csv#row-3253
ANARCHI-TEST-OCC-9125F536A7238EB1,RUNNER_BLOCKED,RUNNER_RECONCILIATION_REQUIRED,kiln-baseline-preflight-001.csv#row-1333
ANARCHI-TEST-OCC-91429FF279B5A485,SUPPORT_ONLY,SUPPORT_ARTIFACT_ONLY,kiln-baseline-preflight-001.csv#row-3041
ANARCHI-TEST-OCC-915BC86B5EE1A02E,ELIGIBLE,READY_FOR_BASELINE_EXECUTION_PLANNING,kiln-baseline-preflight-001.csv#row-1206
ANARCHI-TEST-OCC-916127A80D4D3828,ELIGIBLE,READY_FOR_BASELINE_EXECUTION_PLANNING,kiln-baseline-preflight-001.csv#row-2753
ANARCHI-TEST-OCC-9178C8AAA4817B00,ELIGIBLE,READY_FOR_BASELINE_EXECUTION_PLANNING,kiln-baseline-preflight-001.csv#row-2682
ANARCHI-TEST-OCC-918D04FF2A8389F8,SUPPORT_ONLY,SUPPORT_ARTIFACT_ONLY,kiln-baseline-preflight-001.csv#row-17
ANARCHI-TEST-OCC-918E3BBA61D9D360,ELIGIBLE,READY_FOR_BASELINE_EXECUTION_PLANNING,kiln-baseline-preflight-001.csv#row-2447
ANARCHI-TEST-OCC-91ADFC0684219704,ELIGIBLE,READY_FOR_BASELINE_EXECUTION_PLANNING,kiln-baseline-preflight-001.csv#row-1683
ANARCHI-TEST-OCC-91AFC50791EE4E44,REQUIRES_ISOLATION,ISOLATION_TOPOLOGY_REQUIRED,kiln-baseline-preflight-001.csv#row-2596
ANARCHI-TEST-OCC-91B0010A9693E9DD,SUPPORT_ONLY,SUPPORT_ARTIFACT_ONLY,kiln-baseline-preflight-001.csv#row-1626
ANARCHI-TEST-OCC-91BEF25C52CD4D48,SUPPORT_ONLY,SUPPORT_ARTIFACT_ONLY,kiln-baseline-preflight-001.csv#row-2713
ANARCHI-TEST-OCC-91C61A3DEC7597CA,SUPPORT_ONLY,SUPPORT_ARTIFACT_ONLY,kiln-baseline-preflight-001.csv#row-2492
ANARCHI-TEST-OCC-91D68869D2D31D7C,ELIGIBLE,READY_FOR_BASELINE_EXECUTION_PLANNING,kiln-baseline-preflight-001.csv#row-2576
ANARCHI-TEST-OCC-91E144717527B2CF,REQUIRES_ISOLATION,ISOLATION_TOPOLOGY_REQUIRED,kiln-baseline-preflight-001.csv#row-3273
ANARCHI-TEST-OCC-92005ECC41E67DBE,ELIGIBLE,READY_FOR_BASELINE_EXECUTION_PLANNING,kiln-baseline-preflight-001.csv#row-3139
ANARCHI-TEST-OCC-920FF3DD5097CF71,REQUIRES_ISOLATION,READY_BUT_DIRTY_REPOSITORY,kiln-baseline-preflight-001.csv#row-3293
ANARCHI-TEST-OCC-921C6ED74ED4ACEF,ELIGIBLE,READY_FOR_BASELINE_EXECUTION_PLANNING,kiln-baseline-preflight-001.csv#row-402
ANARCHI-TEST-OCC-92239679B040E195,REQUIRES_ISOLATION,ISOLATION_TOPOLOGY_REQUIRED,kiln-baseline-preflight-001.csv#row-1588
ANARCHI-TEST-OCC-9241DA9E546E4088,ELIGIBLE,READY_FOR_BASELINE_EXECUTION_PLANNING,kiln-baseline-preflight-001.csv#row-631
ANARCHI-TEST-OCC-9252893E0DB26F57,RUNNER_BLOCKED,RUNNER_RECONCILIATION_REQUIRED,kiln-baseline-preflight-001.csv#row-2268
ANARCHI-TEST-OCC-92594ED87A44557C,SUPPORT_ONLY,SUPPORT_ARTIFACT_ONLY,kiln-baseline-preflight-001.csv#row-698
ANARCHI-TEST-OCC-926BF2C90CF305FC,ELIGIBLE,READY_FOR_BASELINE_EXECUTION_PLANNING,kiln-baseline-preflight-001.csv#row-1618
ANARCHI-TEST-OCC-926E932B55A09CA8,SUPPORT_ONLY,SUPPORT_ARTIFACT_ONLY,kiln-baseline-preflight-001.csv#row-2707
ANARCHI-TEST-OCC-9276B4A5DC743B7E,ELIGIBLE,READY_FOR_BASELINE_EXECUTION_PLANNING,kiln-baseline-preflight-001.csv#row-1843
ANARCHI-TEST-OCC-92799F1C85D96BB1,ELIGIBLE,READY_FOR_BASELINE_EXECUTION_PLANNING,kiln-baseline-preflight-001.csv#row-2231
ANARCHI-TEST-OCC-927C29A1BAAF26EE,RUNNER_BLOCKED,RUNNER_RECONCILIATION_REQUIRED,kiln-baseline-preflight-001.csv#row-743
ANARCHI-TEST-OCC-9282D6EEF4DF03A0,ELIGIBLE,READY_FOR_BASELINE_EXECUTION_PLANNING,kiln-baseline-preflight-001.csv#row-869
ANARCHI-TEST-OCC-92AAFBEAE58F18CD,RUNNER_BLOCKED,RUNNER_RECONCILIATION_REQUIRED,kiln-baseline-preflight-001.csv#row-1122
ANARCHI-TEST-OCC-92B5CF5C47A4DBFA,ELIGIBLE,READY_FOR_BASELINE_EXECUTION_PLANNING,kiln-baseline-preflight-001.csv#row-966
ANARCHI-TEST-OCC-92CC0102076C2D5A,REQUIRES_ISOLATION,READY_BUT_DIRTY_REPOSITORY,kiln-baseline-preflight-001.csv#row-3038
ANARCHI-TEST-OCC-92FC1D38B538ECC5,REQUIRES_ISOLATION,ISOLATION_TOPOLOGY_REQUIRED,kiln-baseline-preflight-001.csv#row-1071
ANARCHI-TEST-OCC-93092A3F6D5D8A76,REQUIRES_ISOLATION,ISOLATION_TOPOLOGY_REQUIRED,kiln-baseline-preflight-001.csv#row-2278
ANARCHI-TEST-OCC-9328B6A106BB4A28,ELIGIBLE,READY_FOR_BASELINE_EXECUTION_PLANNING,kiln-baseline-preflight-001.csv#row-2603
ANARCHI-TEST-OCC-933CBEB422A53521,ELIGIBLE,READY_FOR_BASELINE_EXECUTION_PLANNING,kiln-baseline-preflight-001.csv#row-1998
ANARCHI-TEST-OCC-934A18F90BEDAB82,ELIGIBLE,READY_FOR_BASELINE_EXECUTION_PLANNING,kiln-baseline-preflight-001.csv#row-1190
ANARCHI-TEST-OCC-934D93A24B5B724A,REQUIRES_ISOLATION,ISOLATION_TOPOLOGY_REQUIRED,kiln-baseline-preflight-001.csv#row-2253
ANARCHI-TEST-OCC-934F85912C387E6D,RUNNER_BLOCKED,RUNNER_RECONCILIATION_REQUIRED,kiln-baseline-preflight-001.csv#row-805
ANARCHI-TEST-OCC-935ACDE30409151B,REQUIRES_ISOLATION,ISOLATION_TOPOLOGY_REQUIRED,kiln-baseline-preflight-001.csv#row-604
ANARCHI-TEST-OCC-9367D879D618C31B,ELIGIBLE,READY_FOR_BASELINE_EXECUTION_PLANNING,kiln-baseline-preflight-001.csv#row-2844
ANARCHI-TEST-OCC-9392EF95026E3244,SUPPORT_ONLY,SUPPORT_ARTIFACT_ONLY,kiln-baseline-preflight-001.csv#row-1690
ANARCHI-TEST-OCC-93A4543BA8581964,ELIGIBLE,READY_FOR_BASELINE_EXECUTION_PLANNING,kiln-baseline-preflight-001.csv#row-993
ANARCHI-TEST-OCC-93BA287A82B34DEE,REQUIRES_ISOLATION,ISOLATION_TOPOLOGY_REQUIRED,kiln-baseline-preflight-001.csv#row-2410
ANARCHI-TEST-OCC-93CB4899C5FE0C35,ELIGIBLE,READY_FOR_BASELINE_EXECUTION_PLANNING,kiln-baseline-preflight-001.csv#row-3068
ANARCHI-TEST-OCC-93CF1CDDA27D5104,ELIGIBLE,READY_FOR_BASELINE_EXECUTION_PLANNING,kiln-baseline-preflight-001.csv#row-2832
ANARCHI-TEST-OCC-93E6D1D4C081074C,ELIGIBLE,READY_FOR_BASELINE_EXECUTION_PLANNING,kiln-baseline-preflight-001.csv#row-1066
ANARCHI-TEST-OCC-93F5612552A67CA4,ELIGIBLE,READY_FOR_BASELINE_EXECUTION_PLANNING,kiln-baseline-preflight-001.csv#row-744
ANARCHI-TEST-OCC-9405306B6CA17175,SUPPORT_ONLY,SUPPORT_ARTIFACT_ONLY,kiln-baseline-preflight-001.csv#row-2539
ANARCHI-TEST-OCC-9409A236D4EA0DA4,RUNNER_BLOCKED,RUNNER_RECONCILIATION_REQUIRED,kiln-baseline-preflight-001.csv#row-294
ANARCHI-TEST-OCC-941175A1E8A3CCF6,REQUIRES_ISOLATION,ISOLATION_TOPOLOGY_REQUIRED,kiln-baseline-preflight-001.csv#row-2393
ANARCHI-TEST-OCC-941A28D5DD5247BE,REQUIRES_ISOLATION,ISOLATION_TOPOLOGY_REQUIRED,kiln-baseline-preflight-001.csv#row-2494
ANARCHI-TEST-OCC-94324B2D931819C8,ELIGIBLE,READY_FOR_BASELINE_EXECUTION_PLANNING,kiln-baseline-preflight-001.csv#row-2265
ANARCHI-TEST-OCC-943528B9E11ADBC7,ELIGIBLE,READY_FOR_BASELINE_EXECUTION_PLANNING,kiln-baseline-preflight-001.csv#row-392
ANARCHI-TEST-OCC-94551F14F9440115,ELIGIBLE,READY_FOR_BASELINE_EXECUTION_PLANNING,kiln-baseline-preflight-001.csv#row-1659
ANARCHI-TEST-OCC-947837574DCD80A9,REQUIRES_ISOLATION,ISOLATION_TOPOLOGY_REQUIRED,kiln-baseline-preflight-001.csv#row-849
ANARCHI-TEST-OCC-94856C5C564953D8,ELIGIBLE,READY_FOR_BASELINE_EXECUTION_PLANNING,kiln-baseline-preflight-001.csv#row-2858
ANARCHI-TEST-OCC-948F55BF6A236B49,SUPPORT_ONLY,SUPPORT_ARTIFACT_ONLY,kiln-baseline-preflight-001.csv#row-528
ANARCHI-TEST-OCC-949CF4068F6F8A0C,ELIGIBLE,READY_FOR_BASELINE_EXECUTION_PLANNING,kiln-baseline-preflight-001.csv#row-373
ANARCHI-TEST-OCC-94A31DA13AB4681A,SUPPORT_ONLY,SUPPORT_ARTIFACT_ONLY,kiln-baseline-preflight-001.csv#row-2127
ANARCHI-TEST-OCC-94A3D03BBF2CF14A,ELIGIBLE,READY_FOR_BASELINE_EXECUTION_PLANNING,kiln-baseline-preflight-001.csv#row-2978
ANARCHI-TEST-OCC-94D2AE7A04F3AC95,RUNNER_BLOCKED,RUNNER_RECONCILIATION_REQUIRED,kiln-baseline-preflight-001.csv#row-1973
ANARCHI-TEST-OCC-94F2BE19CB4A1E52,ELIGIBLE,READY_FOR_BASELINE_EXECUTION_PLANNING,kiln-baseline-preflight-001.csv#row-2236
ANARCHI-TEST-OCC-94FAB6F3B5A5C58F,REQUIRES_ISOLATION,READY_BUT_DIRTY_REPOSITORY,kiln-baseline-preflight-001.csv#row-275
ANARCHI-TEST-OCC-95031D6893A4CD69,SUPPORT_ONLY,SUPPORT_ARTIFACT_ONLY,kiln-baseline-preflight-001.csv#row-1339
ANARCHI-TEST-OCC-952AFE79983C2ACC,REQUIRES_ISOLATION,ISOLATION_TOPOLOGY_REQUIRED,kiln-baseline-preflight-001.csv#row-2717
ANARCHI-TEST-OCC-95498D7098320BF2,SUPPORT_ONLY,SUPPORT_ARTIFACT_ONLY,kiln-baseline-preflight-001.csv#row-3078
ANARCHI-TEST-OCC-95835CCBFD6ECE42,ELIGIBLE,READY_FOR_BASELINE_EXECUTION_PLANNING,kiln-baseline-preflight-001.csv#row-1636
ANARCHI-TEST-OCC-958B67DDE5A30F15,SUPPORT_ONLY,SUPPORT_ARTIFACT_ONLY,kiln-baseline-preflight-001.csv#row-2201
ANARCHI-TEST-OCC-9591791A30011800,REQUIRES_ISOLATION,ISOLATION_TOPOLOGY_REQUIRED,kiln-baseline-preflight-001.csv#row-586
ANARCHI-TEST-OCC-95CBC77AFC7F2115,ELIGIBLE,READY_FOR_BASELINE_EXECUTION_PLANNING,kiln-baseline-preflight-001.csv#row-3002
ANARCHI-TEST-OCC-95DDC76BCFEBF554,SUPPORT_ONLY,SUPPORT_ARTIFACT_ONLY,kiln-baseline-preflight-001.csv#row-2044
ANARCHI-TEST-OCC-9635A71B20D7F3FF,REQUIRES_ISOLATION,ISOLATION_TOPOLOGY_REQUIRED,kiln-baseline-preflight-001.csv#row-1698
ANARCHI-TEST-OCC-964F49DDCB3A60E9,ELIGIBLE,READY_FOR_BASELINE_EXECUTION_PLANNING,kiln-baseline-preflight-001.csv#row-1109
ANARCHI-TEST-OCC-965BE2A304F686FD,ELIGIBLE,READY_FOR_BASELINE_EXECUTION_PLANNING,kiln-baseline-preflight-001.csv#row-496
ANARCHI-TEST-OCC-96756BB05BC44465,ELIGIBLE,READY_FOR_BASELINE_EXECUTION_PLANNING,kiln-baseline-preflight-001.csv#row-906
ANARCHI-TEST-OCC-969D383D70BA7849,RUNNER_BLOCKED,RUNNER_RECONCILIATION_REQUIRED,kiln-baseline-preflight-001.csv#row-1975
ANARCHI-TEST-OCC-96C7F9261556EF86,SUPPORT_ONLY,SUPPORT_ARTIFACT_ONLY,kiln-baseline-preflight-001.csv#row-1648
ANARCHI-TEST-OCC-96C9C13376DA50B3,REQUIRES_ISOLATION,ISOLATION_TOPOLOGY_REQUIRED,kiln-baseline-preflight-001.csv#row-325
ANARCHI-TEST-OCC-96D534E51D884FE1,RUNNER_BLOCKED,RUNNER_RECONCILIATION_REQUIRED,kiln-baseline-preflight-001.csv#row-257
ANARCHI-TEST-OCC-96F26BDA21AE4684,SUPPORT_ONLY,SUPPORT_ARTIFACT_ONLY,kiln-baseline-preflight-001.csv#row-3157
ANARCHI-TEST-OCC-97230EBF0D85CF8F,ELIGIBLE,READY_FOR_BASELINE_EXECUTION_PLANNING,kiln-baseline-preflight-001.csv#row-131
ANARCHI-TEST-OCC-975B2ABE49B4AF69,SUPPORT_ONLY,SUPPORT_ARTIFACT_ONLY,kiln-baseline-preflight-001.csv#row-2712
ANARCHI-TEST-OCC-975DA42647D35103,REQUIRES_ISOLATION,ISOLATION_TOPOLOGY_REQUIRED,kiln-baseline-preflight-001.csv#row-522
ANARCHI-TEST-OCC-976449025F29E731,ELIGIBLE,READY_FOR_BASELINE_EXECUTION_PLANNING,kiln-baseline-preflight-001.csv#row-600
ANARCHI-TEST-OCC-9771B4C17B5E7EDE,ELIGIBLE,READY_FOR_BASELINE_EXECUTION_PLANNING,kiln-baseline-preflight-001.csv#row-2671
ANARCHI-TEST-OCC-9777F8C96421640A,ELIGIBLE,READY_FOR_BASELINE_EXECUTION_PLANNING,kiln-baseline-preflight-001.csv#row-3045
ANARCHI-TEST-OCC-97B69B7930934862,ELIGIBLE,READY_FOR_BASELINE_EXECUTION_PLANNING,kiln-baseline-preflight-001.csv#row-1493
ANARCHI-TEST-OCC-97EACF4E984855AD,REQUIRES_ISOLATION,ISOLATION_TOPOLOGY_REQUIRED,kiln-baseline-preflight-001.csv#row-450
ANARCHI-TEST-OCC-98030ECBCB36A3F7,SUPPORT_ONLY,SUPPORT_ARTIFACT_ONLY,kiln-baseline-preflight-001.csv#row-1766
ANARCHI-TEST-OCC-982EC12892584C83,SUPPORT_ONLY,SUPPORT_ARTIFACT_ONLY,kiln-baseline-preflight-001.csv#row-616
ANARCHI-TEST-OCC-983569AA51E834F6,ELIGIBLE,READY_FOR_BASELINE_EXECUTION_PLANNING,kiln-baseline-preflight-001.csv#row-960
ANARCHI-TEST-OCC-98454D4404AF109B,ELIGIBLE,READY_FOR_BASELINE_EXECUTION_PLANNING,kiln-baseline-preflight-001.csv#row-3168
ANARCHI-TEST-OCC-987222363CDC1320,ELIGIBLE,READY_FOR_BASELINE_EXECUTION_PLANNING,kiln-baseline-preflight-001.csv#row-547
ANARCHI-TEST-OCC-9876784C1C9389FC,REQUIRES_ISOLATION,ISOLATION_TOPOLOGY_REQUIRED,kiln-baseline-preflight-001.csv#row-140
ANARCHI-TEST-OCC-987E957F31966906,SUPPORT_ONLY,SUPPORT_ARTIFACT_ONLY,kiln-baseline-preflight-001.csv#row-2794
ANARCHI-TEST-OCC-988F8697BFCB3BD1,RUNNER_BLOCKED,RUNNER_RECONCILIATION_REQUIRED,kiln-baseline-preflight-001.csv#row-3259
ANARCHI-TEST-OCC-98950919D84E7207,ELIGIBLE,READY_FOR_BASELINE_EXECUTION_PLANNING,kiln-baseline-preflight-001.csv#row-3124
ANARCHI-TEST-OCC-98B4858C6411C4C8,ELIGIBLE,READY_FOR_BASELINE_EXECUTION_PLANNING,kiln-baseline-preflight-001.csv#row-1031
ANARCHI-TEST-OCC-98BE81AF554C8939,ELIGIBLE,READY_FOR_BASELINE_EXECUTION_PLANNING,kiln-baseline-preflight-001.csv#row-1336
ANARCHI-TEST-OCC-98C863D4390211E0,ELIGIBLE,READY_FOR_BASELINE_EXECUTION_PLANNING,kiln-baseline-preflight-001.csv#row-809
ANARCHI-TEST-OCC-98D81DBFD701E9DE,REQUIRES_ISOLATION,ISOLATION_TOPOLOGY_REQUIRED,kiln-baseline-preflight-001.csv#row-125
ANARCHI-TEST-OCC-98DBD5DC2BE1197D,ELIGIBLE,READY_FOR_BASELINE_EXECUTION_PLANNING,kiln-baseline-preflight-001.csv#row-1715
ANARCHI-TEST-OCC-98FB804C919AEB5F,SUPPORT_ONLY,SUPPORT_ARTIFACT_ONLY,kiln-baseline-preflight-001.csv#row-2362
ANARCHI-TEST-OCC-9916823FE2227B2D,REQUIRES_ISOLATION,ISOLATION_TOPOLOGY_REQUIRED,kiln-baseline-preflight-001.csv#row-101
ANARCHI-TEST-OCC-99398E97A9A24514,RUNNER_BLOCKED,RUNNER_RECONCILIATION_REQUIRED,kiln-baseline-preflight-001.csv#row-2264
ANARCHI-TEST-OCC-994CDE56D13CBF98,ELIGIBLE,READY_FOR_BASELINE_EXECUTION_PLANNING,kiln-baseline-preflight-001.csv#row-1131
ANARCHI-TEST-OCC-9954E9C2F9794AB4,ELIGIBLE,READY_FOR_BASELINE_EXECUTION_PLANNING,kiln-baseline-preflight-001.csv#row-2982
ANARCHI-TEST-OCC-9987E2F2D2421434,REQUIRES_ISOLATION,ISOLATION_TOPOLOGY_REQUIRED,kiln-baseline-preflight-001.csv#row-1600
ANARCHI-TEST-OCC-99A103F1038A10C3,RUNNER_BLOCKED,RUNNER_RECONCILIATION_REQUIRED,kiln-baseline-preflight-001.csv#row-74
ANARCHI-TEST-OCC-99A19F8CF4202D29,RUNNER_BLOCKED,RUNNER_RECONCILIATION_REQUIRED,kiln-baseline-preflight-001.csv#row-1425
ANARCHI-TEST-OCC-99AC0CB6C7B47800,ELIGIBLE,READY_FOR_BASELINE_EXECUTION_PLANNING,kiln-baseline-preflight-001.csv#row-2323
ANARCHI-TEST-OCC-99B7539258EFE999,SUPPORT_ONLY,SUPPORT_ARTIFACT_ONLY,kiln-baseline-preflight-001.csv#row-2585
ANARCHI-TEST-OCC-99C6A53791AC618A,ELIGIBLE,READY_FOR_BASELINE_EXECUTION_PLANNING,kiln-baseline-preflight-001.csv#row-803
ANARCHI-TEST-OCC-99D049031FA56F13,REQUIRES_ISOLATION,ISOLATION_TOPOLOGY_REQUIRED,kiln-baseline-preflight-001.csv#row-935
ANARCHI-TEST-OCC-9A032CF22E403668,SUPPORT_ONLY,SUPPORT_ARTIFACT_ONLY,kiln-baseline-preflight-001.csv#row-2751
ANARCHI-TEST-OCC-9A73A86EBAF8DC1C,ELIGIBLE,READY_FOR_BASELINE_EXECUTION_PLANNING,kiln-baseline-preflight-001.csv#row-2020
ANARCHI-TEST-OCC-9A81B91DBF669EAE,RUNNER_BLOCKED,RUNNER_RECONCILIATION_REQUIRED,kiln-baseline-preflight-001.csv#row-3085
ANARCHI-TEST-OCC-9A8A71E5A57C2C70,ELIGIBLE,READY_FOR_BASELINE_EXECUTION_PLANNING,kiln-baseline-preflight-001.csv#row-2861
ANARCHI-TEST-OCC-9AE74E69E6EE90C1,ELIGIBLE,READY_FOR_BASELINE_EXECUTION_PLANNING,kiln-baseline-preflight-001.csv#row-1757
ANARCHI-TEST-OCC-9AE865A230279FCF,ELIGIBLE,READY_FOR_BASELINE_EXECUTION_PLANNING,kiln-baseline-preflight-001.csv#row-22
ANARCHI-TEST-OCC-9AF186799BD70AF5,ELIGIBLE,READY_FOR_BASELINE_EXECUTION_PLANNING,kiln-baseline-preflight-001.csv#row-508
ANARCHI-TEST-OCC-9AF5FBE2DD2BF0ED,ELIGIBLE,READY_FOR_BASELINE_EXECUTION_PLANNING,kiln-baseline-preflight-001.csv#row-5
ANARCHI-TEST-OCC-9B026FA4A0A462E6,RUNNER_BLOCKED,RUNNER_RECONCILIATION_REQUIRED,kiln-baseline-preflight-001.csv#row-1248
ANARCHI-TEST-OCC-9B2691D2C4096D9C,ELIGIBLE,READY_FOR_BASELINE_EXECUTION_PLANNING,kiln-baseline-preflight-001.csv#row-1173
ANARCHI-TEST-OCC-9B270630E038B76A,SUPPORT_ONLY,SUPPORT_ARTIFACT_ONLY,kiln-baseline-preflight-001.csv#row-2675
ANARCHI-TEST-OCC-9B5F94C1989D06D9,RUNNER_BLOCKED,RUNNER_RECONCILIATION_REQUIRED,kiln-baseline-preflight-001.csv#row-1751
ANARCHI-TEST-OCC-9B9EEACB060738FC,RUNNER_BLOCKED,RUNNER_RECONCILIATION_REQUIRED,kiln-baseline-preflight-001.csv#row-1903
ANARCHI-TEST-OCC-9BDBFA880CD7A485,RUNNER_BLOCKED,RUNNER_RECONCILIATION_REQUIRED,kiln-baseline-preflight-001.csv#row-112
ANARCHI-TEST-OCC-9BF931D2940E590A,REQUIRES_ISOLATION,ISOLATION_TOPOLOGY_REQUIRED,kiln-baseline-preflight-001.csv#row-2239
ANARCHI-TEST-OCC-9C10549F7DEF5D97,ELIGIBLE,READY_FOR_BASELINE_EXECUTION_PLANNING,kiln-baseline-preflight-001.csv#row-1236
ANARCHI-TEST-OCC-9C459DBF027A81E6,ELIGIBLE,READY_FOR_BASELINE_EXECUTION_PLANNING,kiln-baseline-preflight-001.csv#row-1449
ANARCHI-TEST-OCC-9C524E71E71A0E5A,REQUIRES_ISOLATION,ISOLATION_TOPOLOGY_REQUIRED,kiln-baseline-preflight-001.csv#row-1413
ANARCHI-TEST-OCC-9C565F403955F8E6,REQUIRES_SANDBOX,SANDBOX_TOPOLOGY_REQUIRED,kiln-baseline-preflight-001.csv#row-2666
ANARCHI-TEST-OCC-9C6CFDBB32D9C6AD,ELIGIBLE,READY_FOR_BASELINE_EXECUTION_PLANNING,kiln-baseline-preflight-001.csv#row-1187
ANARCHI-TEST-OCC-9C7BF8C89CC59F3E,SUPPORT_ONLY,SUPPORT_ARTIFACT_ONLY,kiln-baseline-preflight-001.csv#row-1053
ANARCHI-TEST-OCC-9C8AF9727B9ECC6D,ELIGIBLE,READY_FOR_BASELINE_EXECUTION_PLANNING,kiln-baseline-preflight-001.csv#row-2289
ANARCHI-TEST-OCC-9CB2CFDA2A4ECA4B,ELIGIBLE,READY_FOR_BASELINE_EXECUTION_PLANNING,kiln-baseline-preflight-001.csv#row-2510
ANARCHI-TEST-OCC-9CD2F23195A61DCC,REQUIRES_SANDBOX,SANDBOX_TOPOLOGY_REQUIRED,kiln-baseline-preflight-001.csv#row-686
ANARCHI-TEST-OCC-9CE142BE11323460,REQUIRES_ISOLATION,ISOLATION_TOPOLOGY_REQUIRED,kiln-baseline-preflight-001.csv#row-1194
ANARCHI-TEST-OCC-9CF186911153C71A,REQUIRES_ISOLATION,ISOLATION_TOPOLOGY_REQUIRED,kiln-baseline-preflight-001.csv#row-696
ANARCHI-TEST-OCC-9D01A44F13363C14,REQUIRES_ISOLATION,READY_BUT_DIRTY_REPOSITORY,kiln-baseline-preflight-001.csv#row-2150
ANARCHI-TEST-OCC-9D0F74342D4834C2,RUNNER_BLOCKED,RUNNER_RECONCILIATION_REQUIRED,kiln-baseline-preflight-001.csv#row-2941
ANARCHI-TEST-OCC-9D14E7AF77CEB0D6,ELIGIBLE,READY_FOR_BASELINE_EXECUTION_PLANNING,kiln-baseline-preflight-001.csv#row-1803
ANARCHI-TEST-OCC-9D21C0975D1E49F1,REQUIRES_ISOLATION,ISOLATION_TOPOLOGY_REQUIRED,kiln-baseline-preflight-001.csv#row-2482
ANARCHI-TEST-OCC-9D2B601D2FF5B268,REQUIRES_ISOLATION,READY_BUT_DIRTY_REPOSITORY,kiln-baseline-preflight-001.csv#row-2842
ANARCHI-TEST-OCC-9D323A725C0597FB,ELIGIBLE,READY_FOR_BASELINE_EXECUTION_PLANNING,kiln-baseline-preflight-001.csv#row-3153
ANARCHI-TEST-OCC-9D376D4484A396F3,ELIGIBLE,READY_FOR_BASELINE_EXECUTION_PLANNING,kiln-baseline-preflight-001.csv#row-2481
ANARCHI-TEST-OCC-9D44424AC8F94146,RUNNER_BLOCKED,RUNNER_RECONCILIATION_REQUIRED,kiln-baseline-preflight-001.csv#row-223
ANARCHI-TEST-OCC-9D4FE9D506DB48AD,ELIGIBLE,READY_FOR_BASELINE_EXECUTION_PLANNING,kiln-baseline-preflight-001.csv#row-222
ANARCHI-TEST-OCC-9D6C1BA714AD5AF7,ELIGIBLE,READY_FOR_BASELINE_EXECUTION_PLANNING,kiln-baseline-preflight-001.csv#row-791
ANARCHI-TEST-OCC-9D7EC9D78092F6BB,REQUIRES_ISOLATION,ISOLATION_TOPOLOGY_REQUIRED,kiln-baseline-preflight-001.csv#row-449
ANARCHI-TEST-OCC-9DA0EC19C4E09696,ELIGIBLE,READY_FOR_BASELINE_EXECUTION_PLANNING,kiln-baseline-preflight-001.csv#row-2477
ANARCHI-TEST-OCC-9DA5A4F6DA709992,REQUIRES_ISOLATION,ISOLATION_TOPOLOGY_REQUIRED,kiln-baseline-preflight-001.csv#row-221
ANARCHI-TEST-OCC-9DB4A87E7EEB60C3,ELIGIBLE,READY_FOR_BASELINE_EXECUTION_PLANNING,kiln-baseline-preflight-001.csv#row-2710
ANARCHI-TEST-OCC-9DDD150028C3A3DE,ELIGIBLE,READY_FOR_BASELINE_EXECUTION_PLANNING,kiln-baseline-preflight-001.csv#row-3058
ANARCHI-TEST-OCC-9DEF57CCC8E402CC,ELIGIBLE,READY_FOR_BASELINE_EXECUTION_PLANNING,kiln-baseline-preflight-001.csv#row-1430
ANARCHI-TEST-OCC-9DF1D90EE7AED5E1,SUPPORT_ONLY,SUPPORT_ARTIFACT_ONLY,kiln-baseline-preflight-001.csv#row-1428
ANARCHI-TEST-OCC-9E13DF6E62FE4EEF,ELIGIBLE,READY_FOR_BASELINE_EXECUTION_PLANNING,kiln-baseline-preflight-001.csv#row-1036
ANARCHI-TEST-OCC-9E1F614B37E3993A,ELIGIBLE,READY_FOR_BASELINE_EXECUTION_PLANNING,kiln-baseline-preflight-001.csv#row-1095
ANARCHI-TEST-OCC-9E2464F3AE2A4D2D,ELIGIBLE,READY_FOR_BASELINE_EXECUTION_PLANNING,kiln-baseline-preflight-001.csv#row-3152
ANARCHI-TEST-OCC-9E351293ADD75F3F,ELIGIBLE,READY_FOR_BASELINE_EXECUTION_PLANNING,kiln-baseline-preflight-001.csv#row-430
ANARCHI-TEST-OCC-9E512D399F8DC081,ELIGIBLE,READY_FOR_BASELINE_EXECUTION_PLANNING,kiln-baseline-preflight-001.csv#row-1575
ANARCHI-TEST-OCC-9E762242F130E244,ELIGIBLE,READY_FOR_BASELINE_EXECUTION_PLANNING,kiln-baseline-preflight-001.csv#row-1686
ANARCHI-TEST-OCC-9E94FE4CC059FA09,ELIGIBLE,READY_FOR_BASELINE_EXECUTION_PLANNING,kiln-baseline-preflight-001.csv#row-2256
ANARCHI-TEST-OCC-9E985F061C0D1881,ELIGIBLE,READY_FOR_BASELINE_EXECUTION_PLANNING,kiln-baseline-preflight-001.csv#row-3258
ANARCHI-TEST-OCC-9E9B63A4BD649C1A,RUNNER_BLOCKED,RUNNER_RECONCILIATION_REQUIRED,kiln-baseline-preflight-001.csv#row-1044
ANARCHI-TEST-OCC-9EADF476A4EEA3AD,ELIGIBLE,READY_FOR_BASELINE_EXECUTION_PLANNING,kiln-baseline-preflight-001.csv#row-515
ANARCHI-TEST-OCC-9EB09E1945C88F29,RUNNER_BLOCKED,RUNNER_RECONCILIATION_REQUIRED,kiln-baseline-preflight-001.csv#row-1921
ANARCHI-TEST-OCC-9ED0B482F569FB1F,SUPPORT_ONLY,SUPPORT_ARTIFACT_ONLY,kiln-baseline-preflight-001.csv#row-3238
ANARCHI-TEST-OCC-9EDC8B16A3E43507,REQUIRES_SANDBOX,SANDBOX_TOPOLOGY_REQUIRED,kiln-baseline-preflight-001.csv#row-772
ANARCHI-TEST-OCC-9F23E3E4FD1EA479,SUPPORT_ONLY,SUPPORT_ARTIFACT_ONLY,kiln-baseline-preflight-001.csv#row-12
ANARCHI-TEST-OCC-9F4E8265935EBBF7,ELIGIBLE,READY_FOR_BASELINE_EXECUTION_PLANNING,kiln-baseline-preflight-001.csv#row-3047
ANARCHI-TEST-OCC-9F4F07A81A86C1E9,ELIGIBLE,READY_FOR_BASELINE_EXECUTION_PLANNING,kiln-baseline-preflight-001.csv#row-1181
ANARCHI-TEST-OCC-9F79FD4DEC51A4D3,ELIGIBLE,READY_FOR_BASELINE_EXECUTION_PLANNING,kiln-baseline-preflight-001.csv#row-1752
ANARCHI-TEST-OCC-9F83334264492F10,ELIGIBLE,READY_FOR_BASELINE_EXECUTION_PLANNING,kiln-baseline-preflight-001.csv#row-1088
ANARCHI-TEST-OCC-9F853D155FC9F5B3,ELIGIBLE,READY_FOR_BASELINE_EXECUTION_PLANNING,kiln-baseline-preflight-001.csv#row-794
ANARCHI-TEST-OCC-9F8D263B432F14C5,ELIGIBLE,READY_FOR_BASELINE_EXECUTION_PLANNING,kiln-baseline-preflight-001.csv#row-3036
ANARCHI-TEST-OCC-9FAA9AC6F3B9E722,ELIGIBLE,READY_FOR_BASELINE_EXECUTION_PLANNING,kiln-baseline-preflight-001.csv#row-526
ANARCHI-TEST-OCC-9FBD5CD9D4BA8C3E,ELIGIBLE,READY_FOR_BASELINE_EXECUTION_PLANNING,kiln-baseline-preflight-001.csv#row-818
ANARCHI-TEST-OCC-9FC51E3CFDD397D8,ELIGIBLE,READY_FOR_BASELINE_EXECUTION_PLANNING,kiln-baseline-preflight-001.csv#row-2967
ANARCHI-TEST-OCC-9FCC58822BD38094,SUPPORT_ONLY,SUPPORT_ARTIFACT_ONLY,kiln-baseline-preflight-001.csv#row-475
ANARCHI-TEST-OCC-9FE64F5133EB2D60,RUNNER_BLOCKED,RUNNER_RECONCILIATION_REQUIRED,kiln-baseline-preflight-001.csv#row-2952
ANARCHI-TEST-OCC-A00B609560F14DE4,ELIGIBLE,READY_FOR_BASELINE_EXECUTION_PLANNING,kiln-baseline-preflight-001.csv#row-2526
ANARCHI-TEST-OCC-A01A9C179E6CF74E,ELIGIBLE,READY_FOR_BASELINE_EXECUTION_PLANNING,kiln-baseline-preflight-001.csv#row-1767
ANARCHI-TEST-OCC-A057745368DB9A1B,SUPPORT_ONLY,SUPPORT_ARTIFACT_ONLY,kiln-baseline-preflight-001.csv#row-76
ANARCHI-TEST-OCC-A05A7AEADE772425,REQUIRES_ISOLATION,ISOLATION_TOPOLOGY_REQUIRED,kiln-baseline-preflight-001.csv#row-2839
ANARCHI-TEST-OCC-A0663D1A1D18AB42,SUPPORT_ONLY,SUPPORT_ARTIFACT_ONLY,kiln-baseline-preflight-001.csv#row-2059
ANARCHI-TEST-OCC-A067B6AA33B93A32,ELIGIBLE,READY_FOR_BASELINE_EXECUTION_PLANNING,kiln-baseline-preflight-001.csv#row-363
ANARCHI-TEST-OCC-A075DC796E794987,RUNNER_BLOCKED,RUNNER_RECONCILIATION_REQUIRED,kiln-baseline-preflight-001.csv#row-2985
ANARCHI-TEST-OCC-A0824342CFA4AA0C,REQUIRES_ISOLATION,ISOLATION_TOPOLOGY_REQUIRED,kiln-baseline-preflight-001.csv#row-3080
ANARCHI-TEST-OCC-A08ED9A21B34C24E,ELIGIBLE,READY_FOR_BASELINE_EXECUTION_PLANNING,kiln-baseline-preflight-001.csv#row-842
ANARCHI-TEST-OCC-A09D7D3C0C9FC55B,ELIGIBLE,READY_FOR_BASELINE_EXECUTION_PLANNING,kiln-baseline-preflight-001.csv#row-2430
ANARCHI-TEST-OCC-A0B27FCDD873AC66,SUPPORT_ONLY,SUPPORT_ARTIFACT_ONLY,kiln-baseline-preflight-001.csv#row-1808
ANARCHI-TEST-OCC-A0E508FBCFD53AC3,ELIGIBLE,READY_FOR_BASELINE_EXECUTION_PLANNING,kiln-baseline-preflight-001.csv#row-2963
ANARCHI-TEST-OCC-A0F32AE687800054,ELIGIBLE,READY_FOR_BASELINE_EXECUTION_PLANNING,kiln-baseline-preflight-001.csv#row-944
ANARCHI-TEST-OCC-A106932E5CAAA219,ELIGIBLE,READY_FOR_BASELINE_EXECUTION_PLANNING,kiln-baseline-preflight-001.csv#row-2300
ANARCHI-TEST-OCC-A113171E9164CA97,REQUIRES_ISOLATION,ISOLATION_TOPOLOGY_REQUIRED,kiln-baseline-preflight-001.csv#row-1417
ANARCHI-TEST-OCC-A117A8AB021F70A9,REQUIRES_ISOLATION,ISOLATION_TOPOLOGY_REQUIRED,kiln-baseline-preflight-001.csv#row-3097
ANARCHI-TEST-OCC-A11A5DBE598B0332,ELIGIBLE,READY_FOR_BASELINE_EXECUTION_PLANNING,kiln-baseline-preflight-001.csv#row-240
ANARCHI-TEST-OCC-A120034A4124B51C,REQUIRES_ISOLATION,ISOLATION_TOPOLOGY_REQUIRED,kiln-baseline-preflight-001.csv#row-3118
ANARCHI-TEST-OCC-A1262A656C18B19C,REQUIRES_SANDBOX,SANDBOX_TOPOLOGY_REQUIRED,kiln-baseline-preflight-001.csv#row-2434
ANARCHI-TEST-OCC-A12D23AC62556768,RUNNER_BLOCKED,RUNNER_RECONCILIATION_REQUIRED,kiln-baseline-preflight-001.csv#row-159
ANARCHI-TEST-OCC-A14B5BD94988979D,SUPPORT_ONLY,SUPPORT_ARTIFACT_ONLY,kiln-baseline-preflight-001.csv#row-3007
ANARCHI-TEST-OCC-A15E73011BD06B46,REQUIRES_ISOLATION,ISOLATION_TOPOLOGY_REQUIRED,kiln-baseline-preflight-001.csv#row-1405
ANARCHI-TEST-OCC-A1601440E9B6B653,REQUIRES_ISOLATION,ISOLATION_TOPOLOGY_REQUIRED,kiln-baseline-preflight-001.csv#row-372
ANARCHI-TEST-OCC-A1696B5AC2EAFCAC,SUPPORT_ONLY,SUPPORT_ARTIFACT_ONLY,kiln-baseline-preflight-001.csv#row-3063
ANARCHI-TEST-OCC-A1766B0986060AA6,RUNNER_BLOCKED,RUNNER_RECONCILIATION_REQUIRED,kiln-baseline-preflight-001.csv#row-766
ANARCHI-TEST-OCC-A1773431C5334318,RUNNER_BLOCKED,RUNNER_RECONCILIATION_REQUIRED,kiln-baseline-preflight-001.csv#row-145
ANARCHI-TEST-OCC-A17A944D4F6D4DBB,REQUIRES_ISOLATION,READY_BUT_DIRTY_REPOSITORY,kiln-baseline-preflight-001.csv#row-1513
ANARCHI-TEST-OCC-A19D0673D86B9DBC,REQUIRES_ISOLATION,ISOLATION_TOPOLOGY_REQUIRED,kiln-baseline-preflight-001.csv#row-483
ANARCHI-TEST-OCC-A1C0D35A5257C6CE,ELIGIBLE,READY_FOR_BASELINE_EXECUTION_PLANNING,kiln-baseline-preflight-001.csv#row-1124
ANARCHI-TEST-OCC-A1F1180292AD9E8C,REQUIRES_ISOLATION,ISOLATION_TOPOLOGY_REQUIRED,kiln-baseline-preflight-001.csv#row-668
ANARCHI-TEST-OCC-A2083B5F765329CC,ELIGIBLE,READY_FOR_BASELINE_EXECUTION_PLANNING,kiln-baseline-preflight-001.csv#row-1736
ANARCHI-TEST-OCC-A2269D9CC66955F7,RUNNER_BLOCKED,RUNNER_RECONCILIATION_REQUIRED,kiln-baseline-preflight-001.csv#row-3257
ANARCHI-TEST-OCC-A23F730FEEED675E,REQUIRES_ISOLATION,ISOLATION_TOPOLOGY_REQUIRED,kiln-baseline-preflight-001.csv#row-1872
ANARCHI-TEST-OCC-A25EB52078027CC5,ELIGIBLE,READY_FOR_BASELINE_EXECUTION_PLANNING,kiln-baseline-preflight-001.csv#row-1366
ANARCHI-TEST-OCC-A260FD3EA233F3B3,ELIGIBLE,READY_FOR_BASELINE_EXECUTION_PLANNING,kiln-baseline-preflight-001.csv#row-1630
ANARCHI-TEST-OCC-A279BBB7B07F3D04,RUNNER_BLOCKED,RUNNER_RECONCILIATION_REQUIRED,kiln-baseline-preflight-001.csv#row-845
ANARCHI-TEST-OCC-A2A2DF48B235548B,REQUIRES_ISOLATION,ISOLATION_TOPOLOGY_REQUIRED,kiln-baseline-preflight-001.csv#row-2101
ANARCHI-TEST-OCC-A2B17EAA2AA07F51,SUPPORT_ONLY,SUPPORT_ARTIFACT_ONLY,kiln-baseline-preflight-001.csv#row-2532
ANARCHI-TEST-OCC-A2B81E798CED6A97,RUNNER_BLOCKED,RUNNER_RECONCILIATION_REQUIRED,kiln-baseline-preflight-001.csv#row-1969
ANARCHI-TEST-OCC-A2BC34FB28E08185,REQUIRES_ISOLATION,ISOLATION_TOPOLOGY_REQUIRED,kiln-baseline-preflight-001.csv#row-1079
ANARCHI-TEST-OCC-A2C449D1B9DF388A,RUNNER_BLOCKED,RUNNER_RECONCILIATION_REQUIRED,kiln-baseline-preflight-001.csv#row-1599
ANARCHI-TEST-OCC-A2D3BD271190CF14,REQUIRES_ISOLATION,ISOLATION_TOPOLOGY_REQUIRED,kiln-baseline-preflight-001.csv#row-2210
ANARCHI-TEST-OCC-A2DDBC3B98685389,REQUIRES_SANDBOX,SANDBOX_TOPOLOGY_REQUIRED,kiln-baseline-preflight-001.csv#row-1387
ANARCHI-TEST-OCC-A2DFD79B2B7230A4,ELIGIBLE,READY_FOR_BASELINE_EXECUTION_PLANNING,kiln-baseline-preflight-001.csv#row-371
ANARCHI-TEST-OCC-A2EE5362A96136FD,RUNNER_BLOCKED,RUNNER_RECONCILIATION_REQUIRED,kiln-baseline-preflight-001.csv#row-550
ANARCHI-TEST-OCC-A3072DEF962D5B94,ELIGIBLE,READY_FOR_BASELINE_EXECUTION_PLANNING,kiln-baseline-preflight-001.csv#row-3176
ANARCHI-TEST-OCC-A31F7E11F28FC9D1,SUPPORT_ONLY,SUPPORT_ARTIFACT_ONLY,kiln-baseline-preflight-001.csv#row-2291
ANARCHI-TEST-OCC-A343A2E765FC9A51,ELIGIBLE,READY_FOR_BASELINE_EXECUTION_PLANNING,kiln-baseline-preflight-001.csv#row-2250
ANARCHI-TEST-OCC-A3459D9984257B7B,RUNNER_BLOCKED,RUNNER_RECONCILIATION_REQUIRED,kiln-baseline-preflight-001.csv#row-2199
ANARCHI-TEST-OCC-A34B0D1FF9F1B2FA,REQUIRES_ISOLATION,ISOLATION_TOPOLOGY_REQUIRED,kiln-baseline-preflight-001.csv#row-459
ANARCHI-TEST-OCC-A34B7F9CDBB8F4AD,ELIGIBLE,READY_FOR_BASELINE_EXECUTION_PLANNING,kiln-baseline-preflight-001.csv#row-2124
ANARCHI-TEST-OCC-A34E13C5D883BC2A,SUPPORT_ONLY,SUPPORT_ARTIFACT_ONLY,kiln-baseline-preflight-001.csv#row-427
ANARCHI-TEST-OCC-A35B944F487D512D,ELIGIBLE,READY_FOR_BASELINE_EXECUTION_PLANNING,kiln-baseline-preflight-001.csv#row-666
ANARCHI-TEST-OCC-A36CFF2CE591EF61,ELIGIBLE,READY_FOR_BASELINE_EXECUTION_PLANNING,kiln-baseline-preflight-001.csv#row-2847
ANARCHI-TEST-OCC-A37E9763B6B62851,ELIGIBLE,READY_FOR_BASELINE_EXECUTION_PLANNING,kiln-baseline-preflight-001.csv#row-2574
ANARCHI-TEST-OCC-A3A0DD17C1D74B93,ELIGIBLE,READY_FOR_BASELINE_EXECUTION_PLANNING,kiln-baseline-preflight-001.csv#row-1294
ANARCHI-TEST-OCC-A3A4ABF97C7F15FA,REQUIRES_ISOLATION,ISOLATION_TOPOLOGY_REQUIRED,kiln-baseline-preflight-001.csv#row-2942
ANARCHI-TEST-OCC-A3A71991B24E3647,SUPPORT_ONLY,SUPPORT_ARTIFACT_ONLY,kiln-baseline-preflight-001.csv#row-757
ANARCHI-TEST-OCC-A3B19B7C6F72375B,RUNNER_BLOCKED,RUNNER_RECONCILIATION_REQUIRED,kiln-baseline-preflight-001.csv#row-1763
ANARCHI-TEST-OCC-A3D1A72384BA0FD0,ELIGIBLE,READY_FOR_BASELINE_EXECUTION_PLANNING,kiln-baseline-preflight-001.csv#row-3054
ANARCHI-TEST-OCC-A3DE337F824412E4,REQUIRES_ISOLATION,ISOLATION_TOPOLOGY_REQUIRED,kiln-baseline-preflight-001.csv#row-1505
ANARCHI-TEST-OCC-A3E4F06E3B824857,ELIGIBLE,READY_FOR_BASELINE_EXECUTION_PLANNING,kiln-baseline-preflight-001.csv#row-893
ANARCHI-TEST-OCC-A3EEDFF86461F206,ELIGIBLE,READY_FOR_BASELINE_EXECUTION_PLANNING,kiln-baseline-preflight-001.csv#row-1322
ANARCHI-TEST-OCC-A3FE00A58C358ABE,RUNNER_BLOCKED,RUNNER_RECONCILIATION_REQUIRED,kiln-baseline-preflight-001.csv#row-1218
ANARCHI-TEST-OCC-A4240A23B7325EC0,REQUIRES_ISOLATION,READY_BUT_DIRTY_REPOSITORY,kiln-baseline-preflight-001.csv#row-2034
ANARCHI-TEST-OCC-A44CC3EE2725EDAA,ELIGIBLE,READY_FOR_BASELINE_EXECUTION_PLANNING,kiln-baseline-preflight-001.csv#row-1553
ANARCHI-TEST-OCC-A459DF87061E31C7,ELIGIBLE,READY_FOR_BASELINE_EXECUTION_PLANNING,kiln-baseline-preflight-001.csv#row-113
ANARCHI-TEST-OCC-A470BC0A41E698D5,ELIGIBLE,READY_FOR_BASELINE_EXECUTION_PLANNING,kiln-baseline-preflight-001.csv#row-1737
ANARCHI-TEST-OCC-A4A1E29A4D07FB99,RUNNER_BLOCKED,RUNNER_RECONCILIATION_REQUIRED,kiln-baseline-preflight-001.csv#row-1222
ANARCHI-TEST-OCC-A514EBFA766C2A57,ELIGIBLE,READY_FOR_BASELINE_EXECUTION_PLANNING,kiln-baseline-preflight-001.csv#row-2612
ANARCHI-TEST-OCC-A52153E56639CC52,REQUIRES_SANDBOX,SANDBOX_TOPOLOGY_REQUIRED,kiln-baseline-preflight-001.csv#row-1741
ANARCHI-TEST-OCC-A523D4D14CBC9FDA,REQUIRES_ISOLATION,ISOLATION_TOPOLOGY_REQUIRED,kiln-baseline-preflight-001.csv#row-429
ANARCHI-TEST-OCC-A52C8BAD20261602,ELIGIBLE,READY_FOR_BASELINE_EXECUTION_PLANNING,kiln-baseline-preflight-001.csv#row-196
ANARCHI-TEST-OCC-A52EDDFEE90898E2,REQUIRES_ISOLATION,ISOLATION_TOPOLOGY_REQUIRED,kiln-baseline-preflight-001.csv#row-137
ANARCHI-TEST-OCC-A538459F9954F2B6,SUPPORT_ONLY,SUPPORT_ARTIFACT_ONLY,kiln-baseline-preflight-001.csv#row-529
ANARCHI-TEST-OCC-A53F29FD04F07918,ELIGIBLE,READY_FOR_BASELINE_EXECUTION_PLANNING,kiln-baseline-preflight-001.csv#row-2572
ANARCHI-TEST-OCC-A54422499697A13C,SUPPORT_ONLY,SUPPORT_ARTIFACT_ONLY,kiln-baseline-preflight-001.csv#row-3128
ANARCHI-TEST-OCC-A557F8ED0C683D0C,ELIGIBLE,READY_FOR_BASELINE_EXECUTION_PLANNING,kiln-baseline-preflight-001.csv#row-605
ANARCHI-TEST-OCC-A55BB85DDE3CE2FF,ELIGIBLE,READY_FOR_BASELINE_EXECUTION_PLANNING,kiln-baseline-preflight-001.csv#row-2779
ANARCHI-TEST-OCC-A55D48EADAAA5C97,REQUIRES_ISOLATION,ISOLATION_TOPOLOGY_REQUIRED,kiln-baseline-preflight-001.csv#row-753
ANARCHI-TEST-OCC-A5623AC2C8C2ECA6,RUNNER_BLOCKED,RUNNER_RECONCILIATION_REQUIRED,kiln-baseline-preflight-001.csv#row-3019
ANARCHI-TEST-OCC-A5638D53860A4420,RUNNER_BLOCKED,RUNNER_RECONCILIATION_REQUIRED,kiln-baseline-preflight-001.csv#row-280
ANARCHI-TEST-OCC-A58B2DD399589A0A,RUNNER_BLOCKED,RUNNER_RECONCILIATION_REQUIRED,kiln-baseline-preflight-001.csv#row-1434
ANARCHI-TEST-OCC-A58BE3654DB01833,ELIGIBLE,READY_FOR_BASELINE_EXECUTION_PLANNING,kiln-baseline-preflight-001.csv#row-1971
ANARCHI-TEST-OCC-A5B69617ACAE2BC5,ELIGIBLE,READY_FOR_BASELINE_EXECUTION_PLANNING,kiln-baseline-preflight-001.csv#row-2721
ANARCHI-TEST-OCC-A5D4278D9D72B47E,SUPPORT_ONLY,SUPPORT_ARTIFACT_ONLY,kiln-baseline-preflight-001.csv#row-2284
ANARCHI-TEST-OCC-A5D8EB196F428E0E,ELIGIBLE,READY_FOR_BASELINE_EXECUTION_PLANNING,kiln-baseline-preflight-001.csv#row-166
ANARCHI-TEST-OCC-A61C7C13A4FD12C6,ELIGIBLE,READY_FOR_BASELINE_EXECUTION_PLANNING,kiln-baseline-preflight-001.csv#row-1577
ANARCHI-TEST-OCC-A62601A8A7075326,ELIGIBLE,READY_FOR_BASELINE_EXECUTION_PLANNING,kiln-baseline-preflight-001.csv#row-462
ANARCHI-TEST-OCC-A628256443086138,ELIGIBLE,READY_FOR_BASELINE_EXECUTION_PLANNING,kiln-baseline-preflight-001.csv#row-633
ANARCHI-TEST-OCC-A635E1E1FBD61E2F,REQUIRES_ISOLATION,READY_BUT_DIRTY_REPOSITORY,kiln-baseline-preflight-001.csv#row-2412
ANARCHI-TEST-OCC-A637B75D111F9F31,ELIGIBLE,READY_FOR_BASELINE_EXECUTION_PLANNING,kiln-baseline-preflight-001.csv#row-1407
ANARCHI-TEST-OCC-A639AB597FDC4531,REQUIRES_ISOLATION,ISOLATION_TOPOLOGY_REQUIRED,kiln-baseline-preflight-001.csv#row-806
ANARCHI-TEST-OCC-A657623820814961,RUNNER_BLOCKED,RUNNER_RECONCILIATION_REQUIRED,kiln-baseline-preflight-001.csv#row-1290
ANARCHI-TEST-OCC-A65ABAD42EE192C1,ELIGIBLE,READY_FOR_BASELINE_EXECUTION_PLANNING,kiln-baseline-preflight-001.csv#row-1919
ANARCHI-TEST-OCC-A66D17C22340E6B2,SUPPORT_ONLY,SUPPORT_ARTIFACT_ONLY,kiln-baseline-preflight-001.csv#row-2852
ANARCHI-TEST-OCC-A68454AA273B01B4,ELIGIBLE,READY_FOR_BASELINE_EXECUTION_PLANNING,kiln-baseline-preflight-001.csv#row-1041
ANARCHI-TEST-OCC-A6AC26006EC259B8,RUNNER_BLOCKED,RUNNER_RECONCILIATION_REQUIRED,kiln-baseline-preflight-001.csv#row-116
ANARCHI-TEST-OCC-A6F7A89A7765364F,RUNNER_BLOCKED,RUNNER_RECONCILIATION_REQUIRED,kiln-baseline-preflight-001.csv#row-995
ANARCHI-TEST-OCC-A7012B48E00AFEE8,ELIGIBLE,READY_FOR_BASELINE_EXECUTION_PLANNING,kiln-baseline-preflight-001.csv#row-2921
ANARCHI-TEST-OCC-A70D3A098CAA379E,REQUIRES_ISOLATION,ISOLATION_TOPOLOGY_REQUIRED,kiln-baseline-preflight-001.csv#row-3108
ANARCHI-TEST-OCC-A72AE6FDCC51CC32,ELIGIBLE,READY_FOR_BASELINE_EXECUTION_PLANNING,kiln-baseline-preflight-001.csv#row-1945
ANARCHI-TEST-OCC-A733141B1AD0653F,ELIGIBLE,READY_FOR_BASELINE_EXECUTION_PLANNING,kiln-baseline-preflight-001.csv#row-2725
ANARCHI-TEST-OCC-A73E04712E907BD8,ELIGIBLE,READY_FOR_BASELINE_EXECUTION_PLANNING,kiln-baseline-preflight-001.csv#row-552
ANARCHI-TEST-OCC-A74C2D1AF60C47DE,SUPPORT_ONLY,SUPPORT_ARTIFACT_ONLY,kiln-baseline-preflight-001.csv#row-1281
ANARCHI-TEST-OCC-A75E741761DA4285,REQUIRES_ISOLATION,ISOLATION_TOPOLOGY_REQUIRED,kiln-baseline-preflight-001.csv#row-1147
ANARCHI-TEST-OCC-A75FC9B12D5BF358,RUNNER_BLOCKED,RUNNER_RECONCILIATION_REQUIRED,kiln-baseline-preflight-001.csv#row-1004
ANARCHI-TEST-OCC-A77310D8FC577DE9,ELIGIBLE,READY_FOR_BASELINE_EXECUTION_PLANNING,kiln-baseline-preflight-001.csv#row-85
ANARCHI-TEST-OCC-A782391516AA1EFB,ELIGIBLE,READY_FOR_BASELINE_EXECUTION_PLANNING,kiln-baseline-preflight-001.csv#row-958
ANARCHI-TEST-OCC-A788D5249A293EDF,ELIGIBLE,READY_FOR_BASELINE_EXECUTION_PLANNING,kiln-baseline-preflight-001.csv#row-1359
ANARCHI-TEST-OCC-A799CC3D91E63AF9,ELIGIBLE,READY_FOR_BASELINE_EXECUTION_PLANNING,kiln-baseline-preflight-001.csv#row-1761
ANARCHI-TEST-OCC-A79F5D70B363D600,REQUIRES_ISOLATION,ISOLATION_TOPOLOGY_REQUIRED,kiln-baseline-preflight-001.csv#row-67
ANARCHI-TEST-OCC-A7B1F9891086CCF2,ELIGIBLE,READY_FOR_BASELINE_EXECUTION_PLANNING,kiln-baseline-preflight-001.csv#row-1772
ANARCHI-TEST-OCC-A7BA9080DDD5820D,REQUIRES_ISOLATION,ISOLATION_TOPOLOGY_REQUIRED,kiln-baseline-preflight-001.csv#row-2838
ANARCHI-TEST-OCC-A7C513EDC86E20EE,REQUIRES_ISOLATION,ISOLATION_TOPOLOGY_REQUIRED,kiln-baseline-preflight-001.csv#row-1871
ANARCHI-TEST-OCC-A7D20158BF60B381,ELIGIBLE,READY_FOR_BASELINE_EXECUTION_PLANNING,kiln-baseline-preflight-001.csv#row-2899
ANARCHI-TEST-OCC-A7F27A2A606DE8FF,ELIGIBLE,READY_FOR_BASELINE_EXECUTION_PLANNING,kiln-baseline-preflight-001.csv#row-3145
ANARCHI-TEST-OCC-A7F27AC73F1489D4,REQUIRES_ISOLATION,ISOLATION_TOPOLOGY_REQUIRED,kiln-baseline-preflight-001.csv#row-762
ANARCHI-TEST-OCC-A81252DEAF76054C,REQUIRES_ISOLATION,READY_BUT_DIRTY_REPOSITORY,kiln-baseline-preflight-001.csv#row-285
ANARCHI-TEST-OCC-A81CBEE064800B0D,SUPPORT_ONLY,SUPPORT_ARTIFACT_ONLY,kiln-baseline-preflight-001.csv#row-95
ANARCHI-TEST-OCC-A82AECB7C94D26A1,ELIGIBLE,READY_FOR_BASELINE_EXECUTION_PLANNING,kiln-baseline-preflight-001.csv#row-2437
ANARCHI-TEST-OCC-A843A5652044CD5C,ELIGIBLE,READY_FOR_BASELINE_EXECUTION_PLANNING,kiln-baseline-preflight-001.csv#row-1529
ANARCHI-TEST-OCC-A84CAD24DCECFE8F,RUNNER_BLOCKED,RUNNER_RECONCILIATION_REQUIRED,kiln-baseline-preflight-001.csv#row-1285
ANARCHI-TEST-OCC-A8635162FBAE70ED,SUPPORT_ONLY,SUPPORT_ARTIFACT_ONLY,kiln-baseline-preflight-001.csv#row-2228
ANARCHI-TEST-OCC-A87976EEFCB38645,ELIGIBLE,READY_FOR_BASELINE_EXECUTION_PLANNING,kiln-baseline-preflight-001.csv#row-2488
ANARCHI-TEST-OCC-A8888F3F244FB12E,REQUIRES_ISOLATION,ISOLATION_TOPOLOGY_REQUIRED,kiln-baseline-preflight-001.csv#row-1532
ANARCHI-TEST-OCC-A896DF2AA0C15D07,ELIGIBLE,READY_FOR_BASELINE_EXECUTION_PLANNING,kiln-baseline-preflight-001.csv#row-2100
ANARCHI-TEST-OCC-A8AA613FAD2520EF,RUNNER_BLOCKED,RUNNER_RECONCILIATION_REQUIRED,kiln-baseline-preflight-001.csv#row-1393
ANARCHI-TEST-OCC-A8AB9D54BD8A5FDF,REQUIRES_ISOLATION,ISOLATION_TOPOLOGY_REQUIRED,kiln-baseline-preflight-001.csv#row-32
ANARCHI-TEST-OCC-A8B4BC0B771DC607,ELIGIBLE,READY_FOR_BASELINE_EXECUTION_PLANNING,kiln-baseline-preflight-001.csv#row-2903
ANARCHI-TEST-OCC-A8B529B9A1EED5C5,SUPPORT_ONLY,SUPPORT_ARTIFACT_ONLY,kiln-baseline-preflight-001.csv#row-1225
ANARCHI-TEST-OCC-A8C748250D347699,ELIGIBLE,READY_FOR_BASELINE_EXECUTION_PLANNING,kiln-baseline-preflight-001.csv#row-2442
ANARCHI-TEST-OCC-A8CC4B1D157BB40A,SUPPORT_ONLY,SUPPORT_ARTIFACT_ONLY,kiln-baseline-preflight-001.csv#row-1604
ANARCHI-TEST-OCC-A8E938079031086A,ELIGIBLE,READY_FOR_BASELINE_EXECUTION_PLANNING,kiln-baseline-preflight-001.csv#row-2136
ANARCHI-TEST-OCC-A8EB424069B8E711,RUNNER_BLOCKED,RUNNER_RECONCILIATION_REQUIRED,kiln-baseline-preflight-001.csv#row-1866
ANARCHI-TEST-OCC-A8FCCE0FBC015EC0,SUPPORT_ONLY,SUPPORT_ARTIFACT_ONLY,kiln-baseline-preflight-001.csv#row-2992
ANARCHI-TEST-OCC-A9240E18C7C6F601,REQUIRES_ISOLATION,ISOLATION_TOPOLOGY_REQUIRED,kiln-baseline-preflight-001.csv#row-2263
ANARCHI-TEST-OCC-A928E6AE57763285,REQUIRES_ISOLATION,ISOLATION_TOPOLOGY_REQUIRED,kiln-baseline-preflight-001.csv#row-2891
ANARCHI-TEST-OCC-A92F3708F1C1E31F,REQUIRES_ISOLATION,READY_BUT_DIRTY_REPOSITORY,kiln-baseline-preflight-001.csv#row-4
ANARCHI-TEST-OCC-A939F1BFDDB27FA8,ELIGIBLE,READY_FOR_BASELINE_EXECUTION_PLANNING,kiln-baseline-preflight-001.csv#row-3190
ANARCHI-TEST-OCC-A93C9ADC37B09574,REQUIRES_ISOLATION,ISOLATION_TOPOLOGY_REQUIRED,kiln-baseline-preflight-001.csv#row-2140
ANARCHI-TEST-OCC-A96B3F7514CDC13D,RUNNER_BLOCKED,RUNNER_RECONCILIATION_REQUIRED,kiln-baseline-preflight-001.csv#row-1431
ANARCHI-TEST-OCC-A97D36F1B0117B28,ELIGIBLE,READY_FOR_BASELINE_EXECUTION_PLANNING,kiln-baseline-preflight-001.csv#row-920
ANARCHI-TEST-OCC-A99393D89BF09E74,REQUIRES_ISOLATION,ISOLATION_TOPOLOGY_REQUIRED,kiln-baseline-preflight-001.csv#row-1445
ANARCHI-TEST-OCC-A9AA120450130E4B,REQUIRES_ISOLATION,ISOLATION_TOPOLOGY_REQUIRED,kiln-baseline-preflight-001.csv#row-2704
ANARCHI-TEST-OCC-A9CBDA26A071D2F6,ELIGIBLE,READY_FOR_BASELINE_EXECUTION_PLANNING,kiln-baseline-preflight-001.csv#row-2890
ANARCHI-TEST-OCC-A9CF63A174D271CD,REQUIRES_ISOLATION,ISOLATION_TOPOLOGY_REQUIRED,kiln-baseline-preflight-001.csv#row-2665
ANARCHI-TEST-OCC-A9CF8E78333DC3D0,ELIGIBLE,READY_FOR_BASELINE_EXECUTION_PLANNING,kiln-baseline-preflight-001.csv#row-2347
ANARCHI-TEST-OCC-A9E91BEA435B0118,ELIGIBLE,READY_FOR_BASELINE_EXECUTION_PLANNING,kiln-baseline-preflight-001.csv#row-1887
ANARCHI-TEST-OCC-A9F12C19430209E1,RUNNER_BLOCKED,RUNNER_RECONCILIATION_REQUIRED,kiln-baseline-preflight-001.csv#row-2820
ANARCHI-TEST-OCC-AA05EC088E8393C9,REQUIRES_ISOLATION,ISOLATION_TOPOLOGY_REQUIRED,kiln-baseline-preflight-001.csv#row-1388
ANARCHI-TEST-OCC-AA1796A870CC4F0D,ELIGIBLE,READY_FOR_BASELINE_EXECUTION_PLANNING,kiln-baseline-preflight-001.csv#row-3197
ANARCHI-TEST-OCC-AA245DC1436E2DB9,REQUIRES_ISOLATION,ISOLATION_TOPOLOGY_REQUIRED,kiln-baseline-preflight-001.csv#row-2017
ANARCHI-TEST-OCC-AA66A4A9F50EDAFA,ELIGIBLE,READY_FOR_BASELINE_EXECUTION_PLANNING,kiln-baseline-preflight-001.csv#row-2887
ANARCHI-TEST-OCC-AA7B01305333B64F,ELIGIBLE,READY_FOR_BASELINE_EXECUTION_PLANNING,kiln-baseline-preflight-001.csv#row-75
ANARCHI-TEST-OCC-AAA195377229071C,RUNNER_BLOCKED,RUNNER_RECONCILIATION_REQUIRED,kiln-baseline-preflight-001.csv#row-1329
ANARCHI-TEST-OCC-AAABEF0551D15EC0,ELIGIBLE,READY_FOR_BASELINE_EXECUTION_PLANNING,kiln-baseline-preflight-001.csv#row-2925
ANARCHI-TEST-OCC-AAB178D59934AB5A,REQUIRES_ISOLATION,READY_BUT_DIRTY_REPOSITORY,kiln-baseline-preflight-001.csv#row-870
ANARCHI-TEST-OCC-AAB497CC95452742,REQUIRES_ISOLATION,ISOLATION_TOPOLOGY_REQUIRED,kiln-baseline-preflight-001.csv#row-2086
ANARCHI-TEST-OCC-AAE347A5A0080046,ELIGIBLE,READY_FOR_BASELINE_EXECUTION_PLANNING,kiln-baseline-preflight-001.csv#row-1273
ANARCHI-TEST-OCC-AAFEA4B54942E6F9,REQUIRES_ISOLATION,ISOLATION_TOPOLOGY_REQUIRED,kiln-baseline-preflight-001.csv#row-2079
ANARCHI-TEST-OCC-AB443C9DC583A1B3,RUNNER_BLOCKED,RUNNER_RECONCILIATION_REQUIRED,kiln-baseline-preflight-001.csv#row-1800
ANARCHI-TEST-OCC-AB495A079DBF48F5,ELIGIBLE,READY_FOR_BASELINE_EXECUTION_PLANNING,kiln-baseline-preflight-001.csv#row-1904
ANARCHI-TEST-OCC-AB4AA5286862A824,ELIGIBLE,READY_FOR_BASELINE_EXECUTION_PLANNING,kiln-baseline-preflight-001.csv#row-1456
ANARCHI-TEST-OCC-AB6EC86AFD40AE5A,REQUIRES_ISOLATION,READY_BUT_DIRTY_REPOSITORY,kiln-baseline-preflight-001.csv#row-1242
ANARCHI-TEST-OCC-AB6F89924D364374,ELIGIBLE,READY_FOR_BASELINE_EXECUTION_PLANNING,kiln-baseline-preflight-001.csv#row-1415
ANARCHI-TEST-OCC-AB9BBCBBD66784BA,ELIGIBLE,READY_FOR_BASELINE_EXECUTION_PLANNING,kiln-baseline-preflight-001.csv#row-816
ANARCHI-TEST-OCC-ABD89B6C7A316906,ELIGIBLE,READY_FOR_BASELINE_EXECUTION_PLANNING,kiln-baseline-preflight-001.csv#row-1960
ANARCHI-TEST-OCC-AC04A11447D0B379,ELIGIBLE,READY_FOR_BASELINE_EXECUTION_PLANNING,kiln-baseline-preflight-001.csv#row-65
ANARCHI-TEST-OCC-AC105CD315AA168A,RUNNER_BLOCKED,RUNNER_RECONCILIATION_REQUIRED,kiln-baseline-preflight-001.csv#row-1997
ANARCHI-TEST-OCC-AC1801B8AECC282A,ELIGIBLE,READY_FOR_BASELINE_EXECUTION_PLANNING,kiln-baseline-preflight-001.csv#row-3033
ANARCHI-TEST-OCC-AC1F1BACD396124D,REQUIRES_ISOLATION,ISOLATION_TOPOLOGY_REQUIRED,kiln-baseline-preflight-001.csv#row-237
ANARCHI-TEST-OCC-AC3C77E81D53D103,RUNNER_BLOCKED,RUNNER_RECONCILIATION_REQUIRED,kiln-baseline-preflight-001.csv#row-3280
ANARCHI-TEST-OCC-AC75155FFE5587AB,REQUIRES_ISOLATION,ISOLATION_TOPOLOGY_REQUIRED,kiln-baseline-preflight-001.csv#row-2380
ANARCHI-TEST-OCC-AC783157C106771A,ELIGIBLE,READY_FOR_BASELINE_EXECUTION_PLANNING,kiln-baseline-preflight-001.csv#row-2022
ANARCHI-TEST-OCC-AC78C9099DACAF6D,REQUIRES_ISOLATION,READY_BUT_DIRTY_REPOSITORY,kiln-baseline-preflight-001.csv#row-1410
ANARCHI-TEST-OCC-AC8723ECCE6D1B80,REQUIRES_ISOLATION,READY_BUT_DIRTY_REPOSITORY,kiln-baseline-preflight-001.csv#row-2184
ANARCHI-TEST-OCC-ACA1C97EDE216CA8,ELIGIBLE,READY_FOR_BASELINE_EXECUTION_PLANNING,kiln-baseline-preflight-001.csv#row-861
ANARCHI-TEST-OCC-ACA31AAAF42327C2,REQUIRES_ISOLATION,ISOLATION_TOPOLOGY_REQUIRED,kiln-baseline-preflight-001.csv#row-2684
ANARCHI-TEST-OCC-ACB5E5125DEC3D7B,RUNNER_BLOCKED,RUNNER_RECONCILIATION_REQUIRED,kiln-baseline-preflight-001.csv#row-2457
ANARCHI-TEST-OCC-ACBF447EACAC7921,RUNNER_BLOCKED,RUNNER_RECONCILIATION_REQUIRED,kiln-baseline-preflight-001.csv#row-1374
ANARCHI-TEST-OCC-ACCEB023C70B4221,ELIGIBLE,READY_FOR_BASELINE_EXECUTION_PLANNING,kiln-baseline-preflight-001.csv#row-2452
ANARCHI-TEST-OCC-ACCFC44B1DA93C12,ELIGIBLE,READY_FOR_BASELINE_EXECUTION_PLANNING,kiln-baseline-preflight-001.csv#row-2491
ANARCHI-TEST-OCC-ACE275F1CC688CFB,RUNNER_BLOCKED,RUNNER_RECONCILIATION_REQUIRED,kiln-baseline-preflight-001.csv#row-1955
ANARCHI-TEST-OCC-ACF159D35EB4EA2F,REQUIRES_ISOLATION,READY_BUT_DIRTY_REPOSITORY,kiln-baseline-preflight-001.csv#row-908
ANARCHI-TEST-OCC-ACF62AD36E674C77,SUPPORT_ONLY,SUPPORT_ARTIFACT_ONLY,kiln-baseline-preflight-001.csv#row-2659
ANARCHI-TEST-OCC-AD1D98DC5EDAF2F9,SUPPORT_ONLY,SUPPORT_ARTIFACT_ONLY,kiln-baseline-preflight-001.csv#row-835
ANARCHI-TEST-OCC-AD2823742B2AE640,REQUIRES_ISOLATION,ISOLATION_TOPOLOGY_REQUIRED,kiln-baseline-preflight-001.csv#row-96
ANARCHI-TEST-OCC-AD3428528F048BC4,RUNNER_BLOCKED,RUNNER_RECONCILIATION_REQUIRED,kiln-baseline-preflight-001.csv#row-1797
ANARCHI-TEST-OCC-AD69F6F6EFEB8F97,ELIGIBLE,READY_FOR_BASELINE_EXECUTION_PLANNING,kiln-baseline-preflight-001.csv#row-2454
ANARCHI-TEST-OCC-AD738FCBBC8270F0,ELIGIBLE,READY_FOR_BASELINE_EXECUTION_PLANNING,kiln-baseline-preflight-001.csv#row-2795
ANARCHI-TEST-OCC-AD7883BFCCB51037,REQUIRES_ISOLATION,ISOLATION_TOPOLOGY_REQUIRED,kiln-baseline-preflight-001.csv#row-2045
ANARCHI-TEST-OCC-AD7E55CE00BA9489,REQUIRES_SANDBOX,SANDBOX_TOPOLOGY_REQUIRED,kiln-baseline-preflight-001.csv#row-488
ANARCHI-TEST-OCC-AD8AA83C2650BBF8,ELIGIBLE,READY_FOR_BASELINE_EXECUTION_PLANNING,kiln-baseline-preflight-001.csv#row-2428
ANARCHI-TEST-OCC-AD91EB0E0EB56566,ELIGIBLE,READY_FOR_BASELINE_EXECUTION_PLANNING,kiln-baseline-preflight-001.csv#row-382
ANARCHI-TEST-OCC-ADA704767137DF73,REQUIRES_ISOLATION,ISOLATION_TOPOLOGY_REQUIRED,kiln-baseline-preflight-001.csv#row-2329
ANARCHI-TEST-OCC-ADAC3FE2E12BEF74,SUPPORT_ONLY,SUPPORT_ARTIFACT_ONLY,kiln-baseline-preflight-001.csv#row-1622
ANARCHI-TEST-OCC-ADB66EC4CDFF8B32,RUNNER_BLOCKED,RUNNER_RECONCILIATION_REQUIRED,kiln-baseline-preflight-001.csv#row-1611
ANARCHI-TEST-OCC-ADD8155EB859D264,REQUIRES_ISOLATION,ISOLATION_TOPOLOGY_REQUIRED,kiln-baseline-preflight-001.csv#row-453
ANARCHI-TEST-OCC-ADDAA50F864C72D9,ELIGIBLE,READY_FOR_BASELINE_EXECUTION_PLANNING,kiln-baseline-preflight-001.csv#row-1362
ANARCHI-TEST-OCC-AE02639DCB8D7894,ELIGIBLE,READY_FOR_BASELINE_EXECUTION_PLANNING,kiln-baseline-preflight-001.csv#row-2397
ANARCHI-TEST-OCC-AE39130DCE2B4E8E,ELIGIBLE,READY_FOR_BASELINE_EXECUTION_PLANNING,kiln-baseline-preflight-001.csv#row-767
ANARCHI-TEST-OCC-AE3E01167B386F83,ELIGIBLE,READY_FOR_BASELINE_EXECUTION_PLANNING,kiln-baseline-preflight-001.csv#row-1052
ANARCHI-TEST-OCC-AE433450CA2D010D,REQUIRES_ISOLATION,ISOLATION_TOPOLOGY_REQUIRED,kiln-baseline-preflight-001.csv#row-410
ANARCHI-TEST-OCC-AE441BA9ED7C2D84,RUNNER_BLOCKED,RUNNER_RECONCILIATION_REQUIRED,kiln-baseline-preflight-001.csv#row-2146
ANARCHI-TEST-OCC-AE488B8A9BB8C4D7,RUNNER_BLOCKED,RUNNER_RECONCILIATION_REQUIRED,kiln-baseline-preflight-001.csv#row-1927
ANARCHI-TEST-OCC-AE55208C008B5256,SUPPORT_ONLY,SUPPORT_ARTIFACT_ONLY,kiln-baseline-preflight-001.csv#row-503
ANARCHI-TEST-OCC-AE66F7CD5F9F2010,REQUIRES_ISOLATION,ISOLATION_TOPOLOGY_REQUIRED,kiln-baseline-preflight-001.csv#row-3003
ANARCHI-TEST-OCC-AE69D9DA7FB1DCDD,ELIGIBLE,READY_FOR_BASELINE_EXECUTION_PLANNING,kiln-baseline-preflight-001.csv#row-2807
ANARCHI-TEST-OCC-AEB5086416622990,ELIGIBLE,READY_FOR_BASELINE_EXECUTION_PLANNING,kiln-baseline-preflight-001.csv#row-2467
ANARCHI-TEST-OCC-AEDAF10A45BC128D,REQUIRES_ISOLATION,ISOLATION_TOPOLOGY_REQUIRED,kiln-baseline-preflight-001.csv#row-2578
ANARCHI-TEST-OCC-AEEE6F4636A4D8B0,ELIGIBLE,READY_FOR_BASELINE_EXECUTION_PLANNING,kiln-baseline-preflight-001.csv#row-2537
ANARCHI-TEST-OCC-AEFA65EA105E7485,RUNNER_BLOCKED,RUNNER_RECONCILIATION_REQUIRED,kiln-baseline-preflight-001.csv#row-2130
ANARCHI-TEST-OCC-AF2CD8563C21F9D1,REQUIRES_ISOLATION,ISOLATION_TOPOLOGY_REQUIRED,kiln-baseline-preflight-001.csv#row-2232
ANARCHI-TEST-OCC-AF3A3AB29B8621B5,SUPPORT_ONLY,SUPPORT_ARTIFACT_ONLY,kiln-baseline-preflight-001.csv#row-738
ANARCHI-TEST-OCC-AF53ADB60F5BE5CF,REQUIRES_ISOLATION,ISOLATION_TOPOLOGY_REQUIRED,kiln-baseline-preflight-001.csv#row-2453
ANARCHI-TEST-OCC-AF6CBFE02ECB9452,SUPPORT_ONLY,SUPPORT_ARTIFACT_ONLY,kiln-baseline-preflight-001.csv#row-1732
ANARCHI-TEST-OCC-AF7BCD65ED8A0B63,REQUIRES_ISOLATION,ISOLATION_TOPOLOGY_REQUIRED,kiln-baseline-preflight-001.csv#row-2487
ANARCHI-TEST-OCC-AF86C4ADF96740DD,RUNNER_BLOCKED,RUNNER_RECONCILIATION_REQUIRED,kiln-baseline-preflight-001.csv#row-1186
ANARCHI-TEST-OCC-AF8E97BD4FA21422,SUPPORT_ONLY,SUPPORT_ARTIFACT_ONLY,kiln-baseline-preflight-001.csv#row-3199
ANARCHI-TEST-OCC-AFB0B48EF20BE065,RUNNER_BLOCKED,RUNNER_RECONCILIATION_REQUIRED,kiln-baseline-preflight-001.csv#row-2427
ANARCHI-TEST-OCC-AFB2594823C195C0,ELIGIBLE,READY_FOR_BASELINE_EXECUTION_PLANNING,kiln-baseline-preflight-001.csv#row-1709
ANARCHI-TEST-OCC-AFD030F24CE53AD5,ELIGIBLE,READY_FOR_BASELINE_EXECUTION_PLANNING,kiln-baseline-preflight-001.csv#row-2636
ANARCHI-TEST-OCC-AFD86B3C374EB18E,ELIGIBLE,READY_FOR_BASELINE_EXECUTION_PLANNING,kiln-baseline-preflight-001.csv#row-677
ANARCHI-TEST-OCC-AFE8B9FCEF4D2B42,REQUIRES_ISOLATION,ISOLATION_TOPOLOGY_REQUIRED,kiln-baseline-preflight-001.csv#row-990
ANARCHI-TEST-OCC-AFEF44380C886058,SUPPORT_ONLY,SUPPORT_ARTIFACT_ONLY,kiln-baseline-preflight-001.csv#row-1234
ANARCHI-TEST-OCC-B01AAB9A5D9C6A66,ELIGIBLE,READY_FOR_BASELINE_EXECUTION_PLANNING,kiln-baseline-preflight-001.csv#row-1755
ANARCHI-TEST-OCC-B01D33F59075C9B8,SUPPORT_ONLY,SUPPORT_ARTIFACT_ONLY,kiln-baseline-preflight-001.csv#row-625
ANARCHI-TEST-OCC-B0395A91FB5296C3,ELIGIBLE,READY_FOR_BASELINE_EXECUTION_PLANNING,kiln-baseline-preflight-001.csv#row-1483
ANARCHI-TEST-OCC-B04DD64D319693E9,ELIGIBLE,READY_FOR_BASELINE_EXECUTION_PLANNING,kiln-baseline-preflight-001.csv#row-2056
ANARCHI-TEST-OCC-B04E41910733A619,ELIGIBLE,READY_FOR_BASELINE_EXECUTION_PLANNING,kiln-baseline-preflight-001.csv#row-1337
ANARCHI-TEST-OCC-B0580D4CCE466930,ELIGIBLE,READY_FOR_BASELINE_EXECUTION_PLANNING,kiln-baseline-preflight-001.csv#row-1995
ANARCHI-TEST-OCC-B05DE5B626035562,RUNNER_BLOCKED,RUNNER_RECONCILIATION_REQUIRED,kiln-baseline-preflight-001.csv#row-3048
ANARCHI-TEST-OCC-B05FC9FD08FD51EA,ELIGIBLE,READY_FOR_BASELINE_EXECUTION_PLANNING,kiln-baseline-preflight-001.csv#row-77
ANARCHI-TEST-OCC-B097E6C04F0644AE,RUNNER_BLOCKED,RUNNER_RECONCILIATION_REQUIRED,kiln-baseline-preflight-001.csv#row-855
ANARCHI-TEST-OCC-B09826048D0702FC,ELIGIBLE,READY_FOR_BASELINE_EXECUTION_PLANNING,kiln-baseline-preflight-001.csv#row-1220
ANARCHI-TEST-OCC-B09B02E14FF5F574,ELIGIBLE,READY_FOR_BASELINE_EXECUTION_PLANNING,kiln-baseline-preflight-001.csv#row-197
ANARCHI-TEST-OCC-B0B86B65F632B95D,ELIGIBLE,READY_FOR_BASELINE_EXECUTION_PLANNING,kiln-baseline-preflight-001.csv#row-276
ANARCHI-TEST-OCC-B0BDD3AA8F8FCB73,SUPPORT_ONLY,SUPPORT_ARTIFACT_ONLY,kiln-baseline-preflight-001.csv#row-925
ANARCHI-TEST-OCC-B0C85438A7AA8E49,ELIGIBLE,READY_FOR_BASELINE_EXECUTION_PLANNING,kiln-baseline-preflight-001.csv#row-161
ANARCHI-TEST-OCC-B0DEDD857C09D4E8,ELIGIBLE,READY_FOR_BASELINE_EXECUTION_PLANNING,kiln-baseline-preflight-001.csv#row-1557
ANARCHI-TEST-OCC-B0FE1FB25929BE5C,RUNNER_BLOCKED,RUNNER_RECONCILIATION_REQUIRED,kiln-baseline-preflight-001.csv#row-314
ANARCHI-TEST-OCC-B10B708BAC416D60,RUNNER_BLOCKED,RUNNER_RECONCILIATION_REQUIRED,kiln-baseline-preflight-001.csv#row-2182
ANARCHI-TEST-OCC-B14CCA34584D3739,SUPPORT_ONLY,SUPPORT_ARTIFACT_ONLY,kiln-baseline-preflight-001.csv#row-758
ANARCHI-TEST-OCC-B1580C15F514EC41,ELIGIBLE,READY_FOR_BASELINE_EXECUTION_PLANNING,kiln-baseline-preflight-001.csv#row-1935
ANARCHI-TEST-OCC-B158957DF1281A2B,REQUIRES_ISOLATION,ISOLATION_TOPOLOGY_REQUIRED,kiln-baseline-preflight-001.csv#row-2411
ANARCHI-TEST-OCC-B15E15D76986387A,ELIGIBLE,READY_FOR_BASELINE_EXECUTION_PLANNING,kiln-baseline-preflight-001.csv#row-2040
ANARCHI-TEST-OCC-B1675A363660BFF7,REQUIRES_ISOLATION,ISOLATION_TOPOLOGY_REQUIRED,kiln-baseline-preflight-001.csv#row-656
ANARCHI-TEST-OCC-B16E3D1B80C4CC18,REQUIRES_ISOLATION,ISOLATION_TOPOLOGY_REQUIRED,kiln-baseline-preflight-001.csv#row-2161
ANARCHI-TEST-OCC-B1701B41D226BF48,RUNNER_BLOCKED,RUNNER_RECONCILIATION_REQUIRED,kiln-baseline-preflight-001.csv#row-624
ANARCHI-TEST-OCC-B17252E3E631A14F,ELIGIBLE,READY_FOR_BASELINE_EXECUTION_PLANNING,kiln-baseline-preflight-001.csv#row-1011
ANARCHI-TEST-OCC-B18616155BAC6252,ELIGIBLE,READY_FOR_BASELINE_EXECUTION_PLANNING,kiln-baseline-preflight-001.csv#row-1688
ANARCHI-TEST-OCC-B186B4C4C0576487,RUNNER_BLOCKED,RUNNER_RECONCILIATION_REQUIRED,kiln-baseline-preflight-001.csv#row-2413
ANARCHI-TEST-OCC-B18B7429E90E02A0,REQUIRES_ISOLATION,ISOLATION_TOPOLOGY_REQUIRED,kiln-baseline-preflight-001.csv#row-142
ANARCHI-TEST-OCC-B19F4C29CCEF8BE1,SUPPORT_ONLY,SUPPORT_ARTIFACT_ONLY,kiln-baseline-preflight-001.csv#row-894
ANARCHI-TEST-OCC-B1AC8ECAD205BF1C,ELIGIBLE,READY_FOR_BASELINE_EXECUTION_PLANNING,kiln-baseline-preflight-001.csv#row-3184
ANARCHI-TEST-OCC-B1CB328910BDE1EA,ELIGIBLE,READY_FOR_BASELINE_EXECUTION_PLANNING,kiln-baseline-preflight-001.csv#row-595
ANARCHI-TEST-OCC-B1CC6522C021EA52,ELIGIBLE,READY_FOR_BASELINE_EXECUTION_PLANNING,kiln-baseline-preflight-001.csv#row-1008
ANARCHI-TEST-OCC-B1D36F2A778ACBD2,SUPPORT_ONLY,SUPPORT_ARTIFACT_ONLY,kiln-baseline-preflight-001.csv#row-997
ANARCHI-TEST-OCC-B1EC7137132B997A,REQUIRES_SANDBOX,SANDBOX_TOPOLOGY_REQUIRED,kiln-baseline-preflight-001.csv#row-537
ANARCHI-TEST-OCC-B1EF346680F7B8D9,RUNNER_BLOCKED,RUNNER_RECONCILIATION_REQUIRED,kiln-baseline-preflight-001.csv#row-1165
ANARCHI-TEST-OCC-B1F04FCB7E3A611F,REQUIRES_ISOLATION,ISOLATION_TOPOLOGY_REQUIRED,kiln-baseline-preflight-001.csv#row-3154
ANARCHI-TEST-OCC-B1FE06CDF69376B5,ELIGIBLE,READY_FOR_BASELINE_EXECUTION_PLANNING,kiln-baseline-preflight-001.csv#row-3203
ANARCHI-TEST-OCC-B229BD1A702AB438,ELIGIBLE,READY_FOR_BASELINE_EXECUTION_PLANNING,kiln-baseline-preflight-001.csv#row-394
ANARCHI-TEST-OCC-B23230E96C0B22E3,REQUIRES_ISOLATION,ISOLATION_TOPOLOGY_REQUIRED,kiln-baseline-preflight-001.csv#row-3269
ANARCHI-TEST-OCC-B2496AB2A4616720,REQUIRES_ISOLATION,ISOLATION_TOPOLOGY_REQUIRED,kiln-baseline-preflight-001.csv#row-2791
ANARCHI-TEST-OCC-B24EC8BBCB33E884,ELIGIBLE,READY_FOR_BASELINE_EXECUTION_PLANNING,kiln-baseline-preflight-001.csv#row-338
ANARCHI-TEST-OCC-B25074442AF6A5CC,ELIGIBLE,READY_FOR_BASELINE_EXECUTION_PLANNING,kiln-baseline-preflight-001.csv#row-3232
ANARCHI-TEST-OCC-B25238025B016EB9,SUPPORT_ONLY,SUPPORT_ARTIFACT_ONLY,kiln-baseline-preflight-001.csv#row-44
ANARCHI-TEST-OCC-B268713B01D75ED5,ELIGIBLE,READY_FOR_BASELINE_EXECUTION_PLANNING,kiln-baseline-preflight-001.csv#row-795
ANARCHI-TEST-OCC-B28D6B198141F480,ELIGIBLE,READY_FOR_BASELINE_EXECUTION_PLANNING,kiln-baseline-preflight-001.csv#row-1379
ANARCHI-TEST-OCC-B291360F1BABD56E,SUPPORT_ONLY,SUPPORT_ARTIFACT_ONLY,kiln-baseline-preflight-001.csv#row-929
ANARCHI-TEST-OCC-B2A171815D2CA550,REQUIRES_ISOLATION,READY_BUT_DIRTY_REPOSITORY,kiln-baseline-preflight-001.csv#row-2506
ANARCHI-TEST-OCC-B2B9A3A4DF603152,REQUIRES_ISOLATION,ISOLATION_TOPOLOGY_REQUIRED,kiln-baseline-preflight-001.csv#row-752
ANARCHI-TEST-OCC-B2DC53441B770A94,ELIGIBLE,READY_FOR_BASELINE_EXECUTION_PLANNING,kiln-baseline-preflight-001.csv#row-61
ANARCHI-TEST-OCC-B2E6C84882EE6A7D,ELIGIBLE,READY_FOR_BASELINE_EXECUTION_PLANNING,kiln-baseline-preflight-001.csv#row-2220
ANARCHI-TEST-OCC-B2FC797ACF56974E,ELIGIBLE,READY_FOR_BASELINE_EXECUTION_PLANNING,kiln-baseline-preflight-001.csv#row-2373
ANARCHI-TEST-OCC-B307628D5263C236,ELIGIBLE,READY_FOR_BASELINE_EXECUTION_PLANNING,kiln-baseline-preflight-001.csv#row-281
ANARCHI-TEST-OCC-B3081F7EB91C1446,REQUIRES_ISOLATION,ISOLATION_TOPOLOGY_REQUIRED,kiln-baseline-preflight-001.csv#row-3270
ANARCHI-TEST-OCC-B314DB99F47DB966,ELIGIBLE,READY_FOR_BASELINE_EXECUTION_PLANNING,kiln-baseline-preflight-001.csv#row-383
ANARCHI-TEST-OCC-B3241D6DA6A4DDC7,RUNNER_BLOCKED,RUNNER_RECONCILIATION_REQUIRED,kiln-baseline-preflight-001.csv#row-3089
ANARCHI-TEST-OCC-B338504AB60C85B4,RUNNER_BLOCKED,RUNNER_RECONCILIATION_REQUIRED,kiln-baseline-preflight-001.csv#row-1065
ANARCHI-TEST-OCC-B3581E9AB0888E66,ELIGIBLE,READY_FOR_BASELINE_EXECUTION_PLANNING,kiln-baseline-preflight-001.csv#row-2650
ANARCHI-TEST-OCC-B360A0E414CCC4DC,ELIGIBLE,READY_FOR_BASELINE_EXECUTION_PLANNING,kiln-baseline-preflight-001.csv#row-1223
ANARCHI-TEST-OCC-B37680A0E80B8B9F,RUNNER_BLOCKED,RUNNER_RECONCILIATION_REQUIRED,kiln-baseline-preflight-001.csv#row-653
ANARCHI-TEST-OCC-B38EA32191826D21,REQUIRES_ISOLATION,ISOLATION_TOPOLOGY_REQUIRED,kiln-baseline-preflight-001.csv#row-2638
ANARCHI-TEST-OCC-B394B301DD3CCDED,SUPPORT_ONLY,SUPPORT_ARTIFACT_ONLY,kiln-baseline-preflight-001.csv#row-1022
ANARCHI-TEST-OCC-B39B43DF9E39B996,SUPPORT_ONLY,SUPPORT_ARTIFACT_ONLY,kiln-baseline-preflight-001.csv#row-342
ANARCHI-TEST-OCC-B3A266709D478EB4,ELIGIBLE,READY_FOR_BASELINE_EXECUTION_PLANNING,kiln-baseline-preflight-001.csv#row-2929
ANARCHI-TEST-OCC-B3A72B22A828B203,ELIGIBLE,READY_FOR_BASELINE_EXECUTION_PLANNING,kiln-baseline-preflight-001.csv#row-2064
ANARCHI-TEST-OCC-B3B83CFDFA7717D8,SUPPORT_ONLY,SUPPORT_ARTIFACT_ONLY,kiln-baseline-preflight-001.csv#row-573
ANARCHI-TEST-OCC-B3D046305DC7E17D,ELIGIBLE,READY_FOR_BASELINE_EXECUTION_PLANNING,kiln-baseline-preflight-001.csv#row-64
ANARCHI-TEST-OCC-B3D9084AB22CAB8C,RUNNER_BLOCKED,RUNNER_RECONCILIATION_REQUIRED,kiln-baseline-preflight-001.csv#row-353
ANARCHI-TEST-OCC-B3EB7CCCDBE0E214,RUNNER_BLOCKED,RUNNER_RECONCILIATION_REQUIRED,kiln-baseline-preflight-001.csv#row-420
ANARCHI-TEST-OCC-B3F2B4C4AE412BBC,ELIGIBLE,READY_FOR_BASELINE_EXECUTION_PLANNING,kiln-baseline-preflight-001.csv#row-1568
ANARCHI-TEST-OCC-B40774724D500FD2,ELIGIBLE,READY_FOR_BASELINE_EXECUTION_PLANNING,kiln-baseline-preflight-001.csv#row-2695
ANARCHI-TEST-OCC-B40C0D60637DF2F6,ELIGIBLE,READY_FOR_BASELINE_EXECUTION_PLANNING,kiln-baseline-preflight-001.csv#row-764
ANARCHI-TEST-OCC-B460A3E365ACB002,REQUIRES_ISOLATION,ISOLATION_TOPOLOGY_REQUIRED,kiln-baseline-preflight-001.csv#row-2898
ANARCHI-TEST-OCC-B474310C45F38B58,REQUIRES_ISOLATION,ISOLATION_TOPOLOGY_REQUIRED,kiln-baseline-preflight-001.csv#row-2643
ANARCHI-TEST-OCC-B480BF11238FE7B1,ELIGIBLE,READY_FOR_BASELINE_EXECUTION_PLANNING,kiln-baseline-preflight-001.csv#row-1254
ANARCHI-TEST-OCC-B4AC3915EEE51547,ELIGIBLE,READY_FOR_BASELINE_EXECUTION_PLANNING,kiln-baseline-preflight-001.csv#row-2160
ANARCHI-TEST-OCC-B4BC4E8764FE3986,ELIGIBLE,READY_FOR_BASELINE_EXECUTION_PLANNING,kiln-baseline-preflight-001.csv#row-1554
ANARCHI-TEST-OCC-B4C2D6E4B0DC7D33,ELIGIBLE,READY_FOR_BASELINE_EXECUTION_PLANNING,kiln-baseline-preflight-001.csv#row-2528
ANARCHI-TEST-OCC-B4C5EEBBF0B940DE,SUPPORT_ONLY,SUPPORT_ARTIFACT_ONLY,kiln-baseline-preflight-001.csv#row-2662
ANARCHI-TEST-OCC-B4E3EB689E5F89A9,ELIGIBLE,READY_FOR_BASELINE_EXECUTION_PLANNING,kiln-baseline-preflight-001.csv#row-230
ANARCHI-TEST-OCC-B4F419FE6DC088EB,ELIGIBLE,READY_FOR_BASELINE_EXECUTION_PLANNING,kiln-baseline-preflight-001.csv#row-3167
ANARCHI-TEST-OCC-B4F53F0807F23F9C,SUPPORT_ONLY,SUPPORT_ARTIFACT_ONLY,kiln-baseline-preflight-001.csv#row-2829
ANARCHI-TEST-OCC-B5104DCAEB6B955F,RUNNER_BLOCKED,RUNNER_RECONCILIATION_REQUIRED,kiln-baseline-preflight-001.csv#row-576
ANARCHI-TEST-OCC-B57FE532DC561D0E,ELIGIBLE,READY_FOR_BASELINE_EXECUTION_PLANNING,kiln-baseline-preflight-001.csv#row-2143
ANARCHI-TEST-OCC-B58666E501951631,ELIGIBLE,READY_FOR_BASELINE_EXECUTION_PLANNING,kiln-baseline-preflight-001.csv#row-2234
ANARCHI-TEST-OCC-B587105B030E811C,REQUIRES_ISOLATION,ISOLATION_TOPOLOGY_REQUIRED,kiln-baseline-preflight-001.csv#row-2748
ANARCHI-TEST-OCC-B59317061B67DB9C,REQUIRES_ISOLATION,ISOLATION_TOPOLOGY_REQUIRED,kiln-baseline-preflight-001.csv#row-298
ANARCHI-TEST-OCC-B5934DF5A14C0F59,REQUIRES_ISOLATION,ISOLATION_TOPOLOGY_REQUIRED,kiln-baseline-preflight-001.csv#row-499
ANARCHI-TEST-OCC-B593D5CB1CAD802D,ELIGIBLE,READY_FOR_BASELINE_EXECUTION_PLANNING,kiln-baseline-preflight-001.csv#row-2975
ANARCHI-TEST-OCC-B5947BB05E85D0A8,RUNNER_BLOCKED,RUNNER_RECONCILIATION_REQUIRED,kiln-baseline-preflight-001.csv#row-1541
ANARCHI-TEST-OCC-B59C4B23A4971F81,ELIGIBLE,READY_FOR_BASELINE_EXECUTION_PLANNING,kiln-baseline-preflight-001.csv#row-1941
ANARCHI-TEST-OCC-B5A34E223EAA0EE3,REQUIRES_ISOLATION,ISOLATION_TOPOLOGY_REQUIRED,kiln-baseline-preflight-001.csv#row-1426
ANARCHI-TEST-OCC-B5B69A70DBC47C2E,REQUIRES_ISOLATION,ISOLATION_TOPOLOGY_REQUIRED,kiln-baseline-preflight-001.csv#row-1330
ANARCHI-TEST-OCC-B5FDEFED2B4A60AE,RUNNER_BLOCKED,RUNNER_RECONCILIATION_REQUIRED,kiln-baseline-preflight-001.csv#row-3066
ANARCHI-TEST-OCC-B62689B13968C3EF,REQUIRES_ISOLATION,ISOLATION_TOPOLOGY_REQUIRED,kiln-baseline-preflight-001.csv#row-707
ANARCHI-TEST-OCC-B62852DF8DE7EF04,SUPPORT_ONLY,SUPPORT_ARTIFACT_ONLY,kiln-baseline-preflight-001.csv#row-90
ANARCHI-TEST-OCC-B635ABAD4F8D6ABD,SUPPORT_ONLY,SUPPORT_ARTIFACT_ONLY,kiln-baseline-preflight-001.csv#row-2502
ANARCHI-TEST-OCC-B63D3BD85262FBEB,RUNNER_BLOCKED,RUNNER_RECONCILIATION_REQUIRED,kiln-baseline-preflight-001.csv#row-368
ANARCHI-TEST-OCC-B648A5F7EE5D6C96,REQUIRES_ISOLATION,ISOLATION_TOPOLOGY_REQUIRED,kiln-baseline-preflight-001.csv#row-1295
ANARCHI-TEST-OCC-B65748E6CD26423A,REQUIRES_ISOLATION,ISOLATION_TOPOLOGY_REQUIRED,kiln-baseline-preflight-001.csv#row-2703
ANARCHI-TEST-OCC-B686E14A742EAD1E,ELIGIBLE,READY_FOR_BASELINE_EXECUTION_PLANNING,kiln-baseline-preflight-001.csv#row-2587
ANARCHI-TEST-OCC-B68A607B88E17896,SUPPORT_ONLY,SUPPORT_ARTIFACT_ONLY,kiln-baseline-preflight-001.csv#row-3242
ANARCHI-TEST-OCC-B6972A5B28E58E37,REQUIRES_ISOLATION,ISOLATION_TOPOLOGY_REQUIRED,kiln-baseline-preflight-001.csv#row-628
ANARCHI-TEST-OCC-B69EF035C3AE5690,SUPPORT_ONLY,SUPPORT_ARTIFACT_ONLY,kiln-baseline-preflight-001.csv#row-2565
ANARCHI-TEST-OCC-B6B79E75BF6FACD6,ELIGIBLE,READY_FOR_BASELINE_EXECUTION_PLANNING,kiln-baseline-preflight-001.csv#row-1313
ANARCHI-TEST-OCC-B6B8BD64CA64FD10,REQUIRES_ISOLATION,READY_BUT_DIRTY_REPOSITORY,kiln-baseline-preflight-001.csv#row-1966
ANARCHI-TEST-OCC-B6C867C6480049EF,ELIGIBLE,READY_FOR_BASELINE_EXECUTION_PLANNING,kiln-baseline-preflight-001.csv#row-1979
ANARCHI-TEST-OCC-B6CE34F63631583F,ELIGIBLE,READY_FOR_BASELINE_EXECUTION_PLANNING,kiln-baseline-preflight-001.csv#row-2623
ANARCHI-TEST-OCC-B6E6152BC6F1F746,REQUIRES_SANDBOX,SANDBOX_TOPOLOGY_REQUIRED,kiln-baseline-preflight-001.csv#row-801
ANARCHI-TEST-OCC-B7208F4BF3D14B47,ELIGIBLE,READY_FOR_BASELINE_EXECUTION_PLANNING,kiln-baseline-preflight-001.csv#row-2928
ANARCHI-TEST-OCC-B72D5E2B7B2D56CD,REQUIRES_ISOLATION,ISOLATION_TOPOLOGY_REQUIRED,kiln-baseline-preflight-001.csv#row-2196
ANARCHI-TEST-OCC-B73011C3F0DD2707,SUPPORT_ONLY,SUPPORT_ARTIFACT_ONLY,kiln-baseline-preflight-001.csv#row-2950
ANARCHI-TEST-OCC-B7410B2815664447,REQUIRES_SANDBOX,SANDBOX_TOPOLOGY_REQUIRED,kiln-baseline-preflight-001.csv#row-395
ANARCHI-TEST-OCC-B7549965AE9E9F5A,RUNNER_BLOCKED,RUNNER_RECONCILIATION_REQUIRED,kiln-baseline-preflight-001.csv#row-188
ANARCHI-TEST-OCC-B78FBCF8DA22286D,SUPPORT_ONLY,SUPPORT_ARTIFACT_ONLY,kiln-baseline-preflight-001.csv#row-1159
ANARCHI-TEST-OCC-B794DD36BB5D0D56,REQUIRES_ISOLATION,ISOLATION_TOPOLOGY_REQUIRED,kiln-baseline-preflight-001.csv#row-157
ANARCHI-TEST-OCC-B799CC54AC1268B9,SUPPORT_ONLY,SUPPORT_ARTIFACT_ONLY,kiln-baseline-preflight-001.csv#row-3150
ANARCHI-TEST-OCC-B7B22165A0C6663A,REQUIRES_ISOLATION,ISOLATION_TOPOLOGY_REQUIRED,kiln-baseline-preflight-001.csv#row-2241
ANARCHI-TEST-OCC-B7B44798A92A0D91,ELIGIBLE,READY_FOR_BASELINE_EXECUTION_PLANNING,kiln-baseline-preflight-001.csv#row-2096
ANARCHI-TEST-OCC-B7BFC4CFA72432E9,SUPPORT_ONLY,SUPPORT_ARTIFACT_ONLY,kiln-baseline-preflight-001.csv#row-2388
ANARCHI-TEST-OCC-B7D7077E951A38BB,RUNNER_BLOCKED,RUNNER_RECONCILIATION_REQUIRED,kiln-baseline-preflight-001.csv#row-1120
ANARCHI-TEST-OCC-B7FAB901BDD8B3F9,ELIGIBLE,READY_FOR_BASELINE_EXECUTION_PLANNING,kiln-baseline-preflight-001.csv#row-316
ANARCHI-TEST-OCC-B8333BAE0CB80057,REQUIRES_ISOLATION,ISOLATION_TOPOLOGY_REQUIRED,kiln-baseline-preflight-001.csv#row-3215
ANARCHI-TEST-OCC-B846BDF5B8B124E2,SUPPORT_ONLY,SUPPORT_ARTIFACT_ONLY,kiln-baseline-preflight-001.csv#row-290
ANARCHI-TEST-OCC-B87261B7F9281CF3,SUPPORT_ONLY,SUPPORT_ARTIFACT_ONLY,kiln-baseline-preflight-001.csv#row-451
ANARCHI-TEST-OCC-B875C9550A49A288,RUNNER_BLOCKED,RUNNER_RECONCILIATION_REQUIRED,kiln-baseline-preflight-001.csv#row-3099
ANARCHI-TEST-OCC-B8883D6BBC745E19,RUNNER_BLOCKED,RUNNER_RECONCILIATION_REQUIRED,kiln-baseline-preflight-001.csv#row-1299
ANARCHI-TEST-OCC-B88D5269A8503F90,REQUIRES_SANDBOX,SANDBOX_TOPOLOGY_REQUIRED,kiln-baseline-preflight-001.csv#row-2961
ANARCHI-TEST-OCC-B894DF7E0292FA52,SUPPORT_ONLY,SUPPORT_ARTIFACT_ONLY,kiln-baseline-preflight-001.csv#row-2755
ANARCHI-TEST-OCC-B8A5B69C87D5D620,ELIGIBLE,READY_FOR_BASELINE_EXECUTION_PLANNING,kiln-baseline-preflight-001.csv#row-704
ANARCHI-TEST-OCC-B8B2C55A7E7CE559,SUPPORT_ONLY,SUPPORT_ARTIFACT_ONLY,kiln-baseline-preflight-001.csv#row-2209
ANARCHI-TEST-OCC-B8BB96F77F313A78,RUNNER_BLOCKED,RUNNER_RECONCILIATION_REQUIRED,kiln-baseline-preflight-001.csv#row-2780
ANARCHI-TEST-OCC-B8BCCEB90FD3F3AD,RUNNER_BLOCKED,RUNNER_RECONCILIATION_REQUIRED,kiln-baseline-preflight-001.csv#row-1255
ANARCHI-TEST-OCC-B8C18E4C06252C59,REQUIRES_ISOLATION,ISOLATION_TOPOLOGY_REQUIRED,kiln-baseline-preflight-001.csv#row-472
ANARCHI-TEST-OCC-B9155B4B2DEB582E,ELIGIBLE,READY_FOR_BASELINE_EXECUTION_PLANNING,kiln-baseline-preflight-001.csv#row-1098
ANARCHI-TEST-OCC-B91639AF1E31AD81,ELIGIBLE,READY_FOR_BASELINE_EXECUTION_PLANNING,kiln-baseline-preflight-001.csv#row-1084
ANARCHI-TEST-OCC-B91AABF24B651053,ELIGIBLE,READY_FOR_BASELINE_EXECUTION_PLANNING,kiln-baseline-preflight-001.csv#row-36
ANARCHI-TEST-OCC-B9391AD457126485,REQUIRES_ISOLATION,ISOLATION_TOPOLOGY_REQUIRED,kiln-baseline-preflight-001.csv#row-1980
ANARCHI-TEST-OCC-B948710A4F22B5F6,ELIGIBLE,READY_FOR_BASELINE_EXECUTION_PLANNING,kiln-baseline-preflight-001.csv#row-1419
ANARCHI-TEST-OCC-B96B8299DF555BE4,ELIGIBLE,READY_FOR_BASELINE_EXECUTION_PLANNING,kiln-baseline-preflight-001.csv#row-267
ANARCHI-TEST-OCC-B977F0BE199ED03F,ELIGIBLE,READY_FOR_BASELINE_EXECUTION_PLANNING,kiln-baseline-preflight-001.csv#row-3086
ANARCHI-TEST-OCC-B97DF63D8C66AFF0,SUPPORT_ONLY,SUPPORT_ARTIFACT_ONLY,kiln-baseline-preflight-001.csv#row-1786
ANARCHI-TEST-OCC-B9A8F5308B663FF6,ELIGIBLE,READY_FOR_BASELINE_EXECUTION_PLANNING,kiln-baseline-preflight-001.csv#row-2369
ANARCHI-TEST-OCC-B9BC657FD03C1740,ELIGIBLE,READY_FOR_BASELINE_EXECUTION_PLANNING,kiln-baseline-preflight-001.csv#row-252
ANARCHI-TEST-OCC-B9BE5F82DE45CCC4,ELIGIBLE,READY_FOR_BASELINE_EXECUTION_PLANNING,kiln-baseline-preflight-001.csv#row-2418
ANARCHI-TEST-OCC-B9C45A2A9C4B4349,ELIGIBLE,READY_FOR_BASELINE_EXECUTION_PLANNING,kiln-baseline-preflight-001.csv#row-2249
ANARCHI-TEST-OCC-B9CA4E469AD70C24,SUPPORT_ONLY,SUPPORT_ARTIFACT_ONLY,kiln-baseline-preflight-001.csv#row-1628
ANARCHI-TEST-OCC-B9DBDA5FEB5DFC8B,ELIGIBLE,READY_FOR_BASELINE_EXECUTION_PLANNING,kiln-baseline-preflight-001.csv#row-510
ANARCHI-TEST-OCC-B9F7CBDB3ABDB24E,ELIGIBLE,READY_FOR_BASELINE_EXECUTION_PLANNING,kiln-baseline-preflight-001.csv#row-1115
ANARCHI-TEST-OCC-BA066D400545BD4B,REQUIRES_ISOLATION,READY_BUT_DIRTY_REPOSITORY,kiln-baseline-preflight-001.csv#row-177
ANARCHI-TEST-OCC-BA1B43ECCC5FC084,REQUIRES_SANDBOX,SANDBOX_TOPOLOGY_REQUIRED,kiln-baseline-preflight-001.csv#row-2391
ANARCHI-TEST-OCC-BA25A763C8951040,SUPPORT_ONLY,SUPPORT_ARTIFACT_ONLY,kiln-baseline-preflight-001.csv#row-2402
ANARCHI-TEST-OCC-BA484E25A1B71A20,SUPPORT_ONLY,SUPPORT_ARTIFACT_ONLY,kiln-baseline-preflight-001.csv#row-1708
ANARCHI-TEST-OCC-BA595010053E505E,ELIGIBLE,READY_FOR_BASELINE_EXECUTION_PLANNING,kiln-baseline-preflight-001.csv#row-1784
ANARCHI-TEST-OCC-BA5B45300381974C,SUPPORT_ONLY,SUPPORT_ARTIFACT_ONLY,kiln-baseline-preflight-001.csv#row-773
ANARCHI-TEST-OCC-BA5FFBF760070EA8,ELIGIBLE,READY_FOR_BASELINE_EXECUTION_PLANNING,kiln-baseline-preflight-001.csv#row-2631
ANARCHI-TEST-OCC-BA6F5906B725A306,ELIGIBLE,READY_FOR_BASELINE_EXECUTION_PLANNING,kiln-baseline-preflight-001.csv#row-1090
ANARCHI-TEST-OCC-BA7AC6DC75B8719B,ELIGIBLE,READY_FOR_BASELINE_EXECUTION_PLANNING,kiln-baseline-preflight-001.csv#row-1229
ANARCHI-TEST-OCC-BA7ECB50947ED49B,SUPPORT_ONLY,SUPPORT_ARTIFACT_ONLY,kiln-baseline-preflight-001.csv#row-2185
ANARCHI-TEST-OCC-BA805E844F416D14,REQUIRES_ISOLATION,ISOLATION_TOPOLOGY_REQUIRED,kiln-baseline-preflight-001.csv#row-1639
ANARCHI-TEST-OCC-BA82D9D417BE266A,RUNNER_BLOCKED,RUNNER_RECONCILIATION_REQUIRED,kiln-baseline-preflight-001.csv#row-594
ANARCHI-TEST-OCC-BA9A0A4F8398247F,RUNNER_BLOCKED,RUNNER_RECONCILIATION_REQUIRED,kiln-baseline-preflight-001.csv#row-1869
ANARCHI-TEST-OCC-BAD05FB2D197912D,ELIGIBLE,READY_FOR_BASELINE_EXECUTION_PLANNING,kiln-baseline-preflight-001.csv#row-1607
ANARCHI-TEST-OCC-BAF4EF66F8CF3A49,SUPPORT_ONLY,SUPPORT_ARTIFACT_ONLY,kiln-baseline-preflight-001.csv#row-2814
ANARCHI-TEST-OCC-BAF5185654E37C9C,ELIGIBLE,READY_FOR_BASELINE_EXECUTION_PLANNING,kiln-baseline-preflight-001.csv#row-688
ANARCHI-TEST-OCC-BAFD57851C945831,ELIGIBLE,READY_FOR_BASELINE_EXECUTION_PLANNING,kiln-baseline-preflight-001.csv#row-597
ANARCHI-TEST-OCC-BAFD969D432E02FD,REQUIRES_ISOLATION,READY_BUT_DIRTY_REPOSITORY,kiln-baseline-preflight-001.csv#row-570
ANARCHI-TEST-OCC-BB0EAD44E1AD00C7,ELIGIBLE,READY_FOR_BASELINE_EXECUTION_PLANNING,kiln-baseline-preflight-001.csv#row-2218
ANARCHI-TEST-OCC-BB47EA5FEA739CFA,SUPPORT_ONLY,SUPPORT_ARTIFACT_ONLY,kiln-baseline-preflight-001.csv#row-134
ANARCHI-TEST-OCC-BB5C3FE6B8640386,ELIGIBLE,READY_FOR_BASELINE_EXECUTION_PLANNING,kiln-baseline-preflight-001.csv#row-1753
ANARCHI-TEST-OCC-BB5DBE3254D963DB,SUPPORT_ONLY,SUPPORT_ARTIFACT_ONLY,kiln-baseline-preflight-001.csv#row-2866
ANARCHI-TEST-OCC-BB6472FD582E7173,SUPPORT_ONLY,SUPPORT_ARTIFACT_ONLY,kiln-baseline-preflight-001.csv#row-2511
ANARCHI-TEST-OCC-BB76A7B46B0F56EA,SUPPORT_ONLY,SUPPORT_ARTIFACT_ONLY,kiln-baseline-preflight-001.csv#row-2266
ANARCHI-TEST-OCC-BB7BC9D09C5CA313,ELIGIBLE,READY_FOR_BASELINE_EXECUTION_PLANNING,kiln-baseline-preflight-001.csv#row-982
ANARCHI-TEST-OCC-BB83A89300C07D56,RUNNER_BLOCKED,RUNNER_RECONCILIATION_REQUIRED,kiln-baseline-preflight-001.csv#row-3249
ANARCHI-TEST-OCC-BB89C25F261B9BEE,RUNNER_BLOCKED,RUNNER_RECONCILIATION_REQUIRED,kiln-baseline-preflight-001.csv#row-2656
ANARCHI-TEST-OCC-BB8F5AC077EA5056,ELIGIBLE,READY_FOR_BASELINE_EXECUTION_PLANNING,kiln-baseline-preflight-001.csv#row-1435
ANARCHI-TEST-OCC-BB9FD1C1A4EC67AA,ELIGIBLE,READY_FOR_BASELINE_EXECUTION_PLANNING,kiln-baseline-preflight-001.csv#row-1398
ANARCHI-TEST-OCC-BBB37C9A49E23A15,REQUIRES_ISOLATION,ISOLATION_TOPOLOGY_REQUIRED,kiln-baseline-preflight-001.csv#row-1258
ANARCHI-TEST-OCC-BBB3FCBC57F4F5A6,ELIGIBLE,READY_FOR_BASELINE_EXECUTION_PLANNING,kiln-baseline-preflight-001.csv#row-1988
ANARCHI-TEST-OCC-BBBA0154800B7434,ELIGIBLE,READY_FOR_BASELINE_EXECUTION_PLANNING,kiln-baseline-preflight-001.csv#row-788
ANARCHI-TEST-OCC-BBBA14EDBF2B2C75,REQUIRES_ISOLATION,ISOLATION_TOPOLOGY_REQUIRED,kiln-baseline-preflight-001.csv#row-1762
ANARCHI-TEST-OCC-BBC4337E0895DCB5,ELIGIBLE,READY_FOR_BASELINE_EXECUTION_PLANNING,kiln-baseline-preflight-001.csv#row-1043
ANARCHI-TEST-OCC-BBC4EF3A42C7FF9C,RUNNER_BLOCKED,RUNNER_RECONCILIATION_REQUIRED,kiln-baseline-preflight-001.csv#row-826
ANARCHI-TEST-OCC-BBC72FD9E456C618,REQUIRES_ISOLATION,ISOLATION_TOPOLOGY_REQUIRED,kiln-baseline-preflight-001.csv#row-3254
ANARCHI-TEST-OCC-BBD78638F19BBAD9,ELIGIBLE,READY_FOR_BASELINE_EXECUTION_PLANNING,kiln-baseline-preflight-001.csv#row-2691
ANARCHI-TEST-OCC-BC003EC9A3D9C3F7,RUNNER_BLOCKED,RUNNER_RECONCILIATION_REQUIRED,kiln-baseline-preflight-001.csv#row-233
ANARCHI-TEST-OCC-BC4E83C2405E2377,ELIGIBLE,READY_FOR_BASELINE_EXECUTION_PLANNING,kiln-baseline-preflight-001.csv#row-2581
ANARCHI-TEST-OCC-BC5630859F7A837C,SUPPORT_ONLY,SUPPORT_ARTIFACT_ONLY,kiln-baseline-preflight-001.csv#row-31
ANARCHI-TEST-OCC-BC69BF3FA90F1400,ELIGIBLE,READY_FOR_BASELINE_EXECUTION_PLANNING,kiln-baseline-preflight-001.csv#row-1925
ANARCHI-TEST-OCC-BC706BFE89CD68A3,REQUIRES_ISOLATION,ISOLATION_TOPOLOGY_REQUIRED,kiln-baseline-preflight-001.csv#row-2997
ANARCHI-TEST-OCC-BCAF6125FB940F77,ELIGIBLE,READY_FOR_BASELINE_EXECUTION_PLANNING,kiln-baseline-preflight-001.csv#row-1177
ANARCHI-TEST-OCC-BCCEE7B63E4C5440,ELIGIBLE,READY_FOR_BASELINE_EXECUTION_PLANNING,kiln-baseline-preflight-001.csv#row-930
ANARCHI-TEST-OCC-BCD73CD25EC332BF,ELIGIBLE,READY_FOR_BASELINE_EXECUTION_PLANNING,kiln-baseline-preflight-001.csv#row-1332
ANARCHI-TEST-OCC-BCE06E9FAB09CC2F,ELIGIBLE,READY_FOR_BASELINE_EXECUTION_PLANNING,kiln-baseline-preflight-001.csv#row-3044
ANARCHI-TEST-OCC-BCE16C7607C8F838,ELIGIBLE,READY_FOR_BASELINE_EXECUTION_PLANNING,kiln-baseline-preflight-001.csv#row-802
ANARCHI-TEST-OCC-BCEBEAF93E5AAF07,RUNNER_BLOCKED,RUNNER_RECONCILIATION_REQUIRED,kiln-baseline-preflight-001.csv#row-2415
ANARCHI-TEST-OCC-BD0249351B331E30,ELIGIBLE,READY_FOR_BASELINE_EXECUTION_PLANNING,kiln-baseline-preflight-001.csv#row-380
ANARCHI-TEST-OCC-BD0AAB5EDA8DF7D8,ELIGIBLE,READY_FOR_BASELINE_EXECUTION_PLANNING,kiln-baseline-preflight-001.csv#row-457
ANARCHI-TEST-OCC-BD0CA483DA7E0BAD,ELIGIBLE,READY_FOR_BASELINE_EXECUTION_PLANNING,kiln-baseline-preflight-001.csv#row-2348
ANARCHI-TEST-OCC-BD342B6B106E44EE,ELIGIBLE,READY_FOR_BASELINE_EXECUTION_PLANNING,kiln-baseline-preflight-001.csv#row-1734
ANARCHI-TEST-OCC-BD8D80D8618AB7E1,REQUIRES_ISOLATION,ISOLATION_TOPOLOGY_REQUIRED,kiln-baseline-preflight-001.csv#row-983
ANARCHI-TEST-OCC-BD9DCEF42832A059,REQUIRES_ISOLATION,ISOLATION_TOPOLOGY_REQUIRED,kiln-baseline-preflight-001.csv#row-564
ANARCHI-TEST-OCC-BDB13F15F7A3471D,REQUIRES_ISOLATION,READY_BUT_DIRTY_REPOSITORY,kiln-baseline-preflight-001.csv#row-2155
ANARCHI-TEST-OCC-BDDAEC88CA473748,ELIGIBLE,READY_FOR_BASELINE_EXECUTION_PLANNING,kiln-baseline-preflight-001.csv#row-435
ANARCHI-TEST-OCC-BDF18DF4F15654DD,ELIGIBLE,READY_FOR_BASELINE_EXECUTION_PLANNING,kiln-baseline-preflight-001.csv#row-287
ANARCHI-TEST-OCC-BE249DC8F565D8F4,ELIGIBLE,READY_FOR_BASELINE_EXECUTION_PLANNING,kiln-baseline-preflight-001.csv#row-1418
ANARCHI-TEST-OCC-BE2B626A3D49E083,REQUIRES_ISOLATION,ISOLATION_TOPOLOGY_REQUIRED,kiln-baseline-preflight-001.csv#row-1450
ANARCHI-TEST-OCC-BE61A779490887D7,REQUIRES_ISOLATION,ISOLATION_TOPOLOGY_REQUIRED,kiln-baseline-preflight-001.csv#row-1574
ANARCHI-TEST-OCC-BE8C709EA045B2E2,REQUIRES_ISOLATION,READY_BUT_DIRTY_REPOSITORY,kiln-baseline-preflight-001.csv#row-2405
ANARCHI-TEST-OCC-BEA7BCEC5DCD00EC,REQUIRES_ISOLATION,ISOLATION_TOPOLOGY_REQUIRED,kiln-baseline-preflight-001.csv#row-2837
ANARCHI-TEST-OCC-BED8E0B9238B7E98,ELIGIBLE,READY_FOR_BASELINE_EXECUTION_PLANNING,kiln-baseline-preflight-001.csv#row-669
ANARCHI-TEST-OCC-BEDF799CE55D72BE,REQUIRES_ISOLATION,ISOLATION_TOPOLOGY_REQUIRED,kiln-baseline-preflight-001.csv#row-2825
ANARCHI-TEST-OCC-BEE7704F6720E986,SUPPORT_ONLY,SUPPORT_ARTIFACT_ONLY,kiln-baseline-preflight-001.csv#row-1152
ANARCHI-TEST-OCC-BEF3405A24381056,RUNNER_BLOCKED,RUNNER_RECONCILIATION_REQUIRED,kiln-baseline-preflight-001.csv#row-2902
ANARCHI-TEST-OCC-BEF5B3DA1980772A,ELIGIBLE,READY_FOR_BASELINE_EXECUTION_PLANNING,kiln-baseline-preflight-001.csv#row-2033
ANARCHI-TEST-OCC-BF01A1409B1D0763,ELIGIBLE,READY_FOR_BASELINE_EXECUTION_PLANNING,kiln-baseline-preflight-001.csv#row-1530
ANARCHI-TEST-OCC-BF0B67C160880005,SUPPORT_ONLY,SUPPORT_ARTIFACT_ONLY,kiln-baseline-preflight-001.csv#row-834
ANARCHI-TEST-OCC-BF3F68728FC3A32A,RUNNER_BLOCKED,RUNNER_RECONCILIATION_REQUIRED,kiln-baseline-preflight-001.csv#row-16
ANARCHI-TEST-OCC-BF43ADB392A07577,SUPPORT_ONLY,SUPPORT_ARTIFACT_ONLY,kiln-baseline-preflight-001.csv#row-2489
ANARCHI-TEST-OCC-BF5736E966ED10BF,REQUIRES_ISOLATION,READY_BUT_DIRTY_REPOSITORY,kiln-baseline-preflight-001.csv#row-1760
ANARCHI-TEST-OCC-BF5D4A193B404578,RUNNER_BLOCKED,RUNNER_RECONCILIATION_REQUIRED,kiln-baseline-preflight-001.csv#row-1247
ANARCHI-TEST-OCC-BF68ABAA7C67B29D,ELIGIBLE,READY_FOR_BASELINE_EXECUTION_PLANNING,kiln-baseline-preflight-001.csv#row-1933
ANARCHI-TEST-OCC-BF6F1D9E5A693419,RUNNER_BLOCKED,RUNNER_RECONCILIATION_REQUIRED,kiln-baseline-preflight-001.csv#row-3217
ANARCHI-TEST-OCC-BF70256035BF8F82,ELIGIBLE,READY_FOR_BASELINE_EXECUTION_PLANNING,kiln-baseline-preflight-001.csv#row-1454
ANARCHI-TEST-OCC-BF8567FD4D8D664D,REQUIRES_ISOLATION,ISOLATION_TOPOLOGY_REQUIRED,kiln-baseline-preflight-001.csv#row-726
ANARCHI-TEST-OCC-BF8FCEFD91921DEE,ELIGIBLE,READY_FOR_BASELINE_EXECUTION_PLANNING,kiln-baseline-preflight-001.csv#row-391
ANARCHI-TEST-OCC-BF9EF1583E67492A,SUPPORT_ONLY,SUPPORT_ARTIFACT_ONLY,kiln-baseline-preflight-001.csv#row-2669
ANARCHI-TEST-OCC-BFEFF32B9CA5A775,RUNNER_BLOCKED,RUNNER_RECONCILIATION_REQUIRED,kiln-baseline-preflight-001.csv#row-1055
ANARCHI-TEST-OCC-C00A370B911C0434,ELIGIBLE,READY_FOR_BASELINE_EXECUTION_PLANNING,kiln-baseline-preflight-001.csv#row-796
ANARCHI-TEST-OCC-C00CEE240337A9FD,RUNNER_BLOCKED,RUNNER_RECONCILIATION_REQUIRED,kiln-baseline-preflight-001.csv#row-1813
ANARCHI-TEST-OCC-C00FFA299D12E859,ELIGIBLE,READY_FOR_BASELINE_EXECUTION_PLANNING,kiln-baseline-preflight-001.csv#row-3212
ANARCHI-TEST-OCC-C0158FA05EC29719,REQUIRES_ISOLATION,ISOLATION_TOPOLOGY_REQUIRED,kiln-baseline-preflight-001.csv#row-2257
ANARCHI-TEST-OCC-C0417EC630DECA9F,ELIGIBLE,READY_FOR_BASELINE_EXECUTION_PLANNING,kiln-baseline-preflight-001.csv#row-1764
ANARCHI-TEST-OCC-C04F738D07C92A97,ELIGIBLE,READY_FOR_BASELINE_EXECUTION_PLANNING,kiln-baseline-preflight-001.csv#row-2757
ANARCHI-TEST-OCC-C052E8FEFEE72F42,ELIGIBLE,READY_FOR_BASELINE_EXECUTION_PLANNING,kiln-baseline-preflight-001.csv#row-776
ANARCHI-TEST-OCC-C0B253C99117DA51,ELIGIBLE,READY_FOR_BASELINE_EXECUTION_PLANNING,kiln-baseline-preflight-001.csv#row-1326
ANARCHI-TEST-OCC-C0B76F90179B52C6,SUPPORT_ONLY,SUPPORT_ARTIFACT_ONLY,kiln-baseline-preflight-001.csv#row-1771
ANARCHI-TEST-OCC-C0BD554DABCE9603,ELIGIBLE,READY_FOR_BASELINE_EXECUTION_PLANNING,kiln-baseline-preflight-001.csv#row-1136
ANARCHI-TEST-OCC-C0BDA92BAA97D8E0,SUPPORT_ONLY,SUPPORT_ARTIFACT_ONLY,kiln-baseline-preflight-001.csv#row-654
ANARCHI-TEST-OCC-C0C45C483F59D8A6,RUNNER_BLOCKED,RUNNER_RECONCILIATION_REQUIRED,kiln-baseline-preflight-001.csv#row-3192
ANARCHI-TEST-OCC-C0E6CF4B084D3EC4,ELIGIBLE,READY_FOR_BASELINE_EXECUTION_PLANNING,kiln-baseline-preflight-001.csv#row-988
ANARCHI-TEST-OCC-C0F95385EAE9B3C6,ELIGIBLE,READY_FOR_BASELINE_EXECUTION_PLANNING,kiln-baseline-preflight-001.csv#row-598
ANARCHI-TEST-OCC-C11BB33758C68563,REQUIRES_ISOLATION,ISOLATION_TOPOLOGY_REQUIRED,kiln-baseline-preflight-001.csv#row-2110
ANARCHI-TEST-OCC-C13E6E86D2828A67,ELIGIBLE,READY_FOR_BASELINE_EXECUTION_PLANNING,kiln-baseline-preflight-001.csv#row-3149
ANARCHI-TEST-OCC-C14FF192FD8942AB,ELIGIBLE,READY_FOR_BASELINE_EXECUTION_PLANNING,kiln-baseline-preflight-001.csv#row-1402
ANARCHI-TEST-OCC-C15CF592E79CB571,SUPPORT_ONLY,SUPPORT_ARTIFACT_ONLY,kiln-baseline-preflight-001.csv#row-448
ANARCHI-TEST-OCC-C15FF928EDC25150,SUPPORT_ONLY,SUPPORT_ARTIFACT_ONLY,kiln-baseline-preflight-001.csv#row-1107
ANARCHI-TEST-OCC-C16483AAEF120E4D,ELIGIBLE,READY_FOR_BASELINE_EXECUTION_PLANNING,kiln-baseline-preflight-001.csv#row-1508
ANARCHI-TEST-OCC-C182747EDF55DFF0,ELIGIBLE,READY_FOR_BASELINE_EXECUTION_PLANNING,kiln-baseline-preflight-001.csv#row-2607
ANARCHI-TEST-OCC-C18B54410D3BF5C3,REQUIRES_ISOLATION,ISOLATION_TOPOLOGY_REQUIRED,kiln-baseline-preflight-001.csv#row-2466
ANARCHI-TEST-OCC-C1AD951E767804CE,ELIGIBLE,READY_FOR_BASELINE_EXECUTION_PLANNING,kiln-baseline-preflight-001.csv#row-2910
ANARCHI-TEST-OCC-C1B30D946D5051BC,REQUIRES_ISOLATION,ISOLATION_TOPOLOGY_REQUIRED,kiln-baseline-preflight-001.csv#row-1401
ANARCHI-TEST-OCC-C1B6DA3E32811A29,ELIGIBLE,READY_FOR_BASELINE_EXECUTION_PLANNING,kiln-baseline-preflight-001.csv#row-3230
ANARCHI-TEST-OCC-C1CE2A5475E48F09,RUNNER_BLOCKED,RUNNER_RECONCILIATION_REQUIRED,kiln-baseline-preflight-001.csv#row-1308
ANARCHI-TEST-OCC-C1D843F6FB89DDC0,ELIGIBLE,READY_FOR_BASELINE_EXECUTION_PLANNING,kiln-baseline-preflight-001.csv#row-403
ANARCHI-TEST-OCC-C214AB0EADCE8DC6,REQUIRES_SANDBOX,SANDBOX_TOPOLOGY_REQUIRED,kiln-baseline-preflight-001.csv#row-1370
ANARCHI-TEST-OCC-C216912A0E05FB99,ELIGIBLE,READY_FOR_BASELINE_EXECUTION_PLANNING,kiln-baseline-preflight-001.csv#row-498
ANARCHI-TEST-OCC-C21C51E332D32961,RUNNER_BLOCKED,RUNNER_RECONCILIATION_REQUIRED,kiln-baseline-preflight-001.csv#row-1112
ANARCHI-TEST-OCC-C23D923AD1F7A5FA,RUNNER_BLOCKED,RUNNER_RECONCILIATION_REQUIRED,kiln-baseline-preflight-001.csv#row-2382
ANARCHI-TEST-OCC-C23F72D541A6C660,ELIGIBLE,READY_FOR_BASELINE_EXECUTION_PLANNING,kiln-baseline-preflight-001.csv#row-176
ANARCHI-TEST-OCC-C24D26100EEA2801,ELIGIBLE,READY_FOR_BASELINE_EXECUTION_PLANNING,kiln-baseline-preflight-001.csv#row-3008
ANARCHI-TEST-OCC-C2574D0A26280AEE,ELIGIBLE,READY_FOR_BASELINE_EXECUTION_PLANNING,kiln-baseline-preflight-001.csv#row-777
ANARCHI-TEST-OCC-C264EAC399909BB6,REQUIRES_ISOLATION,ISOLATION_TOPOLOGY_REQUIRED,kiln-baseline-preflight-001.csv#row-2246
ANARCHI-TEST-OCC-C2675CCD85ED5BF1,REQUIRES_ISOLATION,ISOLATION_TOPOLOGY_REQUIRED,kiln-baseline-preflight-001.csv#row-1479
ANARCHI-TEST-OCC-C2767DE7FB836591,ELIGIBLE,READY_FOR_BASELINE_EXECUTION_PLANNING,kiln-baseline-preflight-001.csv#row-965
ANARCHI-TEST-OCC-C27CBF5092E964BC,RUNNER_BLOCKED,RUNNER_RECONCILIATION_REQUIRED,kiln-baseline-preflight-001.csv#row-1891
ANARCHI-TEST-OCC-C28BD5FBEA33C839,ELIGIBLE,READY_FOR_BASELINE_EXECUTION_PLANNING,kiln-baseline-preflight-001.csv#row-917
ANARCHI-TEST-OCC-C2B540C2FC37FB25,ELIGIBLE,READY_FOR_BASELINE_EXECUTION_PLANNING,kiln-baseline-preflight-001.csv#row-3189
ANARCHI-TEST-OCC-C2C709523913091E,SUPPORT_ONLY,SUPPORT_ARTIFACT_ONLY,kiln-baseline-preflight-001.csv#row-1523
ANARCHI-TEST-OCC-C2D6757E301D613E,ELIGIBLE,READY_FOR_BASELINE_EXECUTION_PLANNING,kiln-baseline-preflight-001.csv#row-915
ANARCHI-TEST-OCC-C31C6F9A5ED2F563,ELIGIBLE,READY_FOR_BASELINE_EXECUTION_PLANNING,kiln-baseline-preflight-001.csv#row-1789
ANARCHI-TEST-OCC-C34B98C48956DF4E,SUPPORT_ONLY,SUPPORT_ARTIFACT_ONLY,kiln-baseline-preflight-001.csv#row-1905
ANARCHI-TEST-OCC-C34D293AA4BC437B,SUPPORT_ONLY,SUPPORT_ARTIFACT_ONLY,kiln-baseline-preflight-001.csv#row-2195
ANARCHI-TEST-OCC-C351E055B34DBC57,RUNNER_BLOCKED,RUNNER_RECONCILIATION_REQUIRED,kiln-baseline-preflight-001.csv#row-1823
ANARCHI-TEST-OCC-C365C6CA0AE3A8D9,RUNNER_BLOCKED,RUNNER_RECONCILIATION_REQUIRED,kiln-baseline-preflight-001.csv#row-1678
ANARCHI-TEST-OCC-C36F81186D4EA212,ELIGIBLE,READY_FOR_BASELINE_EXECUTION_PLANNING,kiln-baseline-preflight-001.csv#row-708
ANARCHI-TEST-OCC-C382FD2E614DB9D1,ELIGIBLE,READY_FOR_BASELINE_EXECUTION_PLANNING,kiln-baseline-preflight-001.csv#row-519
ANARCHI-TEST-OCC-C3ACB98F93D5FD7A,REQUIRES_ISOLATION,READY_BUT_DIRTY_REPOSITORY,kiln-baseline-preflight-001.csv#row-146
ANARCHI-TEST-OCC-C3AE513E53879316,ELIGIBLE,READY_FOR_BASELINE_EXECUTION_PLANNING,kiln-baseline-preflight-001.csv#row-1494
ANARCHI-TEST-OCC-C3BFF1C2FDEA62E2,REQUIRES_SANDBOX,SANDBOX_TOPOLOGY_REQUIRED,kiln-baseline-preflight-001.csv#row-697
ANARCHI-TEST-OCC-C3F371CA7B9845F0,ELIGIBLE,READY_FOR_BASELINE_EXECUTION_PLANNING,kiln-baseline-preflight-001.csv#row-2307
ANARCHI-TEST-OCC-C3F3852519E0F9B8,ELIGIBLE,READY_FOR_BASELINE_EXECUTION_PLANNING,kiln-baseline-preflight-001.csv#row-3092
ANARCHI-TEST-OCC-C42441EA255AB5DC,REQUIRES_ISOLATION,ISOLATION_TOPOLOGY_REQUIRED,kiln-baseline-preflight-001.csv#row-1175
ANARCHI-TEST-OCC-C42865B5B74E6374,ELIGIBLE,READY_FOR_BASELINE_EXECUTION_PLANNING,kiln-baseline-preflight-001.csv#row-2660
ANARCHI-TEST-OCC-C4288CB0629C6176,ELIGIBLE,READY_FOR_BASELINE_EXECUTION_PLANNING,kiln-baseline-preflight-001.csv#row-446
ANARCHI-TEST-OCC-C43484103AAC220D,REQUIRES_ISOLATION,ISOLATION_TOPOLOGY_REQUIRED,kiln-baseline-preflight-001.csv#row-858
ANARCHI-TEST-OCC-C48C6E13DB7D53C3,RUNNER_BLOCKED,RUNNER_RECONCILIATION_REQUIRED,kiln-baseline-preflight-001.csv#row-3234
ANARCHI-TEST-OCC-C4A8FF7DE9DA1FE8,ELIGIBLE,READY_FOR_BASELINE_EXECUTION_PLANNING,kiln-baseline-preflight-001.csv#row-1256
ANARCHI-TEST-OCC-C4C4EDBCE89923FC,ELIGIBLE,READY_FOR_BASELINE_EXECUTION_PLANNING,kiln-baseline-preflight-001.csv#row-2192
ANARCHI-TEST-OCC-C54780A28B99DC96,RUNNER_BLOCKED,RUNNER_RECONCILIATION_REQUIRED,kiln-baseline-preflight-001.csv#row-1264
ANARCHI-TEST-OCC-C54881104278A329,REQUIRES_ISOLATION,ISOLATION_TOPOLOGY_REQUIRED,kiln-baseline-preflight-001.csv#row-1524
ANARCHI-TEST-OCC-C573C8F6B05E3CBC,ELIGIBLE,READY_FOR_BASELINE_EXECUTION_PLANNING,kiln-baseline-preflight-001.csv#row-1614
ANARCHI-TEST-OCC-C58C1B3114E920D8,ELIGIBLE,READY_FOR_BASELINE_EXECUTION_PLANNING,kiln-baseline-preflight-001.csv#row-336
ANARCHI-TEST-OCC-C5A92A6C588284CC,ELIGIBLE,READY_FOR_BASELINE_EXECUTION_PLANNING,kiln-baseline-preflight-001.csv#row-1909
ANARCHI-TEST-OCC-C5F33DF1A24A8DB5,ELIGIBLE,READY_FOR_BASELINE_EXECUTION_PLANNING,kiln-baseline-preflight-001.csv#row-3275
ANARCHI-TEST-OCC-C5F6399D54FD475F,ELIGIBLE,READY_FOR_BASELINE_EXECUTION_PLANNING,kiln-baseline-preflight-001.csv#row-1705
ANARCHI-TEST-OCC-C61674A96ED9B093,RUNNER_BLOCKED,RUNNER_RECONCILIATION_REQUIRED,kiln-baseline-preflight-001.csv#row-779
ANARCHI-TEST-OCC-C65EB85441A193D6,REQUIRES_ISOLATION,READY_BUT_DIRTY_REPOSITORY,kiln-baseline-preflight-001.csv#row-3090
ANARCHI-TEST-OCC-C690E0906174F786,RUNNER_BLOCKED,RUNNER_RECONCILIATION_REQUIRED,kiln-baseline-preflight-001.csv#row-2197
ANARCHI-TEST-OCC-C69525B531FE728C,SUPPORT_ONLY,SUPPORT_ARTIFACT_ONLY,kiln-baseline-preflight-001.csv#row-432
ANARCHI-TEST-OCC-C6AB67CFB51D70D8,ELIGIBLE,READY_FOR_BASELINE_EXECUTION_PLANNING,kiln-baseline-preflight-001.csv#row-242
ANARCHI-TEST-OCC-C6BE642955324A9E,ELIGIBLE,READY_FOR_BASELINE_EXECUTION_PLANNING,kiln-baseline-preflight-001.csv#row-2444
ANARCHI-TEST-OCC-C6CA8283F59AF263,SUPPORT_ONLY,SUPPORT_ARTIFACT_ONLY,kiln-baseline-preflight-001.csv#row-2032
ANARCHI-TEST-OCC-C6D3EDC4C34687E0,SUPPORT_ONLY,SUPPORT_ARTIFACT_ONLY,kiln-baseline-preflight-001.csv#row-194
ANARCHI-TEST-OCC-C6EF20FB360955B4,RUNNER_BLOCKED,RUNNER_RECONCILIATION_REQUIRED,kiln-baseline-preflight-001.csv#row-107
ANARCHI-TEST-OCC-C6F25F5037249E90,ELIGIBLE,READY_FOR_BASELINE_EXECUTION_PLANNING,kiln-baseline-preflight-001.csv#row-951
ANARCHI-TEST-OCC-C7141B5D39B71085,SUPPORT_ONLY,SUPPORT_ARTIFACT_ONLY,kiln-baseline-preflight-001.csv#row-428
ANARCHI-TEST-OCC-C736AF53A747D4BF,SUPPORT_ONLY,SUPPORT_ARTIFACT_ONLY,kiln-baseline-preflight-001.csv#row-1961
ANARCHI-TEST-OCC-C7868C0E8CD50A2B,ELIGIBLE,READY_FOR_BASELINE_EXECUTION_PLANNING,kiln-baseline-preflight-001.csv#row-2958
ANARCHI-TEST-OCC-C78F561BD53207DE,SUPPORT_ONLY,SUPPORT_ARTIFACT_ONLY,kiln-baseline-preflight-001.csv#row-1170
ANARCHI-TEST-OCC-C79807604340A7F0,SUPPORT_ONLY,SUPPORT_ARTIFACT_ONLY,kiln-baseline-preflight-001.csv#row-1249
ANARCHI-TEST-OCC-C79BE22D27DF5652,REQUIRES_ISOLATION,ISOLATION_TOPOLOGY_REQUIRED,kiln-baseline-preflight-001.csv#row-2998
ANARCHI-TEST-OCC-C79E1C8C33F1C58B,SUPPORT_ONLY,SUPPORT_ARTIFACT_ONLY,kiln-baseline-preflight-001.csv#row-2649
ANARCHI-TEST-OCC-C7C2D371BDF8C53D,ELIGIBLE,READY_FOR_BASELINE_EXECUTION_PLANNING,kiln-baseline-preflight-001.csv#row-1897
ANARCHI-TEST-OCC-C7E0036FE37FE242,REQUIRES_ISOLATION,READY_BUT_DIRTY_REPOSITORY,kiln-baseline-preflight-001.csv#row-124
ANARCHI-TEST-OCC-C7E5BB3C084EA305,RUNNER_BLOCKED,RUNNER_RECONCILIATION_REQUIRED,kiln-baseline-preflight-001.csv#row-2503
ANARCHI-TEST-OCC-C81A9D63FC36A958,REQUIRES_ISOLATION,ISOLATION_TOPOLOGY_REQUIRED,kiln-baseline-preflight-001.csv#row-1193
ANARCHI-TEST-OCC-C839D7713692CC7E,ELIGIBLE,READY_FOR_BASELINE_EXECUTION_PLANNING,kiln-baseline-preflight-001.csv#row-1886
ANARCHI-TEST-OCC-C83DE22E3A533EAD,ELIGIBLE,READY_FOR_BASELINE_EXECUTION_PLANNING,kiln-baseline-preflight-001.csv#row-2563
ANARCHI-TEST-OCC-C842E78252F4692F,ELIGIBLE,READY_FOR_BASELINE_EXECUTION_PLANNING,kiln-baseline-preflight-001.csv#row-1485
ANARCHI-TEST-OCC-C84551ABA8B9A313,ELIGIBLE,READY_FOR_BASELINE_EXECUTION_PLANNING,kiln-baseline-preflight-001.csv#row-2344
ANARCHI-TEST-OCC-C850424EF4F8C3A9,ELIGIBLE,READY_FOR_BASELINE_EXECUTION_PLANNING,kiln-baseline-preflight-001.csv#row-365
ANARCHI-TEST-OCC-C88D06D8E76D027E,ELIGIBLE,READY_FOR_BASELINE_EXECUTION_PLANNING,kiln-baseline-preflight-001.csv#row-3171
ANARCHI-TEST-OCC-C892206079085D46,REQUIRES_ISOLATION,ISOLATION_TOPOLOGY_REQUIRED,kiln-baseline-preflight-001.csv#row-1296
ANARCHI-TEST-OCC-C898F6C8414D2259,REQUIRES_ISOLATION,ISOLATION_TOPOLOGY_REQUIRED,kiln-baseline-preflight-001.csv#row-923
ANARCHI-TEST-OCC-C89C7634BA013D60,REQUIRES_SANDBOX,SANDBOX_TOPOLOGY_REQUIRED,kiln-baseline-preflight-001.csv#row-2435
ANARCHI-TEST-OCC-C8A011D760534A16,ELIGIBLE,READY_FOR_BASELINE_EXECUTION_PLANNING,kiln-baseline-preflight-001.csv#row-2203
ANARCHI-TEST-OCC-C8A39D9F6670CCF9,ELIGIBLE,READY_FOR_BASELINE_EXECUTION_PLANNING,kiln-baseline-preflight-001.csv#row-2341
ANARCHI-TEST-OCC-C8AC3B306FE235EF,REQUIRES_ISOLATION,ISOLATION_TOPOLOGY_REQUIRED,kiln-baseline-preflight-001.csv#row-3196
ANARCHI-TEST-OCC-C8C806A693832885,REQUIRES_ISOLATION,ISOLATION_TOPOLOGY_REQUIRED,kiln-baseline-preflight-001.csv#row-985
ANARCHI-TEST-OCC-C8E0DE6681239FC5,REQUIRES_ISOLATION,READY_BUT_DIRTY_REPOSITORY,kiln-baseline-preflight-001.csv#row-181
ANARCHI-TEST-OCC-C8EB7B9BA7F54120,SUPPORT_ONLY,SUPPORT_ARTIFACT_ONLY,kiln-baseline-preflight-001.csv#row-89
ANARCHI-TEST-OCC-C8EBCC09E97DA902,ELIGIBLE,READY_FOR_BASELINE_EXECUTION_PLANNING,kiln-baseline-preflight-001.csv#row-3109
ANARCHI-TEST-OCC-C91482280482B58D,ELIGIBLE,READY_FOR_BASELINE_EXECUTION_PLANNING,kiln-baseline-preflight-001.csv#row-1149
ANARCHI-TEST-OCC-C933D46F73D4847D,REQUIRES_SANDBOX,SANDBOX_TOPOLOGY_REQUIRED,kiln-baseline-preflight-001.csv#row-3143
ANARCHI-TEST-OCC-C9354690911527B4,ELIGIBLE,READY_FOR_BASELINE_EXECUTION_PLANNING,kiln-baseline-preflight-001.csv#row-1954
ANARCHI-TEST-OCC-C956A2EB76813BE5,ELIGIBLE,READY_FOR_BASELINE_EXECUTION_PLANNING,kiln-baseline-preflight-001.csv#row-1162
ANARCHI-TEST-OCC-C95B7C53CCE62C52,ELIGIBLE,READY_FOR_BASELINE_EXECUTION_PLANNING,kiln-baseline-preflight-001.csv#row-1567
ANARCHI-TEST-OCC-C976B20441330491,REQUIRES_ISOLATION,ISOLATION_TOPOLOGY_REQUIRED,kiln-baseline-preflight-001.csv#row-1503
ANARCHI-TEST-OCC-C9E39525801D3803,RUNNER_BLOCKED,RUNNER_RECONCILIATION_REQUIRED,kiln-baseline-preflight-001.csv#row-1947
ANARCHI-TEST-OCC-CA10F98E38B906FF,ELIGIBLE,READY_FOR_BASELINE_EXECUTION_PLANNING,kiln-baseline-preflight-001.csv#row-3073
ANARCHI-TEST-OCC-CA118B3255D063C1,SUPPORT_ONLY,SUPPORT_ARTIFACT_ONLY,kiln-baseline-preflight-001.csv#row-2455
ANARCHI-TEST-OCC-CA309B2146F48E62,ELIGIBLE,READY_FOR_BASELINE_EXECUTION_PLANNING,kiln-baseline-preflight-001.csv#row-2322
ANARCHI-TEST-OCC-CA68EECFCC6BC8D2,ELIGIBLE,READY_FOR_BASELINE_EXECUTION_PLANNING,kiln-baseline-preflight-001.csv#row-1837
ANARCHI-TEST-OCC-CA7875F30AB9923A,REQUIRES_ISOLATION,ISOLATION_TOPOLOGY_REQUIRED,kiln-baseline-preflight-001.csv#row-1058
ANARCHI-TEST-OCC-CA95C855C9B5D409,ELIGIBLE,READY_FOR_BASELINE_EXECUTION_PLANNING,kiln-baseline-preflight-001.csv#row-3144
ANARCHI-TEST-OCC-CAA8438A791F04FE,REQUIRES_ISOLATION,ISOLATION_TOPOLOGY_REQUIRED,kiln-baseline-preflight-001.csv#row-1612
ANARCHI-TEST-OCC-CAAF761D54280B00,RUNNER_BLOCKED,RUNNER_RECONCILIATION_REQUIRED,kiln-baseline-preflight-001.csv#row-952
ANARCHI-TEST-OCC-CAD357FB1A486E2A,ELIGIBLE,READY_FOR_BASELINE_EXECUTION_PLANNING,kiln-baseline-preflight-001.csv#row-2564
ANARCHI-TEST-OCC-CADF8F3DE47A33BB,ELIGIBLE,READY_FOR_BASELINE_EXECUTION_PLANNING,kiln-baseline-preflight-001.csv#row-2374
ANARCHI-TEST-OCC-CAEF5F4EBE1D301C,ELIGIBLE,READY_FOR_BASELINE_EXECUTION_PLANNING,kiln-baseline-preflight-001.csv#row-2922
ANARCHI-TEST-OCC-CB0D2F9BDDAC8E33,SUPPORT_ONLY,SUPPORT_ARTIFACT_ONLY,kiln-baseline-preflight-001.csv#row-1858
ANARCHI-TEST-OCC-CB2B3EB51473B906,RUNNER_BLOCKED,RUNNER_RECONCILIATION_REQUIRED,kiln-baseline-preflight-001.csv#row-2714
ANARCHI-TEST-OCC-CB3A2C6EB63477E0,ELIGIBLE,READY_FOR_BASELINE_EXECUTION_PLANNING,kiln-baseline-preflight-001.csv#row-535
ANARCHI-TEST-OCC-CB4615387331FEA3,ELIGIBLE,READY_FOR_BASELINE_EXECUTION_PLANNING,kiln-baseline-preflight-001.csv#row-2797
ANARCHI-TEST-OCC-CB4B2B0B9B998287,ELIGIBLE,READY_FOR_BASELINE_EXECUTION_PLANNING,kiln-baseline-preflight-001.csv#row-2765
ANARCHI-TEST-OCC-CB4FF564C7E7AF63,ELIGIBLE,READY_FOR_BASELINE_EXECUTION_PLANNING,kiln-baseline-preflight-001.csv#row-1293
ANARCHI-TEST-OCC-CB60E5ED92C1BC46,REQUIRES_ISOLATION,ISOLATION_TOPOLOGY_REQUIRED,kiln-baseline-preflight-001.csv#row-2865
ANARCHI-TEST-OCC-CB8BFF2B0E205BA4,ELIGIBLE,READY_FOR_BASELINE_EXECUTION_PLANNING,kiln-baseline-preflight-001.csv#row-1603
ANARCHI-TEST-OCC-CB9342425B891B3B,ELIGIBLE,READY_FOR_BASELINE_EXECUTION_PLANNING,kiln-baseline-preflight-001.csv#row-2850
ANARCHI-TEST-OCC-CB9B5E01B0BD89E4,REQUIRES_ISOLATION,ISOLATION_TOPOLOGY_REQUIRED,kiln-baseline-preflight-001.csv#row-979
ANARCHI-TEST-OCC-CBA751F01BCC3EDC,ELIGIBLE,READY_FOR_BASELINE_EXECUTION_PLANNING,kiln-baseline-preflight-001.csv#row-3006
ANARCHI-TEST-OCC-CBB329D4DB4AC5D5,RUNNER_BLOCKED,RUNNER_RECONCILIATION_REQUIRED,kiln-baseline-preflight-001.csv#row-2111
ANARCHI-TEST-OCC-CBC772B13760B489,SUPPORT_ONLY,SUPPORT_ARTIFACT_ONLY,kiln-baseline-preflight-001.csv#row-955
ANARCHI-TEST-OCC-CBCF3E5C1F38D0E7,ELIGIBLE,READY_FOR_BASELINE_EXECUTION_PLANNING,kiln-baseline-preflight-001.csv#row-1278
ANARCHI-TEST-OCC-CBF15E6253ED8477,ELIGIBLE,READY_FOR_BASELINE_EXECUTION_PLANNING,kiln-baseline-preflight-001.csv#row-964
ANARCHI-TEST-OCC-CC070BEEED0D9B96,ELIGIBLE,READY_FOR_BASELINE_EXECUTION_PLANNING,kiln-baseline-preflight-001.csv#row-1184
ANARCHI-TEST-OCC-CC0811CAA734F057,ELIGIBLE,READY_FOR_BASELINE_EXECUTION_PLANNING,kiln-baseline-preflight-001.csv#row-601
ANARCHI-TEST-OCC-CC0CCBAB965C17B3,REQUIRES_ISOLATION,ISOLATION_TOPOLOGY_REQUIRED,kiln-baseline-preflight-001.csv#row-1913
ANARCHI-TEST-OCC-CC0FB1886302B0B7,ELIGIBLE,READY_FOR_BASELINE_EXECUTION_PLANNING,kiln-baseline-preflight-001.csv#row-29
ANARCHI-TEST-OCC-CC2204ED0294D242,ELIGIBLE,READY_FOR_BASELINE_EXECUTION_PLANNING,kiln-baseline-preflight-001.csv#row-2935
ANARCHI-TEST-OCC-CC228DF2EBFB0F78,ELIGIBLE,READY_FOR_BASELINE_EXECUTION_PLANNING,kiln-baseline-preflight-001.csv#row-1504
ANARCHI-TEST-OCC-CC4268F98DC2D2FF,ELIGIBLE,READY_FOR_BASELINE_EXECUTION_PLANNING,kiln-baseline-preflight-001.csv#row-986
ANARCHI-TEST-OCC-CC7D343D00B94243,REQUIRES_ISOLATION,ISOLATION_TOPOLOGY_REQUIRED,kiln-baseline-preflight-001.csv#row-2787
ANARCHI-TEST-OCC-CC8D8DA5BA4B8403,RUNNER_BLOCKED,RUNNER_RECONCILIATION_REQUIRED,kiln-baseline-preflight-001.csv#row-1917
ANARCHI-TEST-OCC-CC97E9D57269197B,REQUIRES_ISOLATION,ISOLATION_TOPOLOGY_REQUIRED,kiln-baseline-preflight-001.csv#row-2670
ANARCHI-TEST-OCC-CCB017B682AA1BAB,ELIGIBLE,READY_FOR_BASELINE_EXECUTION_PLANNING,kiln-baseline-preflight-001.csv#row-2225
ANARCHI-TEST-OCC-CCBB732C6198C0B0,ELIGIBLE,READY_FOR_BASELINE_EXECUTION_PLANNING,kiln-baseline-preflight-001.csv#row-2484
ANARCHI-TEST-OCC-CCBF75935B375997,SUPPORT_ONLY,SUPPORT_ARTIFACT_ONLY,kiln-baseline-preflight-001.csv#row-2545
ANARCHI-TEST-OCC-CCCDA5B77C82223D,ELIGIBLE,READY_FOR_BASELINE_EXECUTION_PLANNING,kiln-baseline-preflight-001.csv#row-1560
ANARCHI-TEST-OCC-CCFCFB0E65B19FCE,RUNNER_BLOCKED,RUNNER_RECONCILIATION_REQUIRED,kiln-baseline-preflight-001.csv#row-1019
ANARCHI-TEST-OCC-CCFD51DB78385C17,ELIGIBLE,READY_FOR_BASELINE_EXECUTION_PLANNING,kiln-baseline-preflight-001.csv#row-1521
ANARCHI-TEST-OCC-CD1763AB175D87F6,ELIGIBLE,READY_FOR_BASELINE_EXECUTION_PLANNING,kiln-baseline-preflight-001.csv#row-3103
ANARCHI-TEST-OCC-CD25DB90C34AB242,RUNNER_BLOCKED,RUNNER_RECONCILIATION_REQUIRED,kiln-baseline-preflight-001.csv#row-2495
ANARCHI-TEST-OCC-CD286F057A14BEB8,SUPPORT_ONLY,SUPPORT_ARTIFACT_ONLY,kiln-baseline-preflight-001.csv#row-972
ANARCHI-TEST-OCC-CD330E9CBDF569D6,ELIGIBLE,READY_FOR_BASELINE_EXECUTION_PLANNING,kiln-baseline-preflight-001.csv#row-658
ANARCHI-TEST-OCC-CD37BAB7D61D5A62,RUNNER_BLOCKED,RUNNER_RECONCILIATION_REQUIRED,kiln-baseline-preflight-001.csv#row-810
ANARCHI-TEST-OCC-CD6590E208AD375E,REQUIRES_ISOLATION,ISOLATION_TOPOLOGY_REQUIRED,kiln-baseline-preflight-001.csv#row-886
ANARCHI-TEST-OCC-CD9221320449F471,RUNNER_BLOCKED,RUNNER_RECONCILIATION_REQUIRED,kiln-baseline-preflight-001.csv#row-386
ANARCHI-TEST-OCC-CDE11266BE1DD0F6,ELIGIBLE,READY_FOR_BASELINE_EXECUTION_PLANNING,kiln-baseline-preflight-001.csv#row-2972
ANARCHI-TEST-OCC-CE09F8B038298996,RUNNER_BLOCKED,RUNNER_RECONCILIATION_REQUIRED,kiln-baseline-preflight-001.csv#row-2828
ANARCHI-TEST-OCC-CE0CA661A852D430,ELIGIBLE,READY_FOR_BASELINE_EXECUTION_PLANNING,kiln-baseline-preflight-001.csv#row-2288
ANARCHI-TEST-OCC-CE62A6BB62AF13EE,REQUIRES_ISOLATION,ISOLATION_TOPOLOGY_REQUIRED,kiln-baseline-preflight-001.csv#row-603
ANARCHI-TEST-OCC-CE65325673CB9780,RUNNER_BLOCKED,RUNNER_RECONCILIATION_REQUIRED,kiln-baseline-preflight-001.csv#row-591
ANARCHI-TEST-OCC-CE687F3E2B4BE99A,REQUIRES_ISOLATION,ISOLATION_TOPOLOGY_REQUIRED,kiln-baseline-preflight-001.csv#row-2719
ANARCHI-TEST-OCC-CE73A2C2146ABB54,RUNNER_BLOCKED,RUNNER_RECONCILIATION_REQUIRED,kiln-baseline-preflight-001.csv#row-437
ANARCHI-TEST-OCC-CEA99811C8572323,SUPPORT_ONLY,SUPPORT_ARTIFACT_ONLY,kiln-baseline-preflight-001.csv#row-1014
ANARCHI-TEST-OCC-CEE334BDE219061A,ELIGIBLE,READY_FOR_BASELINE_EXECUTION_PLANNING,kiln-baseline-preflight-001.csv#row-2058
ANARCHI-TEST-OCC-CF00CD4A0BE34384,ELIGIBLE,READY_FOR_BASELINE_EXECUTION_PLANNING,kiln-baseline-preflight-001.csv#row-2245
ANARCHI-TEST-OCC-CF0316CBA61D8A8F,ELIGIBLE,READY_FOR_BASELINE_EXECUTION_PLANNING,kiln-baseline-preflight-001.csv#row-1080
ANARCHI-TEST-OCC-CF092484373A8CEB,ELIGIBLE,READY_FOR_BASELINE_EXECUTION_PLANNING,kiln-baseline-preflight-001.csv#row-2692
ANARCHI-TEST-OCC-CF1726A5FE16D2BC,ELIGIBLE,READY_FOR_BASELINE_EXECUTION_PLANNING,kiln-baseline-preflight-001.csv#row-531
ANARCHI-TEST-OCC-CF212159683E0AFE,ELIGIBLE,READY_FOR_BASELINE_EXECUTION_PLANNING,kiln-baseline-preflight-001.csv#row-2401
ANARCHI-TEST-OCC-CF5F422F10D24B1D,ELIGIBLE,READY_FOR_BASELINE_EXECUTION_PLANNING,kiln-baseline-preflight-001.csv#row-976
ANARCHI-TEST-OCC-CF658BD04CA68B4A,ELIGIBLE,READY_FOR_BASELINE_EXECUTION_PLANNING,kiln-baseline-preflight-001.csv#row-954
ANARCHI-TEST-OCC-CFB307D63E131C17,ELIGIBLE,READY_FOR_BASELINE_EXECUTION_PLANNING,kiln-baseline-preflight-001.csv#row-1354
ANARCHI-TEST-OCC-CFB4183FD7F391E0,REQUIRES_ISOLATION,ISOLATION_TOPOLOGY_REQUIRED,kiln-baseline-preflight-001.csv#row-1914
ANARCHI-TEST-OCC-CFBC6FCF19344A6F,RUNNER_BLOCKED,RUNNER_RECONCILIATION_REQUIRED,kiln-baseline-preflight-001.csv#row-2772
ANARCHI-TEST-OCC-CFCC657035E17359,REQUIRES_ISOLATION,ISOLATION_TOPOLOGY_REQUIRED,kiln-baseline-preflight-001.csv#row-2180
ANARCHI-TEST-OCC-CFE9D3653A915470,ELIGIBLE,READY_FOR_BASELINE_EXECUTION_PLANNING,kiln-baseline-preflight-001.csv#row-2287
ANARCHI-TEST-OCC-D01933BA19D37D6C,SUPPORT_ONLY,SUPPORT_ARTIFACT_ONLY,kiln-baseline-preflight-001.csv#row-2521
ANARCHI-TEST-OCC-D01CC5C0C8D69F0D,SUPPORT_ONLY,SUPPORT_ARTIFACT_ONLY,kiln-baseline-preflight-001.csv#row-1804
ANARCHI-TEST-OCC-D0311D2C20DF0AAC,ELIGIBLE,READY_FOR_BASELINE_EXECUTION_PLANNING,kiln-baseline-preflight-001.csv#row-817
ANARCHI-TEST-OCC-D03C93A4C5BFB6CE,SUPPORT_ONLY,SUPPORT_ARTIFACT_ONLY,kiln-baseline-preflight-001.csv#row-255
ANARCHI-TEST-OCC-D059647BB0E3878C,ELIGIBLE,READY_FOR_BASELINE_EXECUTION_PLANNING,kiln-baseline-preflight-001.csv#row-1292
ANARCHI-TEST-OCC-D05B7BA95A7EC597,ELIGIBLE,READY_FOR_BASELINE_EXECUTION_PLANNING,kiln-baseline-preflight-001.csv#row-866
ANARCHI-TEST-OCC-D096A4DF944CEE13,ELIGIBLE,READY_FOR_BASELINE_EXECUTION_PLANNING,kiln-baseline-preflight-001.csv#row-1746
ANARCHI-TEST-OCC-D0A1650EB08826B5,RUNNER_BLOCKED,RUNNER_RECONCILIATION_REQUIRED,kiln-baseline-preflight-001.csv#row-879
ANARCHI-TEST-OCC-D0BD6D23E4A2BA2B,SUPPORT_ONLY,SUPPORT_ARTIFACT_ONLY,kiln-baseline-preflight-001.csv#row-2335
ANARCHI-TEST-OCC-D104C0CC3EE3C5D4,REQUIRES_ISOLATION,ISOLATION_TOPOLOGY_REQUIRED,kiln-baseline-preflight-001.csv#row-3198
ANARCHI-TEST-OCC-D120DFCC4A93AC9D,ELIGIBLE,READY_FOR_BASELINE_EXECUTION_PLANNING,kiln-baseline-preflight-001.csv#row-1125
ANARCHI-TEST-OCC-D1438D965D8430C5,RUNNER_BLOCKED,RUNNER_RECONCILIATION_REQUIRED,kiln-baseline-preflight-001.csv#row-1364
ANARCHI-TEST-OCC-D143C73F588B89EA,RUNNER_BLOCKED,RUNNER_RECONCILIATION_REQUIRED,kiln-baseline-preflight-001.csv#row-1888
ANARCHI-TEST-OCC-D14848A35E41621B,ELIGIBLE,READY_FOR_BASELINE_EXECUTION_PLANNING,kiln-baseline-preflight-001.csv#row-1511
ANARCHI-TEST-OCC-D1541EE368898E69,ELIGIBLE,READY_FOR_BASELINE_EXECUTION_PLANNING,kiln-baseline-preflight-001.csv#row-763
ANARCHI-TEST-OCC-D16ADC0924564F9F,SUPPORT_ONLY,SUPPORT_ARTIFACT_ONLY,kiln-baseline-preflight-001.csv#row-3211
ANARCHI-TEST-OCC-D1777080C48C24F9,ELIGIBLE,READY_FOR_BASELINE_EXECUTION_PLANNING,kiln-baseline-preflight-001.csv#row-2881
ANARCHI-TEST-OCC-D17B2576417D5CFD,ELIGIBLE,READY_FOR_BASELINE_EXECUTION_PLANNING,kiln-baseline-preflight-001.csv#row-3278
ANARCHI-TEST-OCC-D17B8583A750468D,REQUIRES_ISOLATION,ISOLATION_TOPOLOGY_REQUIRED,kiln-baseline-preflight-001.csv#row-914
ANARCHI-TEST-OCC-D1A1E402E4DAE2CB,REQUIRES_ISOLATION,ISOLATION_TOPOLOGY_REQUIRED,kiln-baseline-preflight-001.csv#row-2390
ANARCHI-TEST-OCC-D1A504001C049DCB,RUNNER_BLOCKED,RUNNER_RECONCILIATION_REQUIRED,kiln-baseline-preflight-001.csv#row-1810
ANARCHI-TEST-OCC-D1B5CA5A25F83B8E,RUNNER_BLOCKED,RUNNER_RECONCILIATION_REQUIRED,kiln-baseline-preflight-001.csv#row-3246
ANARCHI-TEST-OCC-D1E2DDF43C967723,REQUIRES_ISOLATION,READY_BUT_DIRTY_REPOSITORY,kiln-baseline-preflight-001.csv#row-2749
ANARCHI-TEST-OCC-D1ECE88A0E2A7177,ELIGIBLE,READY_FOR_BASELINE_EXECUTION_PLANNING,kiln-baseline-preflight-001.csv#row-1738
ANARCHI-TEST-OCC-D227DDA938FE1AE5,ELIGIBLE,READY_FOR_BASELINE_EXECUTION_PLANNING,kiln-baseline-preflight-001.csv#row-644
ANARCHI-TEST-OCC-D267FCD68F00F9C2,RUNNER_BLOCKED,RUNNER_RECONCILIATION_REQUIRED,kiln-baseline-preflight-001.csv#row-2337
ANARCHI-TEST-OCC-D27438C4F7F05C26,REQUIRES_ISOLATION,ISOLATION_TOPOLOGY_REQUIRED,kiln-baseline-preflight-001.csv#row-300
ANARCHI-TEST-OCC-D2751D89F3C0531D,ELIGIBLE,READY_FOR_BASELINE_EXECUTION_PLANNING,kiln-baseline-preflight-001.csv#row-3266
ANARCHI-TEST-OCC-D2818C8EE5B8AA58,ELIGIBLE,READY_FOR_BASELINE_EXECUTION_PLANNING,kiln-baseline-preflight-001.csv#row-2357
ANARCHI-TEST-OCC-D28A2602F48B21D6,SUPPORT_ONLY,SUPPORT_ARTIFACT_ONLY,kiln-baseline-preflight-001.csv#row-3170
ANARCHI-TEST-OCC-D2A8B39A89F64C32,SUPPORT_ONLY,SUPPORT_ARTIFACT_ONLY,kiln-baseline-preflight-001.csv#row-568
ANARCHI-TEST-OCC-D2B39F298B42D4E7,ELIGIBLE,READY_FOR_BASELINE_EXECUTION_PLANNING,kiln-baseline-preflight-001.csv#row-2630
ANARCHI-TEST-OCC-D2E1B01012153FB5,REQUIRES_ISOLATION,ISOLATION_TOPOLOGY_REQUIRED,kiln-baseline-preflight-001.csv#row-1473
ANARCHI-TEST-OCC-D2EDD5CDC06BBC76,ELIGIBLE,READY_FOR_BASELINE_EXECUTION_PLANNING,kiln-baseline-preflight-001.csv#row-555
ANARCHI-TEST-OCC-D2FA2FB4C387DA9E,ELIGIBLE,READY_FOR_BASELINE_EXECUTION_PLANNING,kiln-baseline-preflight-001.csv#row-2318
ANARCHI-TEST-OCC-D30AFE8D4ED57888,REQUIRES_ISOLATION,ISOLATION_TOPOLOGY_REQUIRED,kiln-baseline-preflight-001.csv#row-687
ANARCHI-TEST-OCC-D339BC60E6020B85,ELIGIBLE,READY_FOR_BASELINE_EXECUTION_PLANNING,kiln-baseline-preflight-001.csv#row-53
ANARCHI-TEST-OCC-D36E6BAA87E2F77B,ELIGIBLE,READY_FOR_BASELINE_EXECUTION_PLANNING,kiln-baseline-preflight-001.csv#row-2222
ANARCHI-TEST-OCC-D37BCE72D65B6A8C,SUPPORT_ONLY,SUPPORT_ARTIFACT_ONLY,kiln-baseline-preflight-001.csv#row-1892
ANARCHI-TEST-OCC-D37D58C3E003880D,ELIGIBLE,READY_FOR_BASELINE_EXECUTION_PLANNING,kiln-baseline-preflight-001.csv#row-711
ANARCHI-TEST-OCC-D38A3D26CBD457D1,REQUIRES_ISOLATION,ISOLATION_TOPOLOGY_REQUIRED,kiln-baseline-preflight-001.csv#row-815
ANARCHI-TEST-OCC-D392BAA7DF412CD0,RUNNER_BLOCKED,RUNNER_RECONCILIATION_REQUIRED,kiln-baseline-preflight-001.csv#row-1565
ANARCHI-TEST-OCC-D39B4E8D6D823B8A,REQUIRES_ISOLATION,ISOLATION_TOPOLOGY_REQUIRED,kiln-baseline-preflight-001.csv#row-2310
ANARCHI-TEST-OCC-D3A5FE0745A570DA,ELIGIBLE,READY_FOR_BASELINE_EXECUTION_PLANNING,kiln-baseline-preflight-001.csv#row-1169
ANARCHI-TEST-OCC-D3BF4B8048D15780,REQUIRES_ISOLATION,ISOLATION_TOPOLOGY_REQUIRED,kiln-baseline-preflight-001.csv#row-1349
ANARCHI-TEST-OCC-D3CD1E5A9F1B03AA,ELIGIBLE,READY_FOR_BASELINE_EXECUTION_PLANNING,kiln-baseline-preflight-001.csv#row-2077
ANARCHI-TEST-OCC-D3D7C2109D897A62,REQUIRES_ISOLATION,ISOLATION_TOPOLOGY_REQUIRED,kiln-baseline-preflight-001.csv#row-1548
ANARCHI-TEST-OCC-D3E1C62454077E58,SUPPORT_ONLY,SUPPORT_ARTIFACT_ONLY,kiln-baseline-preflight-001.csv#row-1680
ANARCHI-TEST-OCC-D408339E8F945D00,SUPPORT_ONLY,SUPPORT_ARTIFACT_ONLY,kiln-baseline-preflight-001.csv#row-1325
ANARCHI-TEST-OCC-D463A48095897C23,SUPPORT_ONLY,SUPPORT_ARTIFACT_ONLY,kiln-baseline-preflight-001.csv#row-1040
ANARCHI-TEST-OCC-D477465221318437,ELIGIBLE,READY_FOR_BASELINE_EXECUTION_PLANNING,kiln-baseline-preflight-001.csv#row-2673
ANARCHI-TEST-OCC-D4BD372DF4D8FF84,REQUIRES_ISOLATION,ISOLATION_TOPOLOGY_REQUIRED,kiln-baseline-preflight-001.csv#row-2159
ANARCHI-TEST-OCC-D4E160B0AC01F49F,ELIGIBLE,READY_FOR_BASELINE_EXECUTION_PLANNING,kiln-baseline-preflight-001.csv#row-482
ANARCHI-TEST-OCC-D4FF1E1DEDF94F73,REQUIRES_ISOLATION,ISOLATION_TOPOLOGY_REQUIRED,kiln-baseline-preflight-001.csv#row-2012
ANARCHI-TEST-OCC-D50F8C55C3885AB8,ELIGIBLE,READY_FOR_BASELINE_EXECUTION_PLANNING,kiln-baseline-preflight-001.csv#row-500
ANARCHI-TEST-OCC-D51D1011F9F29D3C,REQUIRES_ISOLATION,ISOLATION_TOPOLOGY_REQUIRED,kiln-baseline-preflight-001.csv#row-3049
ANARCHI-TEST-OCC-D52F65A82AD1C3B4,ELIGIBLE,READY_FOR_BASELINE_EXECUTION_PLANNING,kiln-baseline-preflight-001.csv#row-588
ANARCHI-TEST-OCC-D54C7B75F5852CCD,REQUIRES_ISOLATION,ISOLATION_TOPOLOGY_REQUIRED,kiln-baseline-preflight-001.csv#row-1863
ANARCHI-TEST-OCC-D5577036C4DBE887,ELIGIBLE,READY_FOR_BASELINE_EXECUTION_PLANNING,kiln-baseline-preflight-001.csv#row-3235
ANARCHI-TEST-OCC-D55E372E3A3AEDD8,ELIGIBLE,READY_FOR_BASELINE_EXECUTION_PLANNING,kiln-baseline-preflight-001.csv#row-2816
ANARCHI-TEST-OCC-D58D264A608E02A1,RUNNER_BLOCKED,RUNNER_RECONCILIATION_REQUIRED,kiln-baseline-preflight-001.csv#row-456
ANARCHI-TEST-OCC-D5A7C9A696C90F21,ELIGIBLE,READY_FOR_BASELINE_EXECUTION_PLANNING,kiln-baseline-preflight-001.csv#row-1825
ANARCHI-TEST-OCC-D5B5FFCD7CAD4684,ELIGIBLE,READY_FOR_BASELINE_EXECUTION_PLANNING,kiln-baseline-preflight-001.csv#row-2102
ANARCHI-TEST-OCC-D5B7FEADD5145244,REQUIRES_ISOLATION,ISOLATION_TOPOLOGY_REQUIRED,kiln-baseline-preflight-001.csv#row-583
ANARCHI-TEST-OCC-D5BB0B7FAF620A5F,SUPPORT_ONLY,SUPPORT_ARTIFACT_ONLY,kiln-baseline-preflight-001.csv#row-1069
ANARCHI-TEST-OCC-D5D6F189940B278A,REQUIRES_ISOLATION,ISOLATION_TOPOLOGY_REQUIRED,kiln-baseline-preflight-001.csv#row-1748
ANARCHI-TEST-OCC-D611DE75740C79FB,ELIGIBLE,READY_FOR_BASELINE_EXECUTION_PLANNING,kiln-baseline-preflight-001.csv#row-2359
ANARCHI-TEST-OCC-D6121F2A0DFB40B1,REQUIRES_SANDBOX,SANDBOX_TOPOLOGY_REQUIRED,kiln-baseline-preflight-001.csv#row-759
ANARCHI-TEST-OCC-D62410EC029BA7E7,RUNNER_BLOCKED,RUNNER_RECONCILIATION_REQUIRED,kiln-baseline-preflight-001.csv#row-234
ANARCHI-TEST-OCC-D643DE902CC310C0,RUNNER_BLOCKED,RUNNER_RECONCILIATION_REQUIRED,kiln-baseline-preflight-001.csv#row-28
ANARCHI-TEST-OCC-D6997D81FDE411FD,REQUIRES_SANDBOX,SANDBOX_TOPOLOGY_REQUIRED,kiln-baseline-preflight-001.csv#row-2973
ANARCHI-TEST-OCC-D699AB1E595E836E,REQUIRES_SANDBOX,SANDBOX_TOPOLOGY_REQUIRED,kiln-baseline-preflight-001.csv#row-2728
ANARCHI-TEST-OCC-D6DEEDB14B8867C1,ELIGIBLE,READY_FOR_BASELINE_EXECUTION_PLANNING,kiln-baseline-preflight-001.csv#row-2777
ANARCHI-TEST-OCC-D6EECA204565A18B,ELIGIBLE,READY_FOR_BASELINE_EXECUTION_PLANNING,kiln-baseline-preflight-001.csv#row-1484
ANARCHI-TEST-OCC-D70D10A7CD9ECED4,ELIGIBLE,READY_FOR_BASELINE_EXECUTION_PLANNING,kiln-baseline-preflight-001.csv#row-2955
ANARCHI-TEST-OCC-D71CFCA0A19BE7A3,RUNNER_BLOCKED,RUNNER_RECONCILIATION_REQUIRED,kiln-baseline-preflight-001.csv#row-408
ANARCHI-TEST-OCC-D730A71B643D7D53,ELIGIBLE,READY_FOR_BASELINE_EXECUTION_PLANNING,kiln-baseline-preflight-001.csv#row-2126
ANARCHI-TEST-OCC-D741511AE7133C11,REQUIRES_ISOLATION,ISOLATION_TOPOLOGY_REQUIRED,kiln-baseline-preflight-001.csv#row-1486
ANARCHI-TEST-OCC-D749865E4060A85E,REQUIRES_ISOLATION,READY_BUT_DIRTY_REPOSITORY,kiln-baseline-preflight-001.csv#row-2786
ANARCHI-TEST-OCC-D76AD27032212584,SUPPORT_ONLY,SUPPORT_ARTIFACT_ONLY,kiln-baseline-preflight-001.csv#row-2010
ANARCHI-TEST-OCC-D77647D84FE5F090,RUNNER_BLOCKED,RUNNER_RECONCILIATION_REQUIRED,kiln-baseline-preflight-001.csv#row-844
ANARCHI-TEST-OCC-D7A1EC339D6B61D6,RUNNER_BLOCKED,RUNNER_RECONCILIATION_REQUIRED,kiln-baseline-preflight-001.csv#row-1340
ANARCHI-TEST-OCC-D7BE10C902E75DE4,ELIGIBLE,READY_FOR_BASELINE_EXECUTION_PLANNING,kiln-baseline-preflight-001.csv#row-247
ANARCHI-TEST-OCC-D7CDFD0A6474D9F7,RUNNER_BLOCKED,RUNNER_RECONCILIATION_REQUIRED,kiln-baseline-preflight-001.csv#row-1070
ANARCHI-TEST-OCC-D7D2889E6303FA9B,ELIGIBLE,READY_FOR_BASELINE_EXECUTION_PLANNING,kiln-baseline-preflight-001.csv#row-890
ANARCHI-TEST-OCC-D7D399607AFD41A5,ELIGIBLE,READY_FOR_BASELINE_EXECUTION_PLANNING,kiln-baseline-preflight-001.csv#row-1547
ANARCHI-TEST-OCC-D7F3B492EB359321,ELIGIBLE,READY_FOR_BASELINE_EXECUTION_PLANNING,kiln-baseline-preflight-001.csv#row-2873
ANARCHI-TEST-OCC-D8116741A26823DC,ELIGIBLE,READY_FOR_BASELINE_EXECUTION_PLANNING,kiln-baseline-preflight-001.csv#row-2476
ANARCHI-TEST-OCC-D814F1E7D05FE768,ELIGIBLE,READY_FOR_BASELINE_EXECUTION_PLANNING,kiln-baseline-preflight-001.csv#row-2855
ANARCHI-TEST-OCC-D816572272F35F93,ELIGIBLE,READY_FOR_BASELINE_EXECUTION_PLANNING,kiln-baseline-preflight-001.csv#row-1128
ANARCHI-TEST-OCC-D819A9B795328540,ELIGIBLE,READY_FOR_BASELINE_EXECUTION_PLANNING,kiln-baseline-preflight-001.csv#row-2870
ANARCHI-TEST-OCC-D856C257D903E0E8,REQUIRES_ISOLATION,ISOLATION_TOPOLOGY_REQUIRED,kiln-baseline-preflight-001.csv#row-348
ANARCHI-TEST-OCC-D87670CBB2C07851,RUNNER_BLOCKED,RUNNER_RECONCILIATION_REQUIRED,kiln-baseline-preflight-001.csv#row-1253
ANARCHI-TEST-OCC-D88F1EDEAF83F233,REQUIRES_ISOLATION,ISOLATION_TOPOLOGY_REQUIRED,kiln-baseline-preflight-001.csv#row-832
ANARCHI-TEST-OCC-D8B0BC8AD5529280,RUNNER_BLOCKED,RUNNER_RECONCILIATION_REQUIRED,kiln-baseline-preflight-001.csv#row-288
ANARCHI-TEST-OCC-D8C088D679B661DD,REQUIRES_ISOLATION,ISOLATION_TOPOLOGY_REQUIRED,kiln-baseline-preflight-001.csv#row-3013
ANARCHI-TEST-OCC-D8C960F536E6D162,ELIGIBLE,READY_FOR_BASELINE_EXECUTION_PLANNING,kiln-baseline-preflight-001.csv#row-2087
ANARCHI-TEST-OCC-D8DA67C9C5D2C350,ELIGIBLE,READY_FOR_BASELINE_EXECUTION_PLANNING,kiln-baseline-preflight-001.csv#row-740
ANARCHI-TEST-OCC-D929426A51D405FA,ELIGIBLE,READY_FOR_BASELINE_EXECUTION_PLANNING,kiln-baseline-preflight-001.csv#row-30
ANARCHI-TEST-OCC-D92B7A3AFA18B37B,RUNNER_BLOCKED,RUNNER_RECONCILIATION_REQUIRED,kiln-baseline-preflight-001.csv#row-2071
ANARCHI-TEST-OCC-D943E6D04BDF8B73,ELIGIBLE,READY_FOR_BASELINE_EXECUTION_PLANNING,kiln-baseline-preflight-001.csv#row-1667
ANARCHI-TEST-OCC-D96048D59521C73E,ELIGIBLE,READY_FOR_BASELINE_EXECUTION_PLANNING,kiln-baseline-preflight-001.csv#row-1918
ANARCHI-TEST-OCC-D9BB26EEB2125581,REQUIRES_ISOLATION,ISOLATION_TOPOLOGY_REQUIRED,kiln-baseline-preflight-001.csv#row-830
ANARCHI-TEST-OCC-D9D181C600512D84,ELIGIBLE,READY_FOR_BASELINE_EXECUTION_PLANNING,kiln-baseline-preflight-001.csv#row-2069
ANARCHI-TEST-OCC-D9D2DD57AB93204F,ELIGIBLE,READY_FOR_BASELINE_EXECUTION_PLANNING,kiln-baseline-preflight-001.csv#row-2863
ANARCHI-TEST-OCC-D9EB01026DBDEC17,SUPPORT_ONLY,SUPPORT_ARTIFACT_ONLY,kiln-baseline-preflight-001.csv#row-878
ANARCHI-TEST-OCC-D9F18B58C8B7320D,RUNNER_BLOCKED,RUNNER_RECONCILIATION_REQUIRED,kiln-baseline-preflight-001.csv#row-1171
ANARCHI-TEST-OCC-D9F89505BCE077BB,ELIGIBLE,READY_FOR_BASELINE_EXECUTION_PLANNING,kiln-baseline-preflight-001.csv#row-1048
ANARCHI-TEST-OCC-DA25E8E277074C69,ELIGIBLE,READY_FOR_BASELINE_EXECUTION_PLANNING,kiln-baseline-preflight-001.csv#row-2555
ANARCHI-TEST-OCC-DA277F1F3FAA425B,ELIGIBLE,READY_FOR_BASELINE_EXECUTION_PLANNING,kiln-baseline-preflight-001.csv#row-1929
ANARCHI-TEST-OCC-DA38907AF0F1D340,ELIGIBLE,READY_FOR_BASELINE_EXECUTION_PLANNING,kiln-baseline-preflight-001.csv#row-1203
ANARCHI-TEST-OCC-DA3F899811817EBA,ELIGIBLE,READY_FOR_BASELINE_EXECUTION_PLANNING,kiln-baseline-preflight-001.csv#row-1953
ANARCHI-TEST-OCC-DA57346A449B7C8B,ELIGIBLE,READY_FOR_BASELINE_EXECUTION_PLANNING,kiln-baseline-preflight-001.csv#row-1501
ANARCHI-TEST-OCC-DA5785DF6A3308CF,ELIGIBLE,READY_FOR_BASELINE_EXECUTION_PLANNING,kiln-baseline-preflight-001.csv#row-3093
ANARCHI-TEST-OCC-DA78C1C36B211E34,ELIGIBLE,READY_FOR_BASELINE_EXECUTION_PLANNING,kiln-baseline-preflight-001.csv#row-2991
ANARCHI-TEST-OCC-DABDC94DDD8E6FA2,RUNNER_BLOCKED,RUNNER_RECONCILIATION_REQUIRED,kiln-baseline-preflight-001.csv#row-2043
ANARCHI-TEST-OCC-DADD5689CD88F86A,RUNNER_BLOCKED,RUNNER_RECONCILIATION_REQUIRED,kiln-baseline-preflight-001.csv#row-3137
ANARCHI-TEST-OCC-DB08DB0D2880CAEB,ELIGIBLE,READY_FOR_BASELINE_EXECUTION_PLANNING,kiln-baseline-preflight-001.csv#row-648
ANARCHI-TEST-OCC-DB1B133B76CA316D,SUPPORT_ONLY,SUPPORT_ARTIFACT_ONLY,kiln-baseline-preflight-001.csv#row-2562
ANARCHI-TEST-OCC-DB2311DEA0B1596C,REQUIRES_SANDBOX,SANDBOX_TOPOLOGY_REQUIRED,kiln-baseline-preflight-001.csv#row-2693
ANARCHI-TEST-OCC-DB2B9FE3B1B78052,REQUIRES_ISOLATION,ISOLATION_TOPOLOGY_REQUIRED,kiln-baseline-preflight-001.csv#row-2119
ANARCHI-TEST-OCC-DB755FCC0810E140,REQUIRES_ISOLATION,ISOLATION_TOPOLOGY_REQUIRED,kiln-baseline-preflight-001.csv#row-2286
ANARCHI-TEST-OCC-DBA71187E28CFFA5,REQUIRES_ISOLATION,READY_BUT_DIRTY_REPOSITORY,kiln-baseline-preflight-001.csv#row-1235
ANARCHI-TEST-OCC-DBEF583B92B4345D,REQUIRES_ISOLATION,ISOLATION_TOPOLOGY_REQUIRED,kiln-baseline-preflight-001.csv#row-736
ANARCHI-TEST-OCC-DBF12AF5DC172512,ELIGIBLE,READY_FOR_BASELINE_EXECUTION_PLANNING,kiln-baseline-preflight-001.csv#row-138
ANARCHI-TEST-OCC-DC0B78167E65DA76,ELIGIBLE,READY_FOR_BASELINE_EXECUTION_PLANNING,kiln-baseline-preflight-001.csv#row-1552
ANARCHI-TEST-OCC-DC0BEF923E6AF04E,ELIGIBLE,READY_FOR_BASELINE_EXECUTION_PLANNING,kiln-baseline-preflight-001.csv#row-3136
ANARCHI-TEST-OCC-DC2C2E2B66099330,SUPPORT_ONLY,SUPPORT_ARTIFACT_ONLY,kiln-baseline-preflight-001.csv#row-1940
ANARCHI-TEST-OCC-DC4C1256FAC6CD08,ELIGIBLE,READY_FOR_BASELINE_EXECUTION_PLANNING,kiln-baseline-preflight-001.csv#row-1687
ANARCHI-TEST-OCC-DCA50C1FADC92795,SUPPORT_ONLY,SUPPORT_ARTIFACT_ONLY,kiln-baseline-preflight-001.csv#row-992
ANARCHI-TEST-OCC-DCAD9FB68D5EDDC2,ELIGIBLE,READY_FOR_BASELINE_EXECUTION_PLANNING,kiln-baseline-preflight-001.csv#row-1743
ANARCHI-TEST-OCC-DCAE5CFA18085EE3,RUNNER_BLOCKED,RUNNER_RECONCILIATION_REQUIRED,kiln-baseline-preflight-001.csv#row-2000
ANARCHI-TEST-OCC-DCD8C51358C94E16,ELIGIBLE,READY_FOR_BASELINE_EXECUTION_PLANNING,kiln-baseline-preflight-001.csv#row-1064
ANARCHI-TEST-OCC-DCDCA285264E8FC1,SUPPORT_ONLY,SUPPORT_ARTIFACT_ONLY,kiln-baseline-preflight-001.csv#row-406
ANARCHI-TEST-OCC-DCDDEF2C119FC50A,ELIGIBLE,READY_FOR_BASELINE_EXECUTION_PLANNING,kiln-baseline-preflight-001.csv#row-1555
ANARCHI-TEST-OCC-DCF1D2195FBFC994,ELIGIBLE,READY_FOR_BASELINE_EXECUTION_PLANNING,kiln-baseline-preflight-001.csv#row-663
ANARCHI-TEST-OCC-DD04466D896204DD,RUNNER_BLOCKED,RUNNER_RECONCILIATION_REQUIRED,kiln-baseline-preflight-001.csv#row-589
ANARCHI-TEST-OCC-DD06A358995D519B,ELIGIBLE,READY_FOR_BASELINE_EXECUTION_PLANNING,kiln-baseline-preflight-001.csv#row-2473
ANARCHI-TEST-OCC-DD07DE8EE9235D9C,SUPPORT_ONLY,SUPPORT_ARTIFACT_ONLY,kiln-baseline-preflight-001.csv#row-1564
ANARCHI-TEST-OCC-DD0FFD4AF3C939C8,RUNNER_BLOCKED,RUNNER_RECONCILIATION_REQUIRED,kiln-baseline-preflight-001.csv#row-2445
ANARCHI-TEST-OCC-DD18B282E492C186,ELIGIBLE,READY_FOR_BASELINE_EXECUTION_PLANNING,kiln-baseline-preflight-001.csv#row-1828
ANARCHI-TEST-OCC-DD1F79C9A842E0C1,SUPPORT_ONLY,SUPPORT_ARTIFACT_ONLY,kiln-baseline-preflight-001.csv#row-771
ANARCHI-TEST-OCC-DD1F9157C15FD7FC,SUPPORT_ONLY,SUPPORT_ARTIFACT_ONLY,kiln-baseline-preflight-001.csv#row-282
ANARCHI-TEST-OCC-DD344C92B9BFB698,ELIGIBLE,READY_FOR_BASELINE_EXECUTION_PLANNING,kiln-baseline-preflight-001.csv#row-1666
ANARCHI-TEST-OCC-DD441008383946FD,ELIGIBLE,READY_FOR_BASELINE_EXECUTION_PLANNING,kiln-baseline-preflight-001.csv#row-2824
ANARCHI-TEST-OCC-DD471AEA42E5ED8A,ELIGIBLE,READY_FOR_BASELINE_EXECUTION_PLANNING,kiln-baseline-preflight-001.csv#row-481
ANARCHI-TEST-OCC-DD4FEA82881161E5,ELIGIBLE,READY_FOR_BASELINE_EXECUTION_PLANNING,kiln-baseline-preflight-001.csv#row-315
ANARCHI-TEST-OCC-DD5AA9E1FD48E090,REQUIRES_ISOLATION,ISOLATION_TOPOLOGY_REQUIRED,kiln-baseline-preflight-001.csv#row-1657
ANARCHI-TEST-OCC-DD6B2730B9063F22,ELIGIBLE,READY_FOR_BASELINE_EXECUTION_PLANNING,kiln-baseline-preflight-001.csv#row-3129
ANARCHI-TEST-OCC-DD6C03828FEC3457,ELIGIBLE,READY_FOR_BASELINE_EXECUTION_PLANNING,kiln-baseline-preflight-001.csv#row-323
ANARCHI-TEST-OCC-DD7EE0CBAC3A881F,RUNNER_BLOCKED,RUNNER_RECONCILIATION_REQUIRED,kiln-baseline-preflight-001.csv#row-2724
ANARCHI-TEST-OCC-DD9AD48CED250CA4,RUNNER_BLOCKED,RUNNER_RECONCILIATION_REQUIRED,kiln-baseline-preflight-001.csv#row-2305
ANARCHI-TEST-OCC-DDC7F92E75D094B8,SUPPORT_ONLY,SUPPORT_ARTIFACT_ONLY,kiln-baseline-preflight-001.csv#row-1720
ANARCHI-TEST-OCC-DDD2C19F132F9097,REQUIRES_ISOLATION,ISOLATION_TOPOLOGY_REQUIRED,kiln-baseline-preflight-001.csv#row-417
ANARCHI-TEST-OCC-DDDB32567B802B6B,ELIGIBLE,READY_FOR_BASELINE_EXECUTION_PLANNING,kiln-baseline-preflight-001.csv#row-1691
ANARCHI-TEST-OCC-DDE75FCFEBDE904E,ELIGIBLE,READY_FOR_BASELINE_EXECUTION_PLANNING,kiln-baseline-preflight-001.csv#row-887
ANARCHI-TEST-OCC-DDF9C9F540D5B109,ELIGIBLE,READY_FOR_BASELINE_EXECUTION_PLANNING,kiln-baseline-preflight-001.csv#row-381
ANARCHI-TEST-OCC-DE6F741A679A079E,ELIGIBLE,READY_FOR_BASELINE_EXECUTION_PLANNING,kiln-baseline-preflight-001.csv#row-2277
ANARCHI-TEST-OCC-DE70C9FAAADF5E24,REQUIRES_ISOLATION,ISOLATION_TOPOLOGY_REQUIRED,kiln-baseline-preflight-001.csv#row-1351
ANARCHI-TEST-OCC-DE92009453E4378B,ELIGIBLE,READY_FOR_BASELINE_EXECUTION_PLANNING,kiln-baseline-preflight-001.csv#row-2134
ANARCHI-TEST-OCC-DEB207AAF677AAF5,REQUIRES_ISOLATION,READY_BUT_DIRTY_REPOSITORY,kiln-baseline-preflight-001.csv#row-3025
ANARCHI-TEST-OCC-DEBE84BCC9B01BBB,RUNNER_BLOCKED,RUNNER_RECONCILIATION_REQUIRED,kiln-baseline-preflight-001.csv#row-2214
ANARCHI-TEST-OCC-DEDFAFDCE4C7E017,ELIGIBLE,READY_FOR_BASELINE_EXECUTION_PLANNING,kiln-baseline-preflight-001.csv#row-331
ANARCHI-TEST-OCC-DEED0C01CEE52059,RUNNER_BLOCKED,RUNNER_RECONCILIATION_REQUIRED,kiln-baseline-preflight-001.csv#row-2107
ANARCHI-TEST-OCC-DEED27289914335E,ELIGIBLE,READY_FOR_BASELINE_EXECUTION_PLANNING,kiln-baseline-preflight-001.csv#row-119
ANARCHI-TEST-OCC-DEF23F315A6531F9,RUNNER_BLOCKED,RUNNER_RECONCILIATION_REQUIRED,kiln-baseline-preflight-001.csv#row-1581
ANARCHI-TEST-OCC-DEFB7D5E65098DF8,ELIGIBLE,READY_FOR_BASELINE_EXECUTION_PLANNING,kiln-baseline-preflight-001.csv#row-42
ANARCHI-TEST-OCC-DEFE8987E4082982,ELIGIBLE,READY_FOR_BASELINE_EXECUTION_PLANNING,kiln-baseline-preflight-001.csv#row-2826
ANARCHI-TEST-OCC-DF09B0267B785AEA,SUPPORT_ONLY,SUPPORT_ARTIFACT_ONLY,kiln-baseline-preflight-001.csv#row-1495
ANARCHI-TEST-OCC-DF0DF67914280447,REQUIRES_ISOLATION,ISOLATION_TOPOLOGY_REQUIRED,kiln-baseline-preflight-001.csv#row-3286
ANARCHI-TEST-OCC-DF409DF9E51F3D2B,ELIGIBLE,READY_FOR_BASELINE_EXECUTION_PLANNING,kiln-baseline-preflight-001.csv#row-1179
ANARCHI-TEST-OCC-DF4A32C9D896DC1B,SUPPORT_ONLY,SUPPORT_ARTIFACT_ONLY,kiln-baseline-preflight-001.csv#row-836
ANARCHI-TEST-OCC-DF4D54724332B2FE,ELIGIBLE,READY_FOR_BASELINE_EXECUTION_PLANNING,kiln-baseline-preflight-001.csv#row-2050
ANARCHI-TEST-OCC-DF6D9CD31047BB83,REQUIRES_ISOLATION,ISOLATION_TOPOLOGY_REQUIRED,kiln-baseline-preflight-001.csv#row-602
ANARCHI-TEST-OCC-DF7E4DFC140FE9A9,ELIGIBLE,READY_FOR_BASELINE_EXECUTION_PLANNING,kiln-baseline-preflight-001.csv#row-1950
ANARCHI-TEST-OCC-DF9BBFE14043A0FB,ELIGIBLE,READY_FOR_BASELINE_EXECUTION_PLANNING,kiln-baseline-preflight-001.csv#row-680
ANARCHI-TEST-OCC-DFBADE7D0A198148,SUPPORT_ONLY,SUPPORT_ARTIFACT_ONLY,kiln-baseline-preflight-001.csv#row-1102
ANARCHI-TEST-OCC-DFC11315FB19E2ED,SUPPORT_ONLY,SUPPORT_ARTIFACT_ONLY,kiln-baseline-preflight-001.csv#row-2945
ANARCHI-TEST-OCC-DFC99BC5032F0E8B,ELIGIBLE,READY_FOR_BASELINE_EXECUTION_PLANNING,kiln-baseline-preflight-001.csv#row-919
ANARCHI-TEST-OCC-DFD4FAE3C03DE2C3,ELIGIBLE,READY_FOR_BASELINE_EXECUTION_PLANNING,kiln-baseline-preflight-001.csv#row-129
ANARCHI-TEST-OCC-DFDD6A9C33A93835,SUPPORT_ONLY,SUPPORT_ARTIFACT_ONLY,kiln-baseline-preflight-001.csv#row-2149
ANARCHI-TEST-OCC-DFE6F0AA64887580,SUPPORT_ONLY,SUPPORT_ARTIFACT_ONLY,kiln-baseline-preflight-001.csv#row-789
ANARCHI-TEST-OCC-E0103140AD102404,ELIGIBLE,READY_FOR_BASELINE_EXECUTION_PLANNING,kiln-baseline-preflight-001.csv#row-3228
ANARCHI-TEST-OCC-E01E7386C6ACF42C,SUPPORT_ONLY,SUPPORT_ARTIFACT_ONLY,kiln-baseline-preflight-001.csv#row-1468
ANARCHI-TEST-OCC-E03181BA0EA647E2,ELIGIBLE,READY_FOR_BASELINE_EXECUTION_PLANNING,kiln-baseline-preflight-001.csv#row-667
ANARCHI-TEST-OCC-E033E2A923B743DB,ELIGIBLE,READY_FOR_BASELINE_EXECUTION_PLANNING,kiln-baseline-preflight-001.csv#row-3174
ANARCHI-TEST-OCC-E049A55295A80391,RUNNER_BLOCKED,RUNNER_RECONCILIATION_REQUIRED,kiln-baseline-preflight-001.csv#row-2314
ANARCHI-TEST-OCC-E0566CD33D5CACEE,SUPPORT_ONLY,SUPPORT_ARTIFACT_ONLY,kiln-baseline-preflight-001.csv#row-1166
ANARCHI-TEST-OCC-E057C829024FBAB6,REQUIRES_ISOLATION,READY_BUT_DIRTY_REPOSITORY,kiln-baseline-preflight-001.csv#row-1701
ANARCHI-TEST-OCC-E06D10ADF09EEDDD,RUNNER_BLOCKED,RUNNER_RECONCILIATION_REQUIRED,kiln-baseline-preflight-001.csv#row-1240
ANARCHI-TEST-OCC-E08ED89D08530F3A,ELIGIBLE,READY_FOR_BASELINE_EXECUTION_PLANNING,kiln-baseline-preflight-001.csv#row-848
ANARCHI-TEST-OCC-E096A8E0D146FE79,SUPPORT_ONLY,SUPPORT_ARTIFACT_ONLY,kiln-baseline-preflight-001.csv#row-2406
ANARCHI-TEST-OCC-E09C15A462FA7F91,ELIGIBLE,READY_FOR_BASELINE_EXECUTION_PLANNING,kiln-baseline-preflight-001.csv#row-24
ANARCHI-TEST-OCC-E0D4027D42A6AB05,ELIGIBLE,READY_FOR_BASELINE_EXECUTION_PLANNING,kiln-baseline-preflight-001.csv#row-541
ANARCHI-TEST-OCC-E0E8025AF6F081E3,ELIGIBLE,READY_FOR_BASELINE_EXECUTION_PLANNING,kiln-baseline-preflight-001.csv#row-2462
ANARCHI-TEST-OCC-E0EA435D8799ECBB,SUPPORT_ONLY,SUPPORT_ARTIFACT_ONLY,kiln-baseline-preflight-001.csv#row-404
ANARCHI-TEST-OCC-E0EC3CD43951CEDE,RUNNER_BLOCKED,RUNNER_RECONCILIATION_REQUIRED,kiln-baseline-preflight-001.csv#row-334
ANARCHI-TEST-OCC-E159C4D43DA2BBE2,ELIGIBLE,READY_FOR_BASELINE_EXECUTION_PLANNING,kiln-baseline-preflight-001.csv#row-664
ANARCHI-TEST-OCC-E16DC880DF621725,ELIGIBLE,READY_FOR_BASELINE_EXECUTION_PLANNING,kiln-baseline-preflight-001.csv#row-1210
ANARCHI-TEST-OCC-E18202860FB785DA,REQUIRES_ISOLATION,ISOLATION_TOPOLOGY_REQUIRED,kiln-baseline-preflight-001.csv#row-904
ANARCHI-TEST-OCC-E18AE8402806CD23,SUPPORT_ONLY,SUPPORT_ARTIFACT_ONLY,kiln-baseline-preflight-001.csv#row-2190
ANARCHI-TEST-OCC-E19C6CFCB8EA2C79,ELIGIBLE,READY_FOR_BASELINE_EXECUTION_PLANNING,kiln-baseline-preflight-001.csv#row-2970
ANARCHI-TEST-OCC-E1A7F845DF77FF3F,SUPPORT_ONLY,SUPPORT_ARTIFACT_ONLY,kiln-baseline-preflight-001.csv#row-1836
ANARCHI-TEST-OCC-E1C779D373F8BBB9,ELIGIBLE,READY_FOR_BASELINE_EXECUTION_PLANNING,kiln-baseline-preflight-001.csv#row-1446
ANARCHI-TEST-OCC-E259BEA96C3698EA,ELIGIBLE,READY_FOR_BASELINE_EXECUTION_PLANNING,kiln-baseline-preflight-001.csv#row-260
ANARCHI-TEST-OCC-E266E48DF0E24D24,REQUIRES_ISOLATION,ISOLATION_TOPOLOGY_REQUIRED,kiln-baseline-preflight-001.csv#row-349
ANARCHI-TEST-OCC-E27507D8147BC4EA,REQUIRES_ISOLATION,ISOLATION_TOPOLOGY_REQUIRED,kiln-baseline-preflight-001.csv#row-2459
ANARCHI-TEST-OCC-E29108D508838CD3,SUPPORT_ONLY,SUPPORT_ARTIFACT_ONLY,kiln-baseline-preflight-001.csv#row-2183
ANARCHI-TEST-OCC-E2B056323EDC6019,SUPPORT_ONLY,SUPPORT_ARTIFACT_ONLY,kiln-baseline-preflight-001.csv#row-1860
ANARCHI-TEST-OCC-E2B182B9953A7D12,ELIGIBLE,READY_FOR_BASELINE_EXECUTION_PLANNING,kiln-baseline-preflight-001.csv#row-1006
ANARCHI-TEST-OCC-E2CB9738694C9886,RUNNER_BLOCKED,RUNNER_RECONCILIATION_REQUIRED,kiln-baseline-preflight-001.csv#row-2996
ANARCHI-TEST-OCC-E2DC09824753411E,ELIGIBLE,READY_FOR_BASELINE_EXECUTION_PLANNING,kiln-baseline-preflight-001.csv#row-3014
ANARCHI-TEST-OCC-E2DD104B500946CC,ELIGIBLE,READY_FOR_BASELINE_EXECUTION_PLANNING,kiln-baseline-preflight-001.csv#row-91
ANARCHI-TEST-OCC-E300B971833A6706,ELIGIBLE,READY_FOR_BASELINE_EXECUTION_PLANNING,kiln-baseline-preflight-001.csv#row-2652
ANARCHI-TEST-OCC-E309F8119F57E9EC,ELIGIBLE,READY_FOR_BASELINE_EXECUTION_PLANNING,kiln-baseline-preflight-001.csv#row-1982
ANARCHI-TEST-OCC-E31806E4911921B0,SUPPORT_ONLY,SUPPORT_ARTIFACT_ONLY,kiln-baseline-preflight-001.csv#row-268
ANARCHI-TEST-OCC-E32A63C894E44A08,ELIGIBLE,READY_FOR_BASELINE_EXECUTION_PLANNING,kiln-baseline-preflight-001.csv#row-2396
ANARCHI-TEST-OCC-E34822409277A558,RUNNER_BLOCKED,RUNNER_RECONCILIATION_REQUIRED,kiln-baseline-preflight-001.csv#row-1725
ANARCHI-TEST-OCC-E3A00CF89A4C67F7,ELIGIBLE,READY_FOR_BASELINE_EXECUTION_PLANNING,kiln-baseline-preflight-001.csv#row-1158
ANARCHI-TEST-OCC-E3BB07FBED5FA92A,REQUIRES_ISOLATION,ISOLATION_TOPOLOGY_REQUIRED,kiln-baseline-preflight-001.csv#row-2752
ANARCHI-TEST-OCC-E3DF2E25274F21FF,SUPPORT_ONLY,SUPPORT_ARTIFACT_ONLY,kiln-baseline-preflight-001.csv#row-3131
ANARCHI-TEST-OCC-E3E97676FB050374,SUPPORT_ONLY,SUPPORT_ARTIFACT_ONLY,kiln-baseline-preflight-001.csv#row-193
ANARCHI-TEST-OCC-E3E9E982A46DC110,ELIGIBLE,READY_FOR_BASELINE_EXECUTION_PLANNING,kiln-baseline-preflight-001.csv#row-2349
ANARCHI-TEST-OCC-E3EB2987AA2107B4,RUNNER_BLOCKED,RUNNER_RECONCILIATION_REQUIRED,kiln-baseline-preflight-001.csv#row-231
ANARCHI-TEST-OCC-E3ED9917B7167FD1,REQUIRES_ISOLATION,ISOLATION_TOPOLOGY_REQUIRED,kiln-baseline-preflight-001.csv#row-2167
ANARCHI-TEST-OCC-E3FBF2ED538F9946,REQUIRES_ISOLATION,ISOLATION_TOPOLOGY_REQUIRED,kiln-baseline-preflight-001.csv#row-3289
ANARCHI-TEST-OCC-E3FFA3E72A61511A,REQUIRES_ISOLATION,READY_BUT_DIRTY_REPOSITORY,kiln-baseline-preflight-001.csv#row-186
ANARCHI-TEST-OCC-E41D4AB337D52F89,REQUIRES_ISOLATION,ISOLATION_TOPOLOGY_REQUIRED,kiln-baseline-preflight-001.csv#row-1824
ANARCHI-TEST-OCC-E44DA9500389E6E2,ELIGIBLE,READY_FOR_BASELINE_EXECUTION_PLANNING,kiln-baseline-preflight-001.csv#row-2211
ANARCHI-TEST-OCC-E4654EABD3D7A9F4,ELIGIBLE,READY_FOR_BASELINE_EXECUTION_PLANNING,kiln-baseline-preflight-001.csv#row-351
ANARCHI-TEST-OCC-E4713E72BD7F3E0E,BLOCKED,BLOCKED,kiln-baseline-preflight-001.csv#row-1492
ANARCHI-TEST-OCC-E47B4BBB5A23094C,ELIGIBLE,READY_FOR_BASELINE_EXECUTION_PLANNING,kiln-baseline-preflight-001.csv#row-2247
ANARCHI-TEST-OCC-E48943FC0F7E68B8,SUPPORT_ONLY,SUPPORT_ARTIFACT_ONLY,kiln-baseline-preflight-001.csv#row-2216
ANARCHI-TEST-OCC-E497D687C99ABF23,ELIGIBLE,READY_FOR_BASELINE_EXECUTION_PLANNING,kiln-baseline-preflight-001.csv#row-1794
ANARCHI-TEST-OCC-E4B0756FCB392C0A,REQUIRES_ISOLATION,READY_BUT_DIRTY_REPOSITORY,kiln-baseline-preflight-001.csv#row-700
ANARCHI-TEST-OCC-E4B0B5D24C9EBCFA,RUNNER_BLOCKED,RUNNER_RECONCILIATION_REQUIRED,kiln-baseline-preflight-001.csv#row-1916
ANARCHI-TEST-OCC-E4B89928A1A6C026,ELIGIBLE,READY_FOR_BASELINE_EXECUTION_PLANNING,kiln-baseline-preflight-001.csv#row-2009
ANARCHI-TEST-OCC-E4BA657A60290E4D,RUNNER_BLOCKED,RUNNER_RECONCILIATION_REQUIRED,kiln-baseline-preflight-001.csv#row-2063
ANARCHI-TEST-OCC-E4C4AF41D1C7BDED,ELIGIBLE,READY_FOR_BASELINE_EXECUTION_PLANNING,kiln-baseline-preflight-001.csv#row-3268
ANARCHI-TEST-OCC-E4F96B8DA85F1249,ELIGIBLE,READY_FOR_BASELINE_EXECUTION_PLANNING,kiln-baseline-preflight-001.csv#row-2321
ANARCHI-TEST-OCC-E516312513715A8A,ELIGIBLE,READY_FOR_BASELINE_EXECUTION_PLANNING,kiln-baseline-preflight-001.csv#row-121
ANARCHI-TEST-OCC-E54139105CC3CEC2,RUNNER_BLOCKED,RUNNER_RECONCILIATION_REQUIRED,kiln-baseline-preflight-001.csv#row-1198
ANARCHI-TEST-OCC-E56554143C7A4373,SUPPORT_ONLY,SUPPORT_ARTIFACT_ONLY,kiln-baseline-preflight-001.csv#row-2031
ANARCHI-TEST-OCC-E5BE81BD11F7831D,ELIGIBLE,READY_FOR_BASELINE_EXECUTION_PLANNING,kiln-baseline-preflight-001.csv#row-2520
ANARCHI-TEST-OCC-E5F4BDEE53484876,REQUIRES_ISOLATION,ISOLATION_TOPOLOGY_REQUIRED,kiln-baseline-preflight-001.csv#row-2441
ANARCHI-TEST-OCC-E626E62700EEEF00,RUNNER_BLOCKED,RUNNER_RECONCILIATION_REQUIRED,kiln-baseline-preflight-001.csv#row-2507
ANARCHI-TEST-OCC-E64414AF56CA2DA6,RUNNER_BLOCKED,RUNNER_RECONCILIATION_REQUIRED,kiln-baseline-preflight-001.csv#row-2527
ANARCHI-TEST-OCC-E64C3A023D149839,REQUIRES_ISOLATION,ISOLATION_TOPOLOGY_REQUIRED,kiln-baseline-preflight-001.csv#row-1074
ANARCHI-TEST-OCC-E6509C408D741F0F,RUNNER_BLOCKED,RUNNER_RECONCILIATION_REQUIRED,kiln-baseline-preflight-001.csv#row-2469
ANARCHI-TEST-OCC-E65E1999037875AD,REQUIRES_ISOLATION,READY_BUT_DIRTY_REPOSITORY,kiln-baseline-preflight-001.csv#row-225
ANARCHI-TEST-OCC-E685EC882D2D78C8,ELIGIBLE,READY_FOR_BASELINE_EXECUTION_PLANNING,kiln-baseline-preflight-001.csv#row-1499
ANARCHI-TEST-OCC-E68CA7CBE456FFCD,ELIGIBLE,READY_FOR_BASELINE_EXECUTION_PLANNING,kiln-baseline-preflight-001.csv#row-2483
ANARCHI-TEST-OCC-E6AB2F3F8CEB120B,SUPPORT_ONLY,SUPPORT_ARTIFACT_ONLY,kiln-baseline-preflight-001.csv#row-793
ANARCHI-TEST-OCC-E6ADD063F2C67028,ELIGIBLE,READY_FOR_BASELINE_EXECUTION_PLANNING,kiln-baseline-preflight-001.csv#row-2736
ANARCHI-TEST-OCC-E6CC454AB3B85E7E,ELIGIBLE,READY_FOR_BASELINE_EXECUTION_PLANNING,kiln-baseline-preflight-001.csv#row-1930
ANARCHI-TEST-OCC-E6F1D405094F7FAB,SUPPORT_ONLY,SUPPORT_ARTIFACT_ONLY,kiln-baseline-preflight-001.csv#row-2616
ANARCHI-TEST-OCC-E6F964DA66C48137,SUPPORT_ONLY,SUPPORT_ARTIFACT_ONLY,kiln-baseline-preflight-001.csv#row-1602
ANARCHI-TEST-OCC-E71F706CA8AC980B,ELIGIBLE,READY_FOR_BASELINE_EXECUTION_PLANNING,kiln-baseline-preflight-001.csv#row-309
ANARCHI-TEST-OCC-E720F06B163CDA73,RUNNER_BLOCKED,RUNNER_RECONCILIATION_REQUIRED,kiln-baseline-preflight-001.csv#row-1262
ANARCHI-TEST-OCC-E7720C7E57480A36,ELIGIBLE,READY_FOR_BASELINE_EXECUTION_PLANNING,kiln-baseline-preflight-001.csv#row-2514
ANARCHI-TEST-OCC-E776079A3B8CBC5D,RUNNER_BLOCKED,RUNNER_RECONCILIATION_REQUIRED,kiln-baseline-preflight-001.csv#row-770
ANARCHI-TEST-OCC-E77A3E4E33C1C53A,SUPPORT_ONLY,SUPPORT_ARTIFACT_ONLY,kiln-baseline-preflight-001.csv#row-3060
ANARCHI-TEST-OCC-E7AF27C75C540334,ELIGIBLE,READY_FOR_BASELINE_EXECUTION_PLANNING,kiln-baseline-preflight-001.csv#row-1461
ANARCHI-TEST-OCC-E7CA3B71A7F23356,ELIGIBLE,READY_FOR_BASELINE_EXECUTION_PLANNING,kiln-baseline-preflight-001.csv#row-1854
ANARCHI-TEST-OCC-E7CA8F954F921E84,ELIGIBLE,READY_FOR_BASELINE_EXECUTION_PLANNING,kiln-baseline-preflight-001.csv#row-1864
ANARCHI-TEST-OCC-E7FB93A3AA5C8180,REQUIRES_ISOLATION,READY_BUT_DIRTY_REPOSITORY,kiln-baseline-preflight-001.csv#row-2869
ANARCHI-TEST-OCC-E81CB70D17557C72,SUPPORT_ONLY,SUPPORT_ARTIFACT_ONLY,kiln-baseline-preflight-001.csv#row-102
ANARCHI-TEST-OCC-E8233519F3CC7A1C,ELIGIBLE,READY_FOR_BASELINE_EXECUTION_PLANNING,kiln-baseline-preflight-001.csv#row-37
ANARCHI-TEST-OCC-E823A8AD92A7FD2F,ELIGIBLE,READY_FOR_BASELINE_EXECUTION_PLANNING,kiln-baseline-preflight-001.csv#row-1681
ANARCHI-TEST-OCC-E826D4880FE8C565,ELIGIBLE,READY_FOR_BASELINE_EXECUTION_PLANNING,kiln-baseline-preflight-001.csv#row-1728
ANARCHI-TEST-OCC-E84EE7A0EDD7F80F,RUNNER_BLOCKED,RUNNER_RECONCILIATION_REQUIRED,kiln-baseline-preflight-001.csv#row-943
ANARCHI-TEST-OCC-E8618E4EE2A5770E,SUPPORT_ONLY,SUPPORT_ARTIFACT_ONLY,kiln-baseline-preflight-001.csv#row-433
ANARCHI-TEST-OCC-E867E06EFF824F04,ELIGIBLE,READY_FOR_BASELINE_EXECUTION_PLANNING,kiln-baseline-preflight-001.csv#row-3207
ANARCHI-TEST-OCC-E86FA49EEF152D47,RUNNER_BLOCKED,RUNNER_RECONCILIATION_REQUIRED,kiln-baseline-preflight-001.csv#row-339
ANARCHI-TEST-OCC-E885A75207E75180,ELIGIBLE,READY_FOR_BASELINE_EXECUTION_PLANNING,kiln-baseline-preflight-001.csv#row-1199
ANARCHI-TEST-OCC-E8C73C8C41AA6AD6,ELIGIBLE,READY_FOR_BASELINE_EXECUTION_PLANNING,kiln-baseline-preflight-001.csv#row-421
ANARCHI-TEST-OCC-E8CA50F20E9D0A81,REQUIRES_ISOLATION,ISOLATION_TOPOLOGY_REQUIRED,kiln-baseline-preflight-001.csv#row-2706
ANARCHI-TEST-OCC-E8D16FDBB19696D1,ELIGIBLE,READY_FOR_BASELINE_EXECUTION_PLANNING,kiln-baseline-preflight-001.csv#row-1850
ANARCHI-TEST-OCC-E8D28363294BD0D8,ELIGIBLE,READY_FOR_BASELINE_EXECUTION_PLANNING,kiln-baseline-preflight-001.csv#row-2569
ANARCHI-TEST-OCC-E8D310D00D3866A3,RUNNER_BLOCKED,RUNNER_RECONCILIATION_REQUIRED,kiln-baseline-preflight-001.csv#row-1647
ANARCHI-TEST-OCC-E8D39BF4AB32ED1F,RUNNER_BLOCKED,RUNNER_RECONCILIATION_REQUIRED,kiln-baseline-preflight-001.csv#row-1782
ANARCHI-TEST-OCC-E8E4F7178BFC49FD,ELIGIBLE,READY_FOR_BASELINE_EXECUTION_PLANNING,kiln-baseline-preflight-001.csv#row-2385
ANARCHI-TEST-OCC-E8E72EE1CD598FAC,SUPPORT_ONLY,SUPPORT_ARTIFACT_ONLY,kiln-baseline-preflight-001.csv#row-2627
ANARCHI-TEST-OCC-E8FA8894C9FEC852,ELIGIBLE,READY_FOR_BASELINE_EXECUTION_PLANNING,kiln-baseline-preflight-001.csv#row-297
ANARCHI-TEST-OCC-E91E8802E6EF6ED6,REQUIRES_SANDBOX,SANDBOX_TOPOLOGY_REQUIRED,kiln-baseline-preflight-001.csv#row-2497
ANARCHI-TEST-OCC-E924AD0CEB67F6D9,ELIGIBLE,READY_FOR_BASELINE_EXECUTION_PLANNING,kiln-baseline-preflight-001.csv#row-1268
ANARCHI-TEST-OCC-E929E74463BCF119,REQUIRES_ISOLATION,ISOLATION_TOPOLOGY_REQUIRED,kiln-baseline-preflight-001.csv#row-385
ANARCHI-TEST-OCC-E92AD497D6B57939,ELIGIBLE,READY_FOR_BASELINE_EXECUTION_PLANNING,kiln-baseline-preflight-001.csv#row-2536
ANARCHI-TEST-OCC-E93223A21DC66DB0,SUPPORT_ONLY,SUPPORT_ARTIFACT_ONLY,kiln-baseline-preflight-001.csv#row-2918
ANARCHI-TEST-OCC-E9464F940B69A31D,ELIGIBLE,READY_FOR_BASELINE_EXECUTION_PLANNING,kiln-baseline-preflight-001.csv#row-1987
ANARCHI-TEST-OCC-E98959CDBE4A5D82,REQUIRES_ISOLATION,ISOLATION_TOPOLOGY_REQUIRED,kiln-baseline-preflight-001.csv#row-1238
ANARCHI-TEST-OCC-E99399B661AE8D07,ELIGIBLE,READY_FOR_BASELINE_EXECUTION_PLANNING,kiln-baseline-preflight-001.csv#row-447
ANARCHI-TEST-OCC-E99CB59A4D2D6175,SUPPORT_ONLY,SUPPORT_ARTIFACT_ONLY,kiln-baseline-preflight-001.csv#row-1317
ANARCHI-TEST-OCC-E9AC13F7EB62EC80,REQUIRES_ISOLATION,ISOLATION_TOPOLOGY_REQUIRED,kiln-baseline-preflight-001.csv#row-2358
ANARCHI-TEST-OCC-E9C4A6318C58B9FE,REQUIRES_ISOLATION,ISOLATION_TOPOLOGY_REQUIRED,kiln-baseline-preflight-001.csv#row-1522
ANARCHI-TEST-OCC-E9FF4BCFE7B4BE8D,ELIGIBLE,READY_FOR_BASELINE_EXECUTION_PLANNING,kiln-baseline-preflight-001.csv#row-1952
ANARCHI-TEST-OCC-EA1A4DA1ADC8EA05,SUPPORT_ONLY,SUPPORT_ARTIFACT_ONLY,kiln-baseline-preflight-001.csv#row-2522
ANARCHI-TEST-OCC-EA55D4D5EEFEEAB5,REQUIRES_ISOLATION,ISOLATION_TOPOLOGY_REQUIRED,kiln-baseline-preflight-001.csv#row-3271
ANARCHI-TEST-OCC-EA72B5273910E4A3,ELIGIBLE,READY_FOR_BASELINE_EXECUTION_PLANNING,kiln-baseline-preflight-001.csv#row-829
ANARCHI-TEST-OCC-EA7902115372ED1B,RUNNER_BLOCKED,RUNNER_RECONCILIATION_REQUIRED,kiln-baseline-preflight-001.csv#row-1668
ANARCHI-TEST-OCC-EA88AF71C8C755A8,ELIGIBLE,READY_FOR_BASELINE_EXECUTION_PLANNING,kiln-baseline-preflight-001.csv#row-1675
ANARCHI-TEST-OCC-EABCA46DEC262298,RUNNER_BLOCKED,RUNNER_RECONCILIATION_REQUIRED,kiln-baseline-preflight-001.csv#row-1576
ANARCHI-TEST-OCC-EAC3F7419FFC6B90,ELIGIBLE,READY_FOR_BASELINE_EXECUTION_PLANNING,kiln-baseline-preflight-001.csv#row-2742
ANARCHI-TEST-OCC-EAD363C624850380,ELIGIBLE,READY_FOR_BASELINE_EXECUTION_PLANNING,kiln-baseline-preflight-001.csv#row-612
ANARCHI-TEST-OCC-EAE50D83F60A0F5F,REQUIRES_ISOLATION,ISOLATION_TOPOLOGY_REQUIRED,kiln-baseline-preflight-001.csv#row-1814
ANARCHI-TEST-OCC-EB04F04E53451D54,ELIGIBLE,READY_FOR_BASELINE_EXECUTION_PLANNING,kiln-baseline-preflight-001.csv#row-2333
ANARCHI-TEST-OCC-EB0E83456D66287A,REQUIRES_ISOLATION,ISOLATION_TOPOLOGY_REQUIRED,kiln-baseline-preflight-001.csv#row-2923
ANARCHI-TEST-OCC-EB1AF4E5846D305D,ELIGIBLE,READY_FOR_BASELINE_EXECUTION_PLANNING,kiln-baseline-preflight-001.csv#row-2275
ANARCHI-TEST-OCC-EB25ED40C2B112C3,ELIGIBLE,READY_FOR_BASELINE_EXECUTION_PLANNING,kiln-baseline-preflight-001.csv#row-3043
ANARCHI-TEST-OCC-EB38E733DBD2B16F,RUNNER_BLOCKED,RUNNER_RECONCILIATION_REQUIRED,kiln-baseline-preflight-001.csv#row-1472
ANARCHI-TEST-OCC-EB583FC9FB8D53B0,ELIGIBLE,READY_FOR_BASELINE_EXECUTION_PLANNING,kiln-baseline-preflight-001.csv#row-3046
ANARCHI-TEST-OCC-EB7BED50B35B20B9,SUPPORT_ONLY,SUPPORT_ARTIFACT_ONLY,kiln-baseline-preflight-001.csv#row-1633
ANARCHI-TEST-OCC-EB91B43165A0F061,ELIGIBLE,READY_FOR_BASELINE_EXECUTION_PLANNING,kiln-baseline-preflight-001.csv#row-850
ANARCHI-TEST-OCC-EB9EA615AA0CA7DA,ELIGIBLE,READY_FOR_BASELINE_EXECUTION_PLANNING,kiln-baseline-preflight-001.csv#row-2283
ANARCHI-TEST-OCC-EBCEC1409C1C09A5,REQUIRES_ISOLATION,ISOLATION_TOPOLOGY_REQUIRED,kiln-baseline-preflight-001.csv#row-1487
ANARCHI-TEST-OCC-EBD96F272EF16D6C,REQUIRES_ISOLATION,ISOLATION_TOPOLOGY_REQUIRED,kiln-baseline-preflight-001.csv#row-1520
ANARCHI-TEST-OCC-EBF84D55F43590DD,REQUIRES_ISOLATION,ISOLATION_TOPOLOGY_REQUIRED,kiln-baseline-preflight-001.csv#row-1949
ANARCHI-TEST-OCC-EBFCB7DBD8E616CB,ELIGIBLE,READY_FOR_BASELINE_EXECUTION_PLANNING,kiln-baseline-preflight-001.csv#row-261
ANARCHI-TEST-OCC-EC274604EE08A960,REQUIRES_ISOLATION,ISOLATION_TOPOLOGY_REQUIRED,kiln-baseline-preflight-001.csv#row-2478
ANARCHI-TEST-OCC-EC31725669B38D6C,RUNNER_BLOCKED,RUNNER_RECONCILIATION_REQUIRED,kiln-baseline-preflight-001.csv#row-1610
ANARCHI-TEST-OCC-EC344A67C69F3903,ELIGIBLE,READY_FOR_BASELINE_EXECUTION_PLANNING,kiln-baseline-preflight-001.csv#row-1072
ANARCHI-TEST-OCC-EC4DDEC0DD8536AB,ELIGIBLE,READY_FOR_BASELINE_EXECUTION_PLANNING,kiln-baseline-preflight-001.csv#row-1100
ANARCHI-TEST-OCC-EC53874A8DD58F68,REQUIRES_ISOLATION,ISOLATION_TOPOLOGY_REQUIRED,kiln-baseline-preflight-001.csv#row-1696
ANARCHI-TEST-OCC-EC565A43E818D7C5,ELIGIBLE,READY_FOR_BASELINE_EXECUTION_PLANNING,kiln-baseline-preflight-001.csv#row-2854
ANARCHI-TEST-OCC-EC6BBF4D10DD12C2,REQUIRES_ISOLATION,ISOLATION_TOPOLOGY_REQUIRED,kiln-baseline-preflight-001.csv#row-1013
ANARCHI-TEST-OCC-EC71F9778A0D98D0,ELIGIBLE,READY_FOR_BASELINE_EXECUTION_PLANNING,kiln-baseline-preflight-001.csv#row-398
ANARCHI-TEST-OCC-EC8CF35C580354C3,ELIGIBLE,READY_FOR_BASELINE_EXECUTION_PLANNING,kiln-baseline-preflight-001.csv#row-2006
ANARCHI-TEST-OCC-EC8F306F658B4966,REQUIRES_ISOLATION,ISOLATION_TOPOLOGY_REQUIRED,kiln-baseline-preflight-001.csv#row-1009
ANARCHI-TEST-OCC-ECB0293916F4E7B8,SUPPORT_ONLY,SUPPORT_ARTIFACT_ONLY,kiln-baseline-preflight-001.csv#row-1196
ANARCHI-TEST-OCC-ECBA73C84970FD2C,ELIGIBLE,READY_FOR_BASELINE_EXECUTION_PLANNING,kiln-baseline-preflight-001.csv#row-1231
ANARCHI-TEST-OCC-ECC28C2D52086485,RUNNER_BLOCKED,RUNNER_RECONCILIATION_REQUIRED,kiln-baseline-preflight-001.csv#row-273
ANARCHI-TEST-OCC-ECC48EA1589BCF34,REQUIRES_ISOLATION,ISOLATION_TOPOLOGY_REQUIRED,kiln-baseline-preflight-001.csv#row-422
ANARCHI-TEST-OCC-ECC60D51DD755E82,ELIGIBLE,READY_FOR_BASELINE_EXECUTION_PLANNING,kiln-baseline-preflight-001.csv#row-1272
ANARCHI-TEST-OCC-ECC9ED76A8C59C74,ELIGIBLE,READY_FOR_BASELINE_EXECUTION_PLANNING,kiln-baseline-preflight-001.csv#row-1462
ANARCHI-TEST-OCC-ECFCD0BC4ED32836,RUNNER_BLOCKED,RUNNER_RECONCILIATION_REQUIRED,kiln-baseline-preflight-001.csv#row-2315
ANARCHI-TEST-OCC-ED0C872CF0D1C306,SUPPORT_ONLY,SUPPORT_ARTIFACT_ONLY,kiln-baseline-preflight-001.csv#row-3186
ANARCHI-TEST-OCC-ED1E4C639260AFF6,SUPPORT_ONLY,SUPPORT_ARTIFACT_ONLY,kiln-baseline-preflight-001.csv#row-871
ANARCHI-TEST-OCC-ED23C3827283D3DE,SUPPORT_ONLY,SUPPORT_ARTIFACT_ONLY,kiln-baseline-preflight-001.csv#row-1721
ANARCHI-TEST-OCC-ED24901419CF8B70,RUNNER_BLOCKED,RUNNER_RECONCILIATION_REQUIRED,kiln-baseline-preflight-001.csv#row-720
ANARCHI-TEST-OCC-ED33239571B75C57,REQUIRES_ISOLATION,ISOLATION_TOPOLOGY_REQUIRED,kiln-baseline-preflight-001.csv#row-1114
ANARCHI-TEST-OCC-ED474F330BB74BBF,ELIGIBLE,READY_FOR_BASELINE_EXECUTION_PLANNING,kiln-baseline-preflight-001.csv#row-2905
ANARCHI-TEST-OCC-ED59E130E5F99904,ELIGIBLE,READY_FOR_BASELINE_EXECUTION_PLANNING,kiln-baseline-preflight-001.csv#row-1561
ANARCHI-TEST-OCC-ED6CFD72B1457EF1,SUPPORT_ONLY,SUPPORT_ARTIFACT_ONLY,kiln-baseline-preflight-001.csv#row-246
ANARCHI-TEST-OCC-ED762D96447DF56F,ELIGIBLE,READY_FOR_BASELINE_EXECUTION_PLANNING,kiln-baseline-preflight-001.csv#row-747
ANARCHI-TEST-OCC-ED77CA79D1E8347A,SUPPORT_ONLY,SUPPORT_ARTIFACT_ONLY,kiln-baseline-preflight-001.csv#row-613
ANARCHI-TEST-OCC-ED9F45B5E32C503E,REQUIRES_ISOLATION,ISOLATION_TOPOLOGY_REQUIRED,kiln-baseline-preflight-001.csv#row-1475
ANARCHI-TEST-OCC-EDBC2F7DFD0AFF7E,ELIGIBLE,READY_FOR_BASELINE_EXECUTION_PLANNING,kiln-baseline-preflight-001.csv#row-412
ANARCHI-TEST-OCC-EDC6C2BC8D4023B1,REQUIRES_ISOLATION,ISOLATION_TOPOLOGY_REQUIRED,kiln-baseline-preflight-001.csv#row-1443
ANARCHI-TEST-OCC-EDCB19E453A57D10,SUPPORT_ONLY,SUPPORT_ARTIFACT_ONLY,kiln-baseline-preflight-001.csv#row-2984
ANARCHI-TEST-OCC-EDDE48BBA60528ED,ELIGIBLE,READY_FOR_BASELINE_EXECUTION_PLANNING,kiln-baseline-preflight-001.csv#row-2168
ANARCHI-TEST-OCC-EDE33EFA1909E0B5,ELIGIBLE,READY_FOR_BASELINE_EXECUTION_PLANNING,kiln-baseline-preflight-001.csv#row-2591
ANARCHI-TEST-OCC-EE106889149EA43B,ELIGIBLE,READY_FOR_BASELINE_EXECUTION_PLANNING,kiln-baseline-preflight-001.csv#row-187
ANARCHI-TEST-OCC-EE10D657704446AC,ELIGIBLE,READY_FOR_BASELINE_EXECUTION_PLANNING,kiln-baseline-preflight-001.csv#row-1754
ANARCHI-TEST-OCC-EE3AD4D908316A89,ELIGIBLE,READY_FOR_BASELINE_EXECUTION_PLANNING,kiln-baseline-preflight-001.csv#row-2936
ANARCHI-TEST-OCC-EE85BC8381D04B08,SUPPORT_ONLY,SUPPORT_ARTIFACT_ONLY,kiln-baseline-preflight-001.csv#row-104
ANARCHI-TEST-OCC-EE89585803CFA823,RUNNER_BLOCKED,RUNNER_RECONCILIATION_REQUIRED,kiln-baseline-preflight-001.csv#row-2995
ANARCHI-TEST-OCC-EE906B24CCA1F10C,REQUIRES_ISOLATION,ISOLATION_TOPOLOGY_REQUIRED,kiln-baseline-preflight-001.csv#row-2626
ANARCHI-TEST-OCC-EEA2CCF341380A3C,ELIGIBLE,READY_FOR_BASELINE_EXECUTION_PLANNING,kiln-baseline-preflight-001.csv#row-1867
ANARCHI-TEST-OCC-EEAA053B5B0AE4B2,ELIGIBLE,READY_FOR_BASELINE_EXECUTION_PLANNING,kiln-baseline-preflight-001.csv#row-1861
ANARCHI-TEST-OCC-EEAFDB075961FB4A,ELIGIBLE,READY_FOR_BASELINE_EXECUTION_PLANNING,kiln-baseline-preflight-001.csv#row-1550
ANARCHI-TEST-OCC-EEB8E85528331175,ELIGIBLE,READY_FOR_BASELINE_EXECUTION_PLANNING,kiln-baseline-preflight-001.csv#row-984
ANARCHI-TEST-OCC-EECCF1DCA3C32A0F,ELIGIBLE,READY_FOR_BASELINE_EXECUTION_PLANNING,kiln-baseline-preflight-001.csv#row-3096
ANARCHI-TEST-OCC-EF079FA5BE2F31CF,REQUIRES_ISOLATION,READY_BUT_DIRTY_REPOSITORY,kiln-baseline-preflight-001.csv#row-204
ANARCHI-TEST-OCC-EF0F882839D490D6,ELIGIBLE,READY_FOR_BASELINE_EXECUTION_PLANNING,kiln-baseline-preflight-001.csv#row-1093
ANARCHI-TEST-OCC-EF11AF174BA53CD1,REQUIRES_ISOLATION,ISOLATION_TOPOLOGY_REQUIRED,kiln-baseline-preflight-001.csv#row-350
ANARCHI-TEST-OCC-EF436D40DB72E819,ELIGIBLE,READY_FOR_BASELINE_EXECUTION_PLANNING,kiln-baseline-preflight-001.csv#row-2281
ANARCHI-TEST-OCC-EF59F3D3C5173053,REQUIRES_SANDBOX,SANDBOX_TOPOLOGY_REQUIRED,kiln-baseline-preflight-001.csv#row-3141
ANARCHI-TEST-OCC-EF7EBA656BF56042,SUPPORT_ONLY,SUPPORT_ARTIFACT_ONLY,kiln-baseline-preflight-001.csv#row-2966
ANARCHI-TEST-OCC-EF7F882B2FCDFB2F,ELIGIBLE,READY_FOR_BASELINE_EXECUTION_PLANNING,kiln-baseline-preflight-001.csv#row-2999
ANARCHI-TEST-OCC-EF89D2815AF3CCAB,ELIGIBLE,READY_FOR_BASELINE_EXECUTION_PLANNING,kiln-baseline-preflight-001.csv#row-1958
ANARCHI-TEST-OCC-EF929B06DE0F31F6,SUPPORT_ONLY,SUPPORT_ARTIFACT_ONLY,kiln-baseline-preflight-001.csv#row-1440
ANARCHI-TEST-OCC-EFA502949C20DA43,RUNNER_BLOCKED,RUNNER_RECONCILIATION_REQUIRED,kiln-baseline-preflight-001.csv#row-1480
ANARCHI-TEST-OCC-EFA78D178D1B1717,REQUIRES_ISOLATION,READY_BUT_DIRTY_REPOSITORY,kiln-baseline-preflight-001.csv#row-1902
ANARCHI-TEST-OCC-EFB50FD63FD4BB08,ELIGIBLE,READY_FOR_BASELINE_EXECUTION_PLANNING,kiln-baseline-preflight-001.csv#row-329
ANARCHI-TEST-OCC-EFC47CFFAD0FC03D,ELIGIBLE,READY_FOR_BASELINE_EXECUTION_PLANNING,kiln-baseline-preflight-001.csv#row-2525
ANARCHI-TEST-OCC-EFFF743FA8C222F5,ELIGIBLE,READY_FOR_BASELINE_EXECUTION_PLANNING,kiln-baseline-preflight-001.csv#row-760
ANARCHI-TEST-OCC-F00F72E59DEF5A6C,RUNNER_BLOCKED,RUNNER_RECONCILIATION_REQUIRED,kiln-baseline-preflight-001.csv#row-2785
ANARCHI-TEST-OCC-F017B00A2350401A,ELIGIBLE,READY_FOR_BASELINE_EXECUTION_PLANNING,kiln-baseline-preflight-001.csv#row-72
ANARCHI-TEST-OCC-F025247CD0548B90,REQUIRES_ISOLATION,ISOLATION_TOPOLOGY_REQUIRED,kiln-baseline-preflight-001.csv#row-2986
ANARCHI-TEST-OCC-F02B78BF48D3C0F9,RUNNER_BLOCKED,RUNNER_RECONCILIATION_REQUIRED,kiln-baseline-preflight-001.csv#row-2738
ANARCHI-TEST-OCC-F03F3BDACAD4C2ED,ELIGIBLE,READY_FOR_BASELINE_EXECUTION_PLANNING,kiln-baseline-preflight-001.csv#row-158
ANARCHI-TEST-OCC-F046F28F189E72BD,ELIGIBLE,READY_FOR_BASELINE_EXECUTION_PLANNING,kiln-baseline-preflight-001.csv#row-141
ANARCHI-TEST-OCC-F06D67F7C8EC2530,ELIGIBLE,READY_FOR_BASELINE_EXECUTION_PLANNING,kiln-baseline-preflight-001.csv#row-727
ANARCHI-TEST-OCC-F073F2BCFB950510,ELIGIBLE,READY_FOR_BASELINE_EXECUTION_PLANNING,kiln-baseline-preflight-001.csv#row-2409
ANARCHI-TEST-OCC-F0783E8960D7DC85,REQUIRES_ISOLATION,ISOLATION_TOPOLOGY_REQUIRED,kiln-baseline-preflight-001.csv#row-185
ANARCHI-TEST-OCC-F07BA36D802D8959,ELIGIBLE,READY_FOR_BASELINE_EXECUTION_PLANNING,kiln-baseline-preflight-001.csv#row-2993
ANARCHI-TEST-OCC-F09B7EA5F67C8825,ELIGIBLE,READY_FOR_BASELINE_EXECUTION_PLANNING,kiln-baseline-preflight-001.csv#row-2739
ANARCHI-TEST-OCC-F09BFE4EF4B643CE,ELIGIBLE,READY_FOR_BASELINE_EXECUTION_PLANNING,kiln-baseline-preflight-001.csv#row-827
ANARCHI-TEST-OCC-F0B857609F1531A0,SUPPORT_ONLY,SUPPORT_ARTIFACT_ONLY,kiln-baseline-preflight-001.csv#row-3084
ANARCHI-TEST-OCC-F0BCDA0FEBD7FBFF,ELIGIBLE,READY_FOR_BASELINE_EXECUTION_PLANNING,kiln-baseline-preflight-001.csv#row-3227
ANARCHI-TEST-OCC-F0E1A399CA0BC484,RUNNER_BLOCKED,RUNNER_RECONCILIATION_REQUIRED,kiln-baseline-preflight-001.csv#row-1026
ANARCHI-TEST-OCC-F12CF117DDE1595B,ELIGIBLE,READY_FOR_BASELINE_EXECUTION_PLANNING,kiln-baseline-preflight-001.csv#row-1140
ANARCHI-TEST-OCC-F196275DA8C1F0BA,RUNNER_BLOCKED,RUNNER_RECONCILIATION_REQUIRED,kiln-baseline-preflight-001.csv#row-227
ANARCHI-TEST-OCC-F1BD3078BA06C172,ELIGIBLE,READY_FOR_BASELINE_EXECUTION_PLANNING,kiln-baseline-preflight-001.csv#row-618
ANARCHI-TEST-OCC-F2098200C95AE6AB,ELIGIBLE,READY_FOR_BASELINE_EXECUTION_PLANNING,kiln-baseline-preflight-001.csv#row-1815
ANARCHI-TEST-OCC-F248D739F3123E0D,ELIGIBLE,READY_FOR_BASELINE_EXECUTION_PLANNING,kiln-baseline-preflight-001.csv#row-3162
ANARCHI-TEST-OCC-F250988F4E6ED88A,REQUIRES_ISOLATION,READY_BUT_DIRTY_REPOSITORY,kiln-baseline-preflight-001.csv#row-162
ANARCHI-TEST-OCC-F254AF9888EFC6EE,RUNNER_BLOCKED,RUNNER_RECONCILIATION_REQUIRED,kiln-baseline-preflight-001.csv#row-1783
ANARCHI-TEST-OCC-F26E903CB8791735,ELIGIBLE,READY_FOR_BASELINE_EXECUTION_PLANNING,kiln-baseline-preflight-001.csv#row-3070
ANARCHI-TEST-OCC-F26F45E5A51370E3,ELIGIBLE,READY_FOR_BASELINE_EXECUTION_PLANNING,kiln-baseline-preflight-001.csv#row-3016
ANARCHI-TEST-OCC-F271FC18EA2AA3BF,SUPPORT_ONLY,SUPPORT_ARTIFACT_ONLY,kiln-baseline-preflight-001.csv#row-54
ANARCHI-TEST-OCC-F283B2B267339C76,ELIGIBLE,READY_FOR_BASELINE_EXECUTION_PLANNING,kiln-baseline-preflight-001.csv#row-3261
ANARCHI-TEST-OCC-F288A50EBC8448A5,REQUIRES_ISOLATION,READY_BUT_DIRTY_REPOSITORY,kiln-baseline-preflight-001.csv#row-1906
ANARCHI-TEST-OCC-F2EA3323CFD27FF4,ELIGIBLE,READY_FOR_BASELINE_EXECUTION_PLANNING,kiln-baseline-preflight-001.csv#row-2770
ANARCHI-TEST-OCC-F2F287321D055B74,ELIGIBLE,READY_FOR_BASELINE_EXECUTION_PLANNING,kiln-baseline-preflight-001.csv#row-478
ANARCHI-TEST-OCC-F2F5721B4D106230,RUNNER_BLOCKED,RUNNER_RECONCILIATION_REQUIRED,kiln-baseline-preflight-001.csv#row-2363
ANARCHI-TEST-OCC-F2F84DEDB1B1729C,ELIGIBLE,READY_FOR_BASELINE_EXECUTION_PLANNING,kiln-baseline-preflight-001.csv#row-715
ANARCHI-TEST-OCC-F307E1DD32214692,SUPPORT_ONLY,SUPPORT_ARTIFACT_ONLY,kiln-baseline-preflight-001.csv#row-1239
ANARCHI-TEST-OCC-F31F3683D737C20E,REQUIRES_ISOLATION,READY_BUT_DIRTY_REPOSITORY,kiln-baseline-preflight-001.csv#row-1990
ANARCHI-TEST-OCC-F345738672A96C4B,ELIGIBLE,READY_FOR_BASELINE_EXECUTION_PLANNING,kiln-baseline-preflight-001.csv#row-1528
ANARCHI-TEST-OCC-F34AD7A363137DCC,ELIGIBLE,READY_FOR_BASELINE_EXECUTION_PLANNING,kiln-baseline-preflight-001.csv#row-473
ANARCHI-TEST-OCC-F35C2AB132A51DEC,RUNNER_BLOCKED,RUNNER_RECONCILIATION_REQUIRED,kiln-baseline-preflight-001.csv#row-927
ANARCHI-TEST-OCC-F3AFF19628C36CFD,ELIGIBLE,READY_FOR_BASELINE_EXECUTION_PLANNING,kiln-baseline-preflight-001.csv#row-1311
ANARCHI-TEST-OCC-F3B3A676E18A55C4,ELIGIBLE,READY_FOR_BASELINE_EXECUTION_PLANNING,kiln-baseline-preflight-001.csv#row-1713
ANARCHI-TEST-OCC-F3BB0D74DB80D6FD,RUNNER_BLOCKED,RUNNER_RECONCILIATION_REQUIRED,kiln-baseline-preflight-001.csv#row-864
ANARCHI-TEST-OCC-F3EAA74CF546FA4C,REQUIRES_ISOLATION,ISOLATION_TOPOLOGY_REQUIRED,kiln-baseline-preflight-001.csv#row-3229
ANARCHI-TEST-OCC-F4025B134A8686B5,SUPPORT_ONLY,SUPPORT_ARTIFACT_ONLY,kiln-baseline-preflight-001.csv#row-2677
ANARCHI-TEST-OCC-F40DE349CE87AFD0,ELIGIBLE,READY_FOR_BASELINE_EXECUTION_PLANNING,kiln-baseline-preflight-001.csv#row-1791
ANARCHI-TEST-OCC-F438FED98C5FE137,ELIGIBLE,READY_FOR_BASELINE_EXECUTION_PLANNING,kiln-baseline-preflight-001.csv#row-2212
ANARCHI-TEST-OCC-F44D0E62C9E2E53F,ELIGIBLE,READY_FOR_BASELINE_EXECUTION_PLANNING,kiln-baseline-preflight-001.csv#row-1649
ANARCHI-TEST-OCC-F47193140341E009,REQUIRES_ISOLATION,READY_BUT_DIRTY_REPOSITORY,kiln-baseline-preflight-001.csv#row-582
ANARCHI-TEST-OCC-F4834696C6E18063,REQUIRES_ISOLATION,ISOLATION_TOPOLOGY_REQUIRED,kiln-baseline-preflight-001.csv#row-941
ANARCHI-TEST-OCC-F4883C072E6CAC61,ELIGIBLE,READY_FOR_BASELINE_EXECUTION_PLANNING,kiln-baseline-preflight-001.csv#row-1619
ANARCHI-TEST-OCC-F49484F25C42677D,ELIGIBLE,READY_FOR_BASELINE_EXECUTION_PLANNING,kiln-baseline-preflight-001.csv#row-2597
ANARCHI-TEST-OCC-F4D1772D8C2ECBA6,ELIGIBLE,READY_FOR_BASELINE_EXECUTION_PLANNING,kiln-baseline-preflight-001.csv#row-1145
ANARCHI-TEST-OCC-F4D883CFB8C6E90F,RUNNER_BLOCKED,RUNNER_RECONCILIATION_REQUIRED,kiln-baseline-preflight-001.csv#row-444
ANARCHI-TEST-OCC-F4E3605E142D58E9,ELIGIBLE,READY_FOR_BASELINE_EXECUTION_PLANNING,kiln-baseline-preflight-001.csv#row-1514
ANARCHI-TEST-OCC-F53ED5CFF230A002,RUNNER_BLOCKED,RUNNER_RECONCILIATION_REQUIRED,kiln-baseline-preflight-001.csv#row-1154
ANARCHI-TEST-OCC-F5585F686D0399D5,SUPPORT_ONLY,SUPPORT_ARTIFACT_ONLY,kiln-baseline-preflight-001.csv#row-1027
ANARCHI-TEST-OCC-F568941828145419,ELIGIBLE,READY_FOR_BASELINE_EXECUTION_PLANNING,kiln-baseline-preflight-001.csv#row-549
ANARCHI-TEST-OCC-F58502A2C10FD30D,ELIGIBLE,READY_FOR_BASELINE_EXECUTION_PLANNING,kiln-baseline-preflight-001.csv#row-1781
ANARCHI-TEST-OCC-F59020FB428F9568,SUPPORT_ONLY,SUPPORT_ARTIFACT_ONLY,kiln-baseline-preflight-001.csv#row-2933
ANARCHI-TEST-OCC-F5AE811D206B02D3,REQUIRES_ISOLATION,ISOLATION_TOPOLOGY_REQUIRED,kiln-baseline-preflight-001.csv#row-2170
ANARCHI-TEST-OCC-F5F9FF528DEC822A,REQUIRES_ISOLATION,ISOLATION_TOPOLOGY_REQUIRED,kiln-baseline-preflight-001.csv#row-2577
ANARCHI-TEST-OCC-F600C02100B975AC,REQUIRES_ISOLATION,ISOLATION_TOPOLOGY_REQUIRED,kiln-baseline-preflight-001.csv#row-2158
ANARCHI-TEST-OCC-F60EC512D0EAC086,ELIGIBLE,READY_FOR_BASELINE_EXECUTION_PLANNING,kiln-baseline-preflight-001.csv#row-1880
ANARCHI-TEST-OCC-F621F52DAB878615,REQUIRES_ISOLATION,ISOLATION_TOPOLOGY_REQUIRED,kiln-baseline-preflight-001.csv#row-384
ANARCHI-TEST-OCC-F625E833150DB7E7,ELIGIBLE,READY_FOR_BASELINE_EXECUTION_PLANNING,kiln-baseline-preflight-001.csv#row-655
ANARCHI-TEST-OCC-F62736DFF72ED686,ELIGIBLE,READY_FOR_BASELINE_EXECUTION_PLANNING,kiln-baseline-preflight-001.csv#row-821
ANARCHI-TEST-OCC-F628346F8F154B84,REQUIRES_ISOLATION,ISOLATION_TOPOLOGY_REQUIRED,kiln-baseline-preflight-001.csv#row-2106
ANARCHI-TEST-OCC-F62E3FDD573D7369,SUPPORT_ONLY,SUPPORT_ARTIFACT_ONLY,kiln-baseline-preflight-001.csv#row-2403
ANARCHI-TEST-OCC-F640DD5E6530E994,RUNNER_BLOCKED,RUNNER_RECONCILIATION_REQUIRED,kiln-baseline-preflight-001.csv#row-3231
ANARCHI-TEST-OCC-F64856674C041E1A,REQUIRES_ISOLATION,READY_BUT_DIRTY_REPOSITORY,kiln-baseline-preflight-001.csv#row-1723
ANARCHI-TEST-OCC-F64E770F7032AEBA,SUPPORT_ONLY,SUPPORT_ARTIFACT_ONLY,kiln-baseline-preflight-001.csv#row-2988
ANARCHI-TEST-OCC-F651B87D42F400E6,ELIGIBLE,READY_FOR_BASELINE_EXECUTION_PLANNING,kiln-baseline-preflight-001.csv#row-775
ANARCHI-TEST-OCC-F6658670A772C735,REQUIRES_ISOLATION,ISOLATION_TOPOLOGY_REQUIRED,kiln-baseline-preflight-001.csv#row-1032
ANARCHI-TEST-OCC-F683988293D10270,ELIGIBLE,READY_FOR_BASELINE_EXECUTION_PLANNING,kiln-baseline-preflight-001.csv#row-2769
ANARCHI-TEST-OCC-F686A21324DB8659,ELIGIBLE,READY_FOR_BASELINE_EXECUTION_PLANNING,kiln-baseline-preflight-001.csv#row-415
ANARCHI-TEST-OCC-F688D715DB78C4B7,ELIGIBLE,READY_FOR_BASELINE_EXECUTION_PLANNING,kiln-baseline-preflight-001.csv#row-2654
ANARCHI-TEST-OCC-F6AA80712A914727,ELIGIBLE,READY_FOR_BASELINE_EXECUTION_PLANNING,kiln-baseline-preflight-001.csv#row-1081
ANARCHI-TEST-OCC-F6AD6DC4EF40B713,SUPPORT_ONLY,SUPPORT_ARTIFACT_ONLY,kiln-baseline-preflight-001.csv#row-2512
ANARCHI-TEST-OCC-F6CF6DDB195F90D7,ELIGIBLE,READY_FOR_BASELINE_EXECUTION_PLANNING,kiln-baseline-preflight-001.csv#row-2308
ANARCHI-TEST-OCC-F6D88D8E5EA082F4,SUPPORT_ONLY,SUPPORT_ARTIFACT_ONLY,kiln-baseline-preflight-001.csv#row-317
ANARCHI-TEST-OCC-F6D8955801D830CA,ELIGIBLE,READY_FOR_BASELINE_EXECUTION_PLANNING,kiln-baseline-preflight-001.csv#row-100
ANARCHI-TEST-OCC-F6D8B99C334032FB,RUNNER_BLOCKED,RUNNER_RECONCILIATION_REQUIRED,kiln-baseline-preflight-001.csv#row-340
ANARCHI-TEST-OCC-F6DE0893EAE51D2A,ELIGIBLE,READY_FOR_BASELINE_EXECUTION_PLANNING,kiln-baseline-preflight-001.csv#row-2424
ANARCHI-TEST-OCC-F6EB226703A64D96,RUNNER_BLOCKED,RUNNER_RECONCILIATION_REQUIRED,kiln-baseline-preflight-001.csv#row-455
ANARCHI-TEST-OCC-F6EF1D47689A070F,ELIGIBLE,READY_FOR_BASELINE_EXECUTION_PLANNING,kiln-baseline-preflight-001.csv#row-799
ANARCHI-TEST-OCC-F6EF6AFE08A55AB6,REQUIRES_ISOLATION,ISOLATION_TOPOLOGY_REQUIRED,kiln-baseline-preflight-001.csv#row-2778
ANARCHI-TEST-OCC-F720304F842471D7,ELIGIBLE,READY_FOR_BASELINE_EXECUTION_PLANNING,kiln-baseline-preflight-001.csv#row-1021
ANARCHI-TEST-OCC-F727667D0E7B3F51,REQUIRES_ISOLATION,ISOLATION_TOPOLOGY_REQUIRED,kiln-baseline-preflight-001.csv#row-346
ANARCHI-TEST-OCC-F72E81717088B8AC,ELIGIBLE,READY_FOR_BASELINE_EXECUTION_PLANNING,kiln-baseline-preflight-001.csv#row-1572
ANARCHI-TEST-OCC-F7316AADB44E0CC5,REQUIRES_ISOLATION,READY_BUT_DIRTY_REPOSITORY,kiln-baseline-preflight-001.csv#row-2774
ANARCHI-TEST-OCC-F7762E1F6F04D85E,SUPPORT_ONLY,SUPPORT_ARTIFACT_ONLY,kiln-baseline-preflight-001.csv#row-3126
ANARCHI-TEST-OCC-F7762EB553845613,ELIGIBLE,READY_FOR_BASELINE_EXECUTION_PLANNING,kiln-baseline-preflight-001.csv#row-1948
ANARCHI-TEST-OCC-F789D256F56A0B43,ELIGIBLE,READY_FOR_BASELINE_EXECUTION_PLANNING,kiln-baseline-preflight-001.csv#row-1539
ANARCHI-TEST-OCC-F792028A12312FA1,RUNNER_BLOCKED,RUNNER_RECONCILIATION_REQUIRED,kiln-baseline-preflight-001.csv#row-226
ANARCHI-TEST-OCC-F7EA7E50DFB79A9C,ELIGIBLE,READY_FOR_BASELINE_EXECUTION_PLANNING,kiln-baseline-preflight-001.csv#row-2460
ANARCHI-TEST-OCC-F7F4BDAA75FDA79A,ELIGIBLE,READY_FOR_BASELINE_EXECUTION_PLANNING,kiln-baseline-preflight-001.csv#row-180
ANARCHI-TEST-OCC-F832C8FC7AB13F54,ELIGIBLE,READY_FOR_BASELINE_EXECUTION_PLANNING,kiln-baseline-preflight-001.csv#row-2560
ANARCHI-TEST-OCC-F833ACCFFF8F0191,SUPPORT_ONLY,SUPPORT_ARTIFACT_ONLY,kiln-baseline-preflight-001.csv#row-1345
ANARCHI-TEST-OCC-F83B0A8EF98D2278,ELIGIBLE,READY_FOR_BASELINE_EXECUTION_PLANNING,kiln-baseline-preflight-001.csv#row-650
ANARCHI-TEST-OCC-F83F74AD7A231CF9,ELIGIBLE,READY_FOR_BASELINE_EXECUTION_PLANNING,kiln-baseline-preflight-001.csv#row-3185
ANARCHI-TEST-OCC-F85548F962B744AC,ELIGIBLE,READY_FOR_BASELINE_EXECUTION_PLANNING,kiln-baseline-preflight-001.csv#row-804
ANARCHI-TEST-OCC-F88DD9C9EE262CCE,REQUIRES_ISOLATION,ISOLATION_TOPOLOGY_REQUIRED,kiln-baseline-preflight-001.csv#row-1745
ANARCHI-TEST-OCC-F897985506B02395,REQUIRES_ISOLATION,ISOLATION_TOPOLOGY_REQUIRED,kiln-baseline-preflight-001.csv#row-3181
ANARCHI-TEST-OCC-F89B9D2CA0C19545,SUPPORT_ONLY,SUPPORT_ARTIFACT_ONLY,kiln-baseline-preflight-001.csv#row-1719
ANARCHI-TEST-OCC-F8BE86AB8EF7E4F4,ELIGIBLE,READY_FOR_BASELINE_EXECUTION_PLANNING,kiln-baseline-preflight-001.csv#row-2912
ANARCHI-TEST-OCC-F8C688AABC466051,REQUIRES_ISOLATION,ISOLATION_TOPOLOGY_REQUIRED,kiln-baseline-preflight-001.csv#row-2046
ANARCHI-TEST-OCC-F8EF1932B00B5236,REQUIRES_ISOLATION,ISOLATION_TOPOLOGY_REQUIRED,kiln-baseline-preflight-001.csv#row-464
ANARCHI-TEST-OCC-F917A9D44FA5C2B7,SUPPORT_ONLY,SUPPORT_ARTIFACT_ONLY,kiln-baseline-preflight-001.csv#row-1432
ANARCHI-TEST-OCC-F91FA30FA396C778,REQUIRES_ISOLATION,ISOLATION_TOPOLOGY_REQUIRED,kiln-baseline-preflight-001.csv#row-2105
ANARCHI-TEST-OCC-F924F14AD2E4C161,SUPPORT_ONLY,SUPPORT_ARTIFACT_ONLY,kiln-baseline-preflight-001.csv#row-2421
ANARCHI-TEST-OCC-F926B998A6DBC99D,ELIGIBLE,READY_FOR_BASELINE_EXECUTION_PLANNING,kiln-baseline-preflight-001.csv#row-3037
ANARCHI-TEST-OCC-F952889017AF1530,SUPPORT_ONLY,SUPPORT_ARTIFACT_ONLY,kiln-baseline-preflight-001.csv#row-3240
ANARCHI-TEST-OCC-F955E0D3EB003630,SUPPORT_ONLY,SUPPORT_ARTIFACT_ONLY,kiln-baseline-preflight-001.csv#row-1424
ANARCHI-TEST-OCC-F9576A4DFEEFCC04,SUPPORT_ONLY,SUPPORT_ARTIFACT_ONLY,kiln-baseline-preflight-001.csv#row-947
ANARCHI-TEST-OCC-F95A938CC846EBA8,SUPPORT_ONLY,SUPPORT_ARTIFACT_ONLY,kiln-baseline-preflight-001.csv#row-1221
ANARCHI-TEST-OCC-F9655935969B241A,ELIGIBLE,READY_FOR_BASELINE_EXECUTION_PLANNING,kiln-baseline-preflight-001.csv#row-1534
ANARCHI-TEST-OCC-F996816EC21EF1F1,SUPPORT_ONLY,SUPPORT_ARTIFACT_ONLY,kiln-baseline-preflight-001.csv#row-2260
ANARCHI-TEST-OCC-F99D9A8B226D1725,ELIGIBLE,READY_FOR_BASELINE_EXECUTION_PLANNING,kiln-baseline-preflight-001.csv#row-1870
ANARCHI-TEST-OCC-F9A1CA222992FEA7,ELIGIBLE,READY_FOR_BASELINE_EXECUTION_PLANNING,kiln-baseline-preflight-001.csv#row-1506
ANARCHI-TEST-OCC-F9C199383478A389,REQUIRES_ISOLATION,ISOLATION_TOPOLOGY_REQUIRED,kiln-baseline-preflight-001.csv#row-436
ANARCHI-TEST-OCC-F9F6E9B63CE943EF,RUNNER_BLOCKED,RUNNER_RECONCILIATION_REQUIRED,kiln-baseline-preflight-001.csv#row-2376
ANARCHI-TEST-OCC-FA0358CEC149EE2D,ELIGIBLE,READY_FOR_BASELINE_EXECUTION_PLANNING,kiln-baseline-preflight-001.csv#row-998
ANARCHI-TEST-OCC-FA2A69E87F0D4B03,ELIGIBLE,READY_FOR_BASELINE_EXECUTION_PLANNING,kiln-baseline-preflight-001.csv#row-1228
ANARCHI-TEST-OCC-FA3B57D7B0595409,ELIGIBLE,READY_FOR_BASELINE_EXECUTION_PLANNING,kiln-baseline-preflight-001.csv#row-1129
ANARCHI-TEST-OCC-FA41873839641E54,SUPPORT_ONLY,SUPPORT_ARTIFACT_ONLY,kiln-baseline-preflight-001.csv#row-1111
ANARCHI-TEST-OCC-FA449FBEC7E3C9D0,ELIGIBLE,READY_FOR_BASELINE_EXECUTION_PLANNING,kiln-baseline-preflight-001.csv#row-2423
ANARCHI-TEST-OCC-FA5894532CAFB4F5,RUNNER_BLOCKED,RUNNER_RECONCILIATION_REQUIRED,kiln-baseline-preflight-001.csv#row-3027
ANARCHI-TEST-OCC-FA5C43CABBF5A803,REQUIRES_ISOLATION,ISOLATION_TOPOLOGY_REQUIRED,kiln-baseline-preflight-001.csv#row-1283
ANARCHI-TEST-OCC-FA778F489F50EC3F,ELIGIBLE,READY_FOR_BASELINE_EXECUTION_PLANNING,kiln-baseline-preflight-001.csv#row-2018
ANARCHI-TEST-OCC-FAA5A2A8C22CE3B5,SUPPORT_ONLY,SUPPORT_ARTIFACT_ONLY,kiln-baseline-preflight-001.csv#row-2151
ANARCHI-TEST-OCC-FABCD139B8D2154C,ELIGIBLE,READY_FOR_BASELINE_EXECUTION_PLANNING,kiln-baseline-preflight-001.csv#row-1096
ANARCHI-TEST-OCC-FAE67E27A840F2A4,ELIGIBLE,READY_FOR_BASELINE_EXECUTION_PLANNING,kiln-baseline-preflight-001.csv#row-1583
ANARCHI-TEST-OCC-FB0C0C7B2CF32E42,ELIGIBLE,READY_FOR_BASELINE_EXECUTION_PLANNING,kiln-baseline-preflight-001.csv#row-1518
ANARCHI-TEST-OCC-FB38E5381358B5FC,REQUIRES_ISOLATION,ISOLATION_TOPOLOGY_REQUIRED,kiln-baseline-preflight-001.csv#row-1327
ANARCHI-TEST-OCC-FB5781A8C160B9E9,ELIGIBLE,READY_FOR_BASELINE_EXECUTION_PLANNING,kiln-baseline-preflight-001.csv#row-2408
ANARCHI-TEST-OCC-FB5DB2CAEBFBD542,RUNNER_BLOCKED,RUNNER_RECONCILIATION_REQUIRED,kiln-baseline-preflight-001.csv#row-2116
ANARCHI-TEST-OCC-FB5E93DF193CA7AB,ELIGIBLE,READY_FOR_BASELINE_EXECUTION_PLANNING,kiln-baseline-preflight-001.csv#row-1695
ANARCHI-TEST-OCC-FB6171596DD93B8C,RUNNER_BLOCKED,RUNNER_RECONCILIATION_REQUIRED,kiln-baseline-preflight-001.csv#row-2773
ANARCHI-TEST-OCC-FB62436A151A38DA,SUPPORT_ONLY,SUPPORT_ARTIFACT_ONLY,kiln-baseline-preflight-001.csv#row-2302
ANARCHI-TEST-OCC-FB7E671B740C242C,ELIGIBLE,READY_FOR_BASELINE_EXECUTION_PLANNING,kiln-baseline-preflight-001.csv#row-735
ANARCHI-TEST-OCC-FB8503270B1CB80E,SUPPORT_ONLY,SUPPORT_ARTIFACT_ONLY,kiln-baseline-preflight-001.csv#row-1579
ANARCHI-TEST-OCC-FB888FD8987ADF13,REQUIRES_SANDBOX,SANDBOX_TOPOLOGY_REQUIRED,kiln-baseline-preflight-001.csv#row-1985
ANARCHI-TEST-OCC-FB9619B00A9C31B7,SUPPORT_ONLY,SUPPORT_ARTIFACT_ONLY,kiln-baseline-preflight-001.csv#row-957
ANARCHI-TEST-OCC-FB9B1BFB43A09FB0,SUPPORT_ONLY,SUPPORT_ARTIFACT_ONLY,kiln-baseline-preflight-001.csv#row-1849
ANARCHI-TEST-OCC-FB9F34C4AA837708,ELIGIBLE,READY_FOR_BASELINE_EXECUTION_PLANNING,kiln-baseline-preflight-001.csv#row-3263
ANARCHI-TEST-OCC-FBA75BBFF550C03D,ELIGIBLE,READY_FOR_BASELINE_EXECUTION_PLANNING,kiln-baseline-preflight-001.csv#row-374
ANARCHI-TEST-OCC-FBA8A7BB114B5059,SUPPORT_ONLY,SUPPORT_ARTIFACT_ONLY,kiln-baseline-preflight-001.csv#row-3255
ANARCHI-TEST-OCC-FBBB4D6C1321A5A6,REQUIRES_ISOLATION,READY_BUT_DIRTY_REPOSITORY,kiln-baseline-preflight-001.csv#row-2083
ANARCHI-TEST-OCC-FBBC54A1A6004FCF,REQUIRES_ISOLATION,READY_BUT_DIRTY_REPOSITORY,kiln-baseline-preflight-001.csv#row-2270
ANARCHI-TEST-OCC-FBD9C7B4B56BB52F,RUNNER_BLOCKED,RUNNER_RECONCILIATION_REQUIRED,kiln-baseline-preflight-001.csv#row-1965
ANARCHI-TEST-OCC-FBE93C8F8E181B4C,ELIGIBLE,READY_FOR_BASELINE_EXECUTION_PLANNING,kiln-baseline-preflight-001.csv#row-173
ANARCHI-TEST-OCC-FBEA98AB0F98106B,SUPPORT_ONLY,SUPPORT_ARTIFACT_ONLY,kiln-baseline-preflight-001.csv#row-782
ANARCHI-TEST-OCC-FBF14DEEFA28CC30,REQUIRES_ISOLATION,READY_BUT_DIRTY_REPOSITORY,kiln-baseline-preflight-001.csv#row-2208
ANARCHI-TEST-OCC-FBF898FAAD3821EB,ELIGIBLE,READY_FOR_BASELINE_EXECUTION_PLANNING,kiln-baseline-preflight-001.csv#row-1309
ANARCHI-TEST-OCC-FC125149794C62AA,REQUIRES_ISOLATION,ISOLATION_TOPOLOGY_REQUIRED,kiln-baseline-preflight-001.csv#row-2
ANARCHI-TEST-OCC-FC1666E920950F99,RUNNER_BLOCKED,RUNNER_RECONCILIATION_REQUIRED,kiln-baseline-preflight-001.csv#row-1237
ANARCHI-TEST-OCC-FC30F9AC0B688532,ELIGIBLE,READY_FOR_BASELINE_EXECUTION_PLANNING,kiln-baseline-preflight-001.csv#row-1047
ANARCHI-TEST-OCC-FC4715BB470B056E,ELIGIBLE,READY_FOR_BASELINE_EXECUTION_PLANNING,kiln-baseline-preflight-001.csv#row-1957
ANARCHI-TEST-OCC-FC66E7A4DCFEFED3,ELIGIBLE,READY_FOR_BASELINE_EXECUTION_PLANNING,kiln-baseline-preflight-001.csv#row-897
ANARCHI-TEST-OCC-FC7E4894D3B96D68,ELIGIBLE,READY_FOR_BASELINE_EXECUTION_PLANNING,kiln-baseline-preflight-001.csv#row-2355
ANARCHI-TEST-OCC-FC8D0001940877C0,RUNNER_BLOCKED,RUNNER_RECONCILIATION_REQUIRED,kiln-baseline-preflight-001.csv#row-1482
ANARCHI-TEST-OCC-FC9C1A289E5EE325,REQUIRES_ISOLATION,ISOLATION_TOPOLOGY_REQUIRED,kiln-baseline-preflight-001.csv#row-463
ANARCHI-TEST-OCC-FCA911E0555C3B68,ELIGIBLE,READY_FOR_BASELINE_EXECUTION_PLANNING,kiln-baseline-preflight-001.csv#row-856
ANARCHI-TEST-OCC-FCC312AE8AE4E8AC,ELIGIBLE,READY_FOR_BASELINE_EXECUTION_PLANNING,kiln-baseline-preflight-001.csv#row-228
ANARCHI-TEST-OCC-FCC5BA945AFB5B09,REQUIRES_ISOLATION,ISOLATION_TOPOLOGY_REQUIRED,kiln-baseline-preflight-001.csv#row-1232
ANARCHI-TEST-OCC-FCD9A2BD35CA58A2,REQUIRES_ISOLATION,ISOLATION_TOPOLOGY_REQUIRED,kiln-baseline-preflight-001.csv#row-1497
ANARCHI-TEST-OCC-FCF64AD32C610501,RUNNER_BLOCKED,RUNNER_RECONCILIATION_REQUIRED,kiln-baseline-preflight-001.csv#row-1049
ANARCHI-TEST-OCC-FCF9B3179D809ACF,SUPPORT_ONLY,SUPPORT_ARTIFACT_ONLY,kiln-baseline-preflight-001.csv#row-587
ANARCHI-TEST-OCC-FD08F1DF5949CE2D,REQUIRES_ISOLATION,ISOLATION_TOPOLOGY_REQUIRED,kiln-baseline-preflight-001.csv#row-139
ANARCHI-TEST-OCC-FD18E1A2642DE9FF,ELIGIBLE,READY_FOR_BASELINE_EXECUTION_PLANNING,kiln-baseline-preflight-001.csv#row-2611
ANARCHI-TEST-OCC-FD1BAEEAE27D2252,ELIGIBLE,READY_FOR_BASELINE_EXECUTION_PLANNING,kiln-baseline-preflight-001.csv#row-205
ANARCHI-TEST-OCC-FD383C449618CEDF,REQUIRES_ISOLATION,ISOLATION_TOPOLOGY_REQUIRED,kiln-baseline-preflight-001.csv#row-536
ANARCHI-TEST-OCC-FD43B98F23120A17,SUPPORT_ONLY,SUPPORT_ARTIFACT_ONLY,kiln-baseline-preflight-001.csv#row-2792
ANARCHI-TEST-OCC-FD458E165C4DAEC6,ELIGIBLE,READY_FOR_BASELINE_EXECUTION_PLANNING,kiln-baseline-preflight-001.csv#row-286
ANARCHI-TEST-OCC-FD458FB256160F1F,ELIGIBLE,READY_FOR_BASELINE_EXECUTION_PLANNING,kiln-baseline-preflight-001.csv#row-2084
ANARCHI-TEST-OCC-FD4F3AEBD6086600,ELIGIBLE,READY_FOR_BASELINE_EXECUTION_PLANNING,kiln-baseline-preflight-001.csv#row-1284
ANARCHI-TEST-OCC-FD545EBAF757E525,REQUIRES_ISOLATION,ISOLATION_TOPOLOGY_REQUIRED,kiln-baseline-preflight-001.csv#row-783
ANARCHI-TEST-OCC-FD9CE13BFBE8A135,ELIGIBLE,READY_FOR_BASELINE_EXECUTION_PLANNING,kiln-baseline-preflight-001.csv#row-147
ANARCHI-TEST-OCC-FDAEC62602689EF5,ELIGIBLE,READY_FOR_BASELINE_EXECUTION_PLANNING,kiln-baseline-preflight-001.csv#row-1922
ANARCHI-TEST-OCC-FDB2A8E96149BFF9,REQUIRES_ISOLATION,ISOLATION_TOPOLOGY_REQUIRED,kiln-baseline-preflight-001.csv#row-2609
ANARCHI-TEST-OCC-FDCC2558730BAA49,ELIGIBLE,READY_FOR_BASELINE_EXECUTION_PLANNING,kiln-baseline-preflight-001.csv#row-2849
ANARCHI-TEST-OCC-FDD52D2BAC4FB0A5,RUNNER_BLOCKED,RUNNER_RECONCILIATION_REQUIRED,kiln-baseline-preflight-001.csv#row-2326
ANARCHI-TEST-OCC-FDE57E0251B5075F,ELIGIBLE,READY_FOR_BASELINE_EXECUTION_PLANNING,kiln-baseline-preflight-001.csv#row-1439
ANARCHI-TEST-OCC-FDFD19CC3B6F902E,REQUIRES_SANDBOX,SANDBOX_TOPOLOGY_REQUIRED,kiln-baseline-preflight-001.csv#row-1306
ANARCHI-TEST-OCC-FE0997E3FBDF98C1,ELIGIBLE,READY_FOR_BASELINE_EXECUTION_PLANNING,kiln-baseline-preflight-001.csv#row-474
ANARCHI-TEST-OCC-FE1DB914B48001F8,REQUIRES_ISOLATION,ISOLATION_TOPOLOGY_REQUIRED,kiln-baseline-preflight-001.csv#row-2860
ANARCHI-TEST-OCC-FE1E057347B3F360,RUNNER_BLOCKED,RUNNER_RECONCILIATION_REQUIRED,kiln-baseline-preflight-001.csv#row-785
ANARCHI-TEST-OCC-FE33BCF40AFAA280,RUNNER_BLOCKED,RUNNER_RECONCILIATION_REQUIRED,kiln-baseline-preflight-001.csv#row-963
ANARCHI-TEST-OCC-FE705489AFB33D77,ELIGIBLE,READY_FOR_BASELINE_EXECUTION_PLANNING,kiln-baseline-preflight-001.csv#row-313
ANARCHI-TEST-OCC-FE707104FDC69B5B,RUNNER_BLOCKED,RUNNER_RECONCILIATION_REQUIRED,kiln-baseline-preflight-001.csv#row-1883
ANARCHI-TEST-OCC-FE889B52CA695110,ELIGIBLE,READY_FOR_BASELINE_EXECUTION_PLANNING,kiln-baseline-preflight-001.csv#row-1556
ANARCHI-TEST-OCC-FE8D335072F7608C,REQUIRES_ISOLATION,ISOLATION_TOPOLOGY_REQUIRED,kiln-baseline-preflight-001.csv#row-322
ANARCHI-TEST-OCC-FE8E214000DD8AD9,ELIGIBLE,READY_FOR_BASELINE_EXECUTION_PLANNING,kiln-baseline-preflight-001.csv#row-978
ANARCHI-TEST-OCC-FE96E1B1543EAD1F,ELIGIBLE,READY_FOR_BASELINE_EXECUTION_PLANNING,kiln-baseline-preflight-001.csv#row-1697
ANARCHI-TEST-OCC-FEA756A303459CDD,REQUIRES_ISOLATION,ISOLATION_TOPOLOGY_REQUIRED,kiln-baseline-preflight-001.csv#row-2547
ANARCHI-TEST-OCC-FEB1E5E77CC6DFB8,ELIGIBLE,READY_FOR_BASELINE_EXECUTION_PLANNING,kiln-baseline-preflight-001.csv#row-1204
ANARCHI-TEST-OCC-FEB482BAFBEB2101,RUNNER_BLOCKED,RUNNER_RECONCILIATION_REQUIRED,kiln-baseline-preflight-001.csv#row-642
ANARCHI-TEST-OCC-FEE8848D1BE2295E,ELIGIBLE,READY_FOR_BASELINE_EXECUTION_PLANNING,kiln-baseline-preflight-001.csv#row-1882
ANARCHI-TEST-OCC-FF08A9297925A478,RUNNER_BLOCKED,RUNNER_RECONCILIATION_REQUIRED,kiln-baseline-preflight-001.csv#row-1061
ANARCHI-TEST-OCC-FF2454EFEAB7EEA7,ELIGIBLE,READY_FOR_BASELINE_EXECUTION_PLANNING,kiln-baseline-preflight-001.csv#row-375
ANARCHI-TEST-OCC-FF36BF1B2227DA68,REQUIRES_ISOLATION,ISOLATION_TOPOLOGY_REQUIRED,kiln-baseline-preflight-001.csv#row-19
ANARCHI-TEST-OCC-FF3CD4375F06C5CA,RUNNER_BLOCKED,RUNNER_RECONCILIATION_REQUIRED,kiln-baseline-preflight-001.csv#row-423
ANARCHI-TEST-OCC-FF6F99554370498F,RUNNER_BLOCKED,RUNNER_RECONCILIATION_REQUIRED,kiln-baseline-preflight-001.csv#row-2070
ANARCHI-TEST-OCC-FF823E6764DF4389,ELIGIBLE,READY_FOR_BASELINE_EXECUTION_PLANNING,kiln-baseline-preflight-001.csv#row-3267
ANARCHI-TEST-OCC-FFA506B70638616F,RUNNER_BLOCKED,RUNNER_RECONCILIATION_REQUIRED,kiln-baseline-preflight-001.csv#row-840
ANARCHI-TEST-OCC-FFB69554FAA09BCD,ELIGIBLE,READY_FOR_BASELINE_EXECUTION_PLANNING,kiln-baseline-preflight-001.csv#row-682
ANARCHI-TEST-OCC-FFBB3F7298C17D90,REQUIRES_ISOLATION,ISOLATION_TOPOLOGY_REQUIRED,kiln-baseline-preflight-001.csv#row-2687
ANARCHI-TEST-OCC-FFF8E904128E1D48,REQUIRES_ISOLATION,READY_BUT_DIRTY_REPOSITORY,kiln-baseline-preflight-001.csv#row-50
ANARCHI-TEST-OCC-FFFE2CDC2EDE6B3C,RUNNER_BLOCKED,RUNNER_RECONCILIATION_REQUIRED,kiln-baseline-preflight-001.csv#row-706
